track_id,song_id,artist_id,artist_name,song_title,release,release_year,duration,artist_familiarity,artist_hotttnesss,genre,top_tags,n_words,nnz_words,l2_norm,is_test,TFIDF_dot,TFIDF_centered_dot,TFIDF_covariance,TFIDF_correlation,TFIDF_cosine,query_artist,query_songs
TRNQIOS12903CCF5E4,SOKNNUH12AB018D271,ARSEC9Q1187B98912D,Colin James,These Arms Of Mine,National Steel,1997,283.97669,0.523962423072,0.44086755723,blues,blues,115,36,22.068076,0,78.3250438284154,71.67738934861707,0.08959673668577134,0.33382680501338263,0.3538237972951243,Michael Jackson,All The Things You Are
TRRGAEJ12903CA37B6,SOLJQGJ12AB01872F6,ARROWYU1187B9AB4BB,Big Bad Voodoo Daddy,Please Baby,Big Bad Voodoo Daddy,1998,299.07546,0.620995693213,0.521712405225,jazz,jazz; swing,141,37,32.588341,0,63.46577964751708,57.33624449768708,0.07167030562210885,0.28407429500043724,0.3051595525279233,Michael Jackson,All The Things You Are
TREUPHA128F4278F34,SOTLPVB12CF5CFD7F3,ARXPPEY1187FB51DF4,Michael Jackson,Baby Be Mine,Thriller,1982,260.33587,0.855245195586,0.899991594263,pop,pop; 80s; michael jackson; soul; funk,377,120,56.071383,0,98.70535845066911,81.05918663573401,0.1013239832946675,0.26433981093943965,0.30170735811526317,Michael Jackson,All The Things You Are
TRHQAPS128F42A51F4,SOSWVVV12A8C13C21C,AR6J3X81187FB59A7B,Matisyahu,Fire and Heights,Live at Stubb's,2005,260.15302,0.83059250647,0.639798164281,reggae,reggae; jewish reggae; jazz; instrumental; jewish american,621,190,71.386273,0,176.36203803545283,119.36185905416235,0.14920232381770293,0.26158100130651957,0.34215067325403165,John Mayer,Vultures
TRQYLYP12903CC26F6,SOFXBUV12AB0187A06,ARVT7941187B9AEB48,Barry White,Never Gonna Give You Up,A Portrait of Dionne & Barry (CD2),1995,290.01098,0.724093528768,0.541876865526,r&b/soul,soul; Disco; Love; sexy; smooth,442,97,70.270904,0,143.1761605650394,106.12027186592812,0.13265033983241015,0.2669084762600574,0.32940827919320403,John Mayer,Vultures
TRWMHCZ128F42AE295,SOPJZCC12A8C13FF7B,AR6J3X81187FB59A7B,Matisyahu,Jerusalem,Youth,2006,240.24771,0.83059250647,0.639798164281,reggae,reggae; jewish; Hip-Hop; Matisyahu; hasidic reggae,480,143,63.741666,0,141.8860811385068,103.92524316916816,0.1299065539614602,0.2548344826639111,0.3182902209314574,John Mayer,Vultures
TRDPECV128F425D06C,SOLHSUR12A8C1372D3,AR1XEHY1187B991393,Heatmiser,Half Right,Mic City Sons,1996,262.05995,0.600305147344,0.383726226385,rock,Damned interesting; modern rock; All time favourites; elliott; makes me okay,147,74,20.59126,0,73.41476565106056,62.32275605912665,0.07790344507390831,0.2648186021700256,0.2977239544664077,John Mayer,Out Of My Mind
TREADOS128E078EC1F,SORAWSB12A6701FBC8,ARTH9041187FB43E1F,Eminem,If I Had,The Slim Shady LP,1999,245.55057,0.871010615313,0.879236744738,hip hop,Eminem; rap; Hip-Hop; hip hop; if i had,736,237,94.88414,0,162.4330703476232,121.36155582512161,0.151701944781402,0.2404004670676026,0.2921640239717053,John Mayer,Out Of My Mind
TRKCUZQ128F9337624,SODBAYW12AB018AAD3,ARHRC7V1187FB4D274,Gary Allan,Half Of My Mistakes,Living Hard,2007,270.62812,0.849006448486,0.598677920185,country,country; Awesome; country pop; gary allan; linedance 2008,264,96,40.062451,0,98.95414470634462,80.28752598454125,0.10035940748067657,0.2373534835791492,0.2764968207302844,John Mayer,Out Of My Mind
TRCETEN128F42AD6D0,SOXSRBF12D021B1340,AR4KTMS1187B9B4873,Bowling For Soup,Here We Go,Goes To The Movies,2004,188.36853,0.790405558589,0.56193424678,punk,pop punk; The Good Stuff; Bowling For Soup; pra skit,374,92,98.863542,0,140.36231137999638,114.47187034196216,0.1430898379274527,0.3014172856362297,0.3460019266546868,R. Kelly,Hump Bounce
TROOXHY128F42645A4,SOBJWZJ12A8C1300E8,ARB4QF71187FB4FB4E,Wade Hayes,Don't Stop,Old Enough To Know Better,1994,165.14567,0.596025053661,0.360279434862,country,country; the best; Love; Awesome; country two step,272,88,37.735925,0,143.6593719681543,116.96684383291526,0.14620855479114409,0.2948051861970272,0.33925562526498104,R. Kelly,Hump Bounce
TREKDZI128F146A972,SOLFMIZ12A6D4F8330,AR1WWVL1187B9B0306,UB40,Here I Am (Come And Take Me),The Very Best Of,1989,242.15465,0.757417813383,0.563941252024,reggae,reggae; 80s; UB40; pop; ska,271,94,43.451122,0,123.79349416671629,97.61340044772606,0.12201675055965758,0.2811058537174365,0.33139706999048885,R. Kelly,Hump Bounce
TRGVOYR128F9336E5A,SOPWGZI12AB018332B,ARLHO5Z1187FB4C861,Beastie Boys,Pass The Mic (Pt. 2_ Skills To Pay The Bills) (2009 Digital Remaster),Check Your Head (Remastered Edition),0,263.02649,0.853124523276,0.603296081446,hip hop,hip hop,560,181,68.847658,0,216.19287954472208,146.75433762240064,0.1834429220280008,0.2700724555596221,0.35258464957091423,R. Kelly,Intro - The Sermon
TRFUJVJ128F426F2A2,SOONCPO12AF72A1986,AR8W8P31187B9A4063,Lauryn Hill,Interlude 5,MTV Unplugged No. 2.0,2002,734.48444,0.697206464376,0.580125198887,r&b/soul,ms hill; the realness; The Truth; true; rnb,1903,409,215.044182,0,386.37062301779605,195.92225239076672,0.24490281548845838,0.21603035385586403,0.3430340905035263,R. Kelly,Intro - The Sermon
TRTUCHE128F425B7CC,SOMQFTM12AB0181667,AR7C6G11187B9B4C1E,Jennifer Lopez,The Way It Is,Brave,2007,187.45424,0.877119424278,0.56091265733,pop,pop; affirming; rnb; love song; tangy,416,84,91.038453,0,120.06700371388403,92.16872332450004,0.11521090415562504,0.282788100711289,0.3382566839745338,R. Kelly,Intro - The Sermon
TRIPIMD128F92D3E12,SOQSJPL12AF729C98D,ARVRTM31187B9A80FC,Ryan Leslie,Just Right,Ryan Leslie,2005,285.70077,0.710724395917,0.55479905738,r&b/soul,rnb; chill; r&b; love songs; cool lyrics,684,122,109.187911,0,271.10241459181435,205.5374263589853,0.25692178294873164,0.3209059754271124,0.3835272957023939,Michael Jackson,Call On Me
TRZSQNU128F1461A9A,SOSKIZH12A6D4F7B05,ARTYQLR1187B98DA19,Eternal,Oh Baby I,Changing Faces - The Best Of Louise,0,273.21424,0.61510281663,0.379554849312,r&b/soul,rnb; soul; pop; love song; Mellow,444,95,79.636675,0,200.4126402146705,150.09015280814768,0.1876126910101846,0.2977159665699159,0.3609153838264819,Michael Jackson,Call On Me
TRKTFAD12903CB80A0,SORPORK12AB0189A61,ARHG1ZS1187B98C026,Matt Wertz,5:19,Everything In Between,2006,187.61098,0.726971578772,0.51588963414,folk,Matt Wertz; acoustic; singer-songwriter; indie; easy listening,212,73,36.769553,0,129.00382122891222,99.3749930170083,0.12421874127126037,0.2937370937322188,0.3492689868880623,Michael Jackson,Call On Me
TRBQTNZ128F42B09DF,SORZTAS12A8C13E0F6,ARD0NSF1187B98E3F6,Udo,What Can I Say,U-Turn,0,193.43628,0.535689256649,0.0,metal,metal; heavy metal,234,79,37.121422,0,76.00235901857927,59.35014540432609,0.07418768175540762,0.23641812027629525,0.28387782377696474,The Black Keys,Oceans and Streams
TRFNFSL128F146E882,SOPOWVI12A6D4F4F91,AROFZYA1187B9AC863,Lemar,Time To Grow,R&B Lovesongs,2004,219.34975,0.644606789212,0.428514820477,r&b/soul,rnb; soul; Love; Lemar Time to Grow; pop,324,112,50.783856,0,101.1894569823939,74.22977878791329,0.09278722348489161,0.225176074124797,0.2829780824267778,The Black Keys,Oceans and Streams
TROSMJT128F42917CB,SOGKRFR12A8C13CB89,ARQ8VKP1187B9AEB31,Gabrielle,Dreams,90's Pop Pre-Cleared Comp,1993,381.25669,0.658799883547,0.449544067663,r&b/soul,soul; pop; 90s; female vocalist; rnb,479,96,93.888231,0,109.18965993132817,83.45261009078996,0.10431576261348745,0.226879272322125,0.27730858603431674,The Black Keys,Oceans and Streams
TRONMKQ128F4266B98,SOPGGDC12A8C134FF3,AR88ALP1187FB3669B,Fishbone,Bonin' In The Boneyard,The Essential Fishbone,1988,285.59628,0.67816660424,0.40031397173,r&b/soul,funk; rock; funk metal; funky; Funk Rock,167,18,82.383251,0,63.08036067728355,60.09033588948669,0.07511291986185836,0.4012205699845164,0.41092873200223495,The Black Keys,10 A.M. Automatic
TRGKRLH128F425788B,SOHSVHB12A8C13973D,ARAOBIZ1187FB38574,Johnny Winter,Rockin' Pneumonia,Blue Suede Shoes,1974,129.20118,0.749711707474,0.452380503907,blues,Guitar Gods; Texas Blues; Southern Rock; delta blues; favorites,30,17,5.567764,0,24.610836310055344,23.13217001984037,0.028915212524800463,0.33290032099361433,0.3453251607258264,The Black Keys,10 A.M. Automatic
TRRDVVU12903CD20F1,SOETIJA12AB018BECA,ARZ79B31187FB4F562,Percy Sledge,Baby Help Me,The Very Best Of,1968,149.99465,0.745844867409,0.501052749368,r&b/soul,funk; laidback; northern soul; rhythm-n-blues; soul,179,73,29.883106,0,69.62686609796404,59.741021981780705,0.07467627747722588,0.29048719802810885,0.3228046834011954,The Black Keys,10 A.M. Automatic
TRRMQYQ128F42765E7,SOGJSUY12A8C133398,ARLUAK21187B9B785A,Ziggy Marley And The Melody Makers,13 Months Of Sunshine,The Spirit Of Music,0,270.13179,0.750479817142,0.538491127504,reggae,reggae,263,59,31.953091,0,54.361766907838856,49.40110303552074,0.06175137879440093,0.33451866150126996,0.35608490895083494,The Black Keys,Aeroplane Blues
TRHLIDH128F426150F,SOOWDXU12A8AE4815F,ARNE16X1187B9B2DEE,Jimmy Cliff,Sufferin' In The Land,Wonderful World Beautiful People,1969,178.31138,0.672199944412,0.466784211628,reggae,reggae; male vocals; fu; vitamins faves; Reg-i-die,94,44,16.941074,0,37.510232443490764,34.67274202403748,0.043340927530046855,0.30445558606158557,0.32122032787994115,The Black Keys,Aeroplane Blues
TRZYEUM128F422BD98,SOQBRNE12A6D4FC212,AROR04Q1187FB4DC24,The Cave Singers,Elephant Clouds,Invitation Songs,2007,241.73669,0.646657117689,0.408247641891,folk,folk; summer; freak folk; Lo-Fi; indie folk,135,72,15.362291,0,37.25625597507249,32.314006258784644,0.040392507823480805,0.26076231331501326,0.2887049104200339,The Black Keys,Aeroplane Blues
TROKNFL128F4290534,SOKNQBS12A8C13F15D,ARKZ68G1187B98B189,Gang Of Four,Outside The Trains Don't Run On Time,Nervous Tension,1980,206.8371,0.683845006608,0.454785379496,punk,post-punk; Post punk; 1980s; 1980; new wave,129,39,21.470911,0,207.57360168280417,192.97751287405958,0.24122189109257447,0.4603499476131318,0.4779317461993666,The Black Keys,All Hands Against His Own
TRRUKSD128F9322FEF,SONYFZL12AB018468A,AROQMWV1187FB3781A,Jill Scott,Brotha,Who Is Jill Scott?,2000,207.80363,0.814622989079,0.53031515062,r&b/soul,Neo-Soul; soul; smooth; jazz; chill906,263,59,63.261363,0,269.3721923276803,248.57250050427328,0.3107156256303416,0.4390679728279622,0.4585728531941818,The Black Keys,All Hands Against His Own
TRCQZCM128F425FD8C,SONGPQL12A8AE45DE5,ARA3I0J1187FB57869,Blink-182,GO,Greatest Hits,2003,111.75138,0.851351443053,0.582346373958,punk,punk rock; pop punk; punk; alternative rock; rock,192,76,40.373258,0,215.79498367906658,194.69344954714492,0.24336681193393114,0.41553536896423193,0.4407217351770494,The Black Keys,All Hands Against His Own
TRUGJBZ128F92FD845,SOHXKYR12AB017C5D3,ARYBFTU1187B9AE5D0,The Donnas,Take Me To The Backseat (Album Version),Spend The Night,2002,142.41914,0.758667044318,0.560348382084,rock,rock; punk rock; punk; alternative; female vocalists,253,63,43.081318,0,68.74978008302547,62.86607021353627,0.07858258776692034,0.3807779530304691,0.40154929704540376,The Black Keys,Black Door
TRPBVCZ128EF3624B7,SOZMTZR12A6D4F6774,ARCMYSA1187FB4A8E8,Masta Ace Incorporated,Jeep Ass Niguh,Slaughtahouse,1993,282.67057,0.568411982351,0.392075780142,hip hop,Hip-Hop; Oldschool Hip-Hop; hip hop; underground hip hop; mast ace,588,236,56.373753,0,92.00491687882672,72.86507206310287,0.0910813400788786,0.27043126838120685,0.3091774593488237,The Black Keys,Black Door
TRZSQNU128F1461A9A,SOSKIZH12A6D4F7B05,ARTYQLR1187B98DA19,Eternal,Oh Baby I,Changing Faces - The Best Of Louise,0,273.21424,0.61510281663,0.379554849312,r&b/soul,rnb; soul; pop; love song; Mellow,444,95,79.636675,0,68.7322916506626,58.752098603914504,0.07344012325489313,0.2771741243567831,0.30754823060929,The Black Keys,Black Door
TRALKUS128F42384AC,SOEOKHN12A81C2160D,ARVKB9G1187B990C70,Keith Sweat,Caught Up,Didn't See Me Coming,2000,318.35383,0.740028701828,0.481818352667,r&b/soul,keith sweat; rnb; slow jams; soul; Hip-Hop,673,147,102.805642,0,261.4259867500761,199.94949798326437,0.24993687247908045,0.2698183713073984,0.324248368434438,The Black Keys,Busted
TRJYWWT128F428B91F,SOJAKGK12A8C13A5A0,ARPKKQO1187B9A0037,Heideroosjes,If Trust Is Broken...,Schizo,1999,110.44526,0.577574621409,0.406029167399,punk,punk rock,108,73,14.491377,0,103.02985653024764,85.95879306705444,0.10744849133381805,0.28022358990612367,0.31815655403347143,The Black Keys,Busted
TRXRJZZ128F42BC247,SOOMIBO12A8C142F94,ARN7POH1187B9B301E,Jessica Simpson,These Boots Are Made For Walkin',A Public Affair,2005,239.49016,0.772518285041,0.578790799175,pop,pop; Jessica Simpson; dance; sexy; Songs to dance to,381,134,44.31704,0,190.14071134874274,145.85678699245136,0.1823209837405642,0.24691573286391794,0.298779864302754,The Black Keys,Busted
TRBGUJV128E078FE5D,SOJUIXL12AF729FE1E,ARW8Z0L1187FB5091A,Dru Hill,Share My World,Dru Hill,1996,267.51955,0.675814548354,0.473580998559,r&b/soul,rnb; male; Favorite; r and b; stream,405,103,58.762233,0,81.10481646476546,66.37637930883916,0.08297047413604895,0.2961880285407958,0.3385618035136831,The Black Keys,Give Your Heart Away
TRZNHJN128F4293FC2,SOVODWN12D02199268,ARJGIOD1187B9AE920,Kelly Clarkson,Anytime,Thankful,2003,245.75955,0.870239753381,0.644977455947,pop,pop; Kelly Clarkson; female vocalists; female vocalist; female,384,92,59.799666,0,69.19023452757452,56.663638118511564,0.07082954764813945,0.2920033575735993,0.33404400665249234,The Black Keys,Give Your Heart Away
TRIBBGP128F14903BE,SOTSSMB12A6D4FB7FB,ARYRSHL1187B98F3EB,Sean Lennon,One Night,Into The Sun,1998,126.53669,0.692967709887,0.51524695631,pop,la muerte; pop; The Beatles; beatles; rivers all time favorite albums,172,72,25.298221,0,54.373760423980755,45.65782775952937,0.05707228469941171,0.29503198293003513,0.33238017564764855,The Black Keys,Give Your Heart Away
TRGQGZP128F424D8B7,SOQXPEH12A6D4FE1DB,ART70HI1187B9A37BC,Elmore James,Whose Muddy Shoes,The Very Best Of,1991,199.83628,0.619366855459,0.43482343141,blues,blues; Early RB; Chicago Blues; Classic Blues; acoustic blues,183,62,26.645825,0,83.15794750982987,72.50396938795846,0.09062996173494808,0.3298141133837965,0.3607213994761934,The Black Keys,Grown So Ugly
TRYPHVM128F42437C0,SOBOVMY12A6D4FB4E9,AR06M3F1187FB38BED,Mississippi Fred McDowell,Louise,You Got To Move,1964,238.52363,0.603268921561,0.385305378334,blues,blues; Old Blues; guitar blues; Classic Blues; jazz blues,253,101,37.696154,0,104.54111964774714,87.14217819303373,0.10892772274129216,0.29930661801950176,0.3386997827673311,The Black Keys,Grown So Ugly
TRNVKOI128E0799173,SOIYRHZ12A67AD8126,ARZ5H0P1187B98A1DD,Snoop Dogg,Snoopafella (Edited),The Best Of Snoop Dogg,0,263.54893,0.853831633625,0.608910282835,hip hop,rap; 90s hip-hop; FAV all time,948,322,98.833193,0,138.6706013132764,92.57975976694176,0.1157246997086772,0.24587179363709624,0.3170216853353793,The Black Keys,Grown So Ugly
TRYRGJV128F42690CC,SOOLZTM12A58A7B918,ARW3LUX1187FB5C4C0,The Jacksons,Enjoy Yourself,R&B: From Doo-Wop To Hip-Hop,1976,204.87791,0.685072024415,0.521849850096,r&b/soul,soul; pop; jacksons; 70s; rnb,318,77,61.90315,0,113.98164442143,101.1735356626988,0.1264669195783735,0.3842375826348613,0.4127939008864305,The Black Keys,Hard Row
TRBSKJC12903CF3C64,SOSBPHK12D02190471,ARIJE1A1187B9A458D,Ella Fitzgerald,Let Yourself Go,Ella Fitzgerald Sings The Great Ameriacan Songwriters Vol 3,1986,135.94077,0.799504075438,0.541654000136,jazz,jazz vocal; vocal jazz; love songs; soft; Smooth Jazz,170,61,26.870058,0,77.49677158809875,68.40658216253712,0.0855082277031714,0.3217388192832361,0.3494767766393314,The Black Keys,Hard Row
TRDBFQH128E07933C2,SOXKRVD12A679C803C,AR37XMN1187B9AC408,Lighthouse Family,Whatever Gets You Through The Day,Whatever Gets You Through The Day,2001,280.45016,0.663229687567,0.402167047517,jazz,easy listening; Love; All time favourites; life; Acid-Jazz,309,80,45.022217,0,91.09634791623502,76.59315977038433,0.09574144971298042,0.2984525215735433,0.3357116162525007,The Black Keys,Hard Row
TRAIBCE128F428F082,SOKWUAB12A8C1386FE,ARJ6G8F1187B9B724F,Fairground Attraction,Winter Rose,The Collection,1990,211.98322,0.559527172767,0.364942450101,folk,Scottish; folk; acoustic; chill; best,88,26,15.033296,0,46.661351846111856,44.655770738137484,0.055819713422671856,0.377166992583767,0.3867543745297671,The Black Keys,I Got Mine
TRRGAEJ12903CA37B6,SOLJQGJ12AB01872F6,ARROWYU1187B9AB4BB,Big Bad Voodoo Daddy,Please Baby,Big Bad Voodoo Daddy,1998,299.07546,0.620995693213,0.521712405225,jazz,jazz; swing,141,37,32.588341,0,65.30337812406128,60.471933362321224,0.07558991670290154,0.352592068223336,0.37032913562248565,The Black Keys,I Got Mine
TREKKYO12903CB0F4A,SOQFKAW12AB01870FE,ARRU9GR1187FB43F56,Blind Willie McTell,Rollin' Mama Blues,Experience Blues,1932,183.48363,0.591428551964,0.385344913733,blues,blues; mississippi; Classic Blues; rude blues; dirty old blues,196,76,30.199338,0,71.08485020072263,63.294017293155946,0.07911752161644493,0.3201457760710266,0.3451403260481922,The Black Keys,I Got Mine
TRCPATC128F9318EE7,SOBXKKJ12AB0183D6E,AR180HL1187FB51B75,Katerine,Treat Me Like A Lady,Overdrive,0,216.5024,0.609016099987,0.48461993716,pop,dance; pop; electronic; 00s; Dancemania,273,103,46.829478,0,91.18188243648281,79.57092162904259,0.09946365203630324,0.32073361853732135,0.3502846446530241,The Black Keys,If You See Me
TRHDFNW12903CCD371,SOXUYLC12AB018E1DF,ARBJ5U71187FB52A76,Buddy Holly,Door To My Heart,Rave On: The Very Best Of &,1965,141.76608,0.686669419343,0.512312380865,country,oldies; country; rockabilly; american; 60s,96,40,17.349352,0,42.362877712293994,38.74789184123068,0.04843486480153835,0.3135721527424265,0.33299181842709674,The Black Keys,If You See Me
TRWYRGB128F426783D,SODOPOK12A58A8174F,ARNE16X1187B9B2DEE,Jimmy Cliff,Treat The Youths Right,We All Are One: The Best Of Jimmy Cliff,1982,223.50322,0.672199944412,0.466784211628,reggae,reggae; happy; roots; roots reggae; 80s,385,85,58.957612,0,82.84707931401306,72.99223670418084,0.09124029588022604,0.28649577191008585,0.31295832015709324,The Black Keys,If You See Me
TRXONNE128F145A821,SOKLGKV12A6D4F6BD8,ARXB14W1187B9B33DE,Warlock,Kiss Of Death,Triumph And Agony,0,246.15138,0.591299263245,0.409842174023,metal,heavy metal; hard rock; Megadeth; Female fronted metal; Power metal,296,94,43.439613,0,102.83636006125215,84.91870285680248,0.10614837857100311,0.270988543363151,0.3104165524557226,The Black Keys,Lies
TRMZDUY128EF3444ED,SOANHPJ12A67ADC8CF,ARE66XI1187B9B8743,Ian McCulloch,Close Your Eyes,Candleland & Mysterio [Extended Editions],1992,279.71873,0.552251870824,0.348348788233,punk,post-punk; 1990s,209,81,32.817678,0,80.49083051514698,64.38783795874349,0.08048479744842936,0.2602898578325515,0.3053264652465491,The Black Keys,Lies
TRITIFV128F4294213,SOUJGZV12A8C1397FF,ARHJIKW1187B9ACE16,Pop Will Eat Itself,I've Always Been A Coward Baby,16 Different Flavours Of Hell,1993,208.40444,0.602499629683,0.39855222137,electronic,industrial; techno; trance; electronica; club,215,84,30.967725,0,82.51514424135596,66.2060187821633,0.08275752347770413,0.2566041782968493,0.300697743589579,The Black Keys,Lies
TRJFZZH128F92D2026,SOAXNAH12A8C132CB9,ARTASUV1187B9A2B67,Frank Sinatra,The Girl That I Marry,Sinatra Rarities - The CBS Years,1991,183.69261,0.838940224158,0.56266192634,jazz,jazz; vocal; columbia,122,38,23.790755,0,72.48119218763655,64.89385063242128,0.0811173132905266,0.3128762245779105,0.33575818723326717,The Black Keys,Next Girl
TRPTSIB128F425EA4D,SOLBOLW12A8C14579E,ARK36B71187FB589D2,Paul Potts,Cavatina,One Chance - Christmas Edition,2007,229.98159,0.690856950177,0.384766646253,classical,Classical; opera; classic; relaxing; tenor,111,62,17.635192,0,82.87426975862485,70.35356952657783,0.08794196190822229,0.296102763624829,0.33122606885965583,The Black Keys,Next Girl
TRBGCTC12903D0C1E2,SOBELBD12A58A7CD17,ARTASUV1187B9A2B67,Frank Sinatra,The Girl Next Door,My Kinda Town,1954,157.93587,0.838907967531,0.56266192634,jazz,jazz; 50s; frank sinatra; crooner; swing,124,67,19.442222,0,83.51200038446883,70.5899276610734,0.08823740957634175,0.2917931650775202,0.32761495410447483,The Black Keys,Next Girl
TROPHLE128F14546AE,SOFAXTF12A6D4F7600,ARLR9U31187B9A71AD,The Stooges,No Fun (Remasterd LP Version),The Stooges [Deluxe Edition],0,318.37995,0.732603394424,0.497050958692,punk,tantotempotaste; punk; 70s; rock n roll; hea,136,54,27.055499,0,209.6796133760853,201.23887292037855,0.2515485911504732,0.6557596405180779,0.6646743300372232,The Black Keys,No Fun
TRWSWDF128F92ECDDA,SOZDZTA12AB017CCAF,ARX2DLI1187FB4DD03,The Presets,Kicking And Screaming,The Bang Gang Deejays 'D Is For Disco_ E Is For Dancing',2008,184.76363,0.72486448152,0.524449470713,electronic,electronic; australian; electropop; electro; dance,177,49,37.403208,0,100.52911315569105,93.67360350278875,0.11709200437848594,0.3460399580720138,0.36214574970551544,The Black Keys,No Fun
TRPKFPV128F1467D67,SODPYEI12A6D4F7163,ARYML1P1187B9AF39B,Devo,Time Out For Fun,Oh No It's Devo / Freedom Of Choice,1982,167.23546,0.707839968442,0.532445870959,punk,77davez-all-tracks; new wave; post-punk; 80s; coke party,247,92,36.674242,0,110.91029785271898,99.3916407054105,0.12423955088176313,0.32651907063521945,0.34947955496185706,The Black Keys,No Fun
TRKFHUS12903CE01E9,SOPPVLJ12A58A7B931,ARNDB1X1187B990AA0,Suicidal Tendencies,I Shot The Devil,Suicidal Tendencies,1983,111.12444,0.736677413341,0.526182556347,punk,punk; hardcore; crossover; 80s; metal,169,39,35.185224,0,109.05292012883353,100.47335542689291,0.12559169428361613,0.34296503581870547,0.36147734078795424,The Black Keys,Stack Shot Billy
TRVPHEE128F14B1263,SOEWUNT12A6D4FC8C8,ARWT91C1187B9ACEAA,Neil Young,Down By The River [Live At Massey Hall 1971],Live At Massey Hall 1971,2007,248.842,0.777730096336,0.584474150643,folk,acoustic; song noir; Southern Rock; folk; sad,187,57,27.221315,0,111.1107804070008,99.15525981093107,0.12394407476366384,0.3286827208489083,0.3541920714938153,The Black Keys,Stack Shot Billy
TRWBSOS128F426A1CC,SOQULAF12A8C132007,AR5FP401187FB523C9,Bob Dylan,Shot Of Love,Shot Of Love,1981,260.07465,0.675384811998,0.633339908702,blues,blues; 70s; ok; Southern Rock; folk,369,134,59.724367,0,123.600528850987,104.13689007034885,0.13017111258793607,0.30891821425221194,0.34448904537820696,The Black Keys,Stack Shot Billy
TROBUHQ128F149D98B,SOMXSFN12A6D4FB088,AR3AY3R1187FB52CF0,Tracy Byrd,Right About Now,No Ordinary Man,0,198.42567,0.692973745052,0.442392092613,country,country; beautiful; my favorite; great song; classic country,201,97,22.045408,0,92.48321272532503,74.35540533216458,0.09294425666520573,0.27631759873981576,0.3215858754059264,The Black Keys,Ten Cent Pistol
TRNMNVL128F42BCCD1,SOTLWMR12A8C13FD0A,ARX9KBJ1187FB3A99C,Alabama,Lady Down On Love,Alabama Live,1988,231.26159,0.700372111565,0.523497716068,country,country; Alabama; romantic; classic country; lady down on love,234,103,31.796226,0,94.37567148014054,74.2729379585326,0.09284117244816574,0.2561269282930691,0.30384065086483375,The Black Keys,Ten Cent Pistol
TRMVGUP128E0792615,SOVDECX12A67021676,ARC4K2E1187B9B6FDA,Marilyn Manson,Cyclops,Portrait Of An American Family,0,215.27465,0.826096084047,0.566194830308,metal,industrial; metal; rock; marilyn manson; alternative metal,121,34,30.545049,0,64.05295106325813,57.5037352286488,0.071879669035811,0.28075127881332657,0.3016933514840455,The Black Keys,Ten Cent Pistol
TRZDBBB12903CE7208,SOUQKEE12AC960DE13,ARE2IB51187B98BD14,ERIC SARDINAS,Flames of Love,BLACK PEARLS,2003,223.16363,0.606788624177,0.395534372849,blues,blues; blues rock; rock; allboutguitar; Karlsruhe,168,57,28.861739,0,89.24812267927959,80.31252382288791,0.1003906547786099,0.3822092814490332,0.40740267927254575,The Black Keys,The Flame
TRKWXOA128F424A78F,SOJPGMO12A8C136D25,ARA7WV51187FB532B0,GG Allin,Kissing The Flames,The Troubled Troubadour,2000,155.55873,0.632367593971,0.384327716288,country,country; mark sheehan,147,54,32.526912,0,90.6085081613586,83.06239656341626,0.10382799570427031,0.3744057304747909,0.39458570458723463,The Black Keys,The Flame
TRSCRSV128F92F3D0B,SOHAGMZ12A8C140703,ARKG7TE1187B9A45D8,Dinah Washington,Wheel Of Fortune,Classic Jazz Vol 3,1987,340.6624,0.615145484223,0.461376141727,jazz,jazz; female vocalist; 50s; 1952,141,53,18.493242,0,57.86307181768632,51.752096828770725,0.0646901210359634,0.3308544379325922,0.3559311966752845,The Black Keys,The Flame
TRVVRNW128EF362423,SOOLJWO12AF72A304D,ARZ5CKV1187B9AE71A,The Brand New Heavies,Last to Know,Shelter,1997,265.01179,0.699823464073,0.49339787214,jazz,acid jazz; funk; electronic; pows bar; non-rap,530,118,67.786429,0,173.6388072573337,132.85249816841522,0.16606562271051903,0.2716543240626588,0.3273610145068826,The Black Keys,These Days
TRSIJOP128F9314929,SOOWNCS12A8C1423B8,ARREC0D1187FB3E7C1,Rich Mullins,The Howling,The World As Best As I Remember It_ Vol. 1,1991,201.01179,0.587021230406,0.452877191922,folk,acoustic; favorites; contemporary christian; ccm; christian,339,154,40.049969,0,122.36750320384662,90.09096918220807,0.11261371147776009,0.2601883616457552,0.3222286435427447,The Black Keys,These Days
TRUDTXB128F423C537,SOGQZMP12A8AE4542F,ARGVJPK1187B9909EA,Josh Groban,Vincent (Starry_ Starry Night) (Album Version),Josh Groban,2001,277.002,0.765357013064,0.755149913058,classical,Classical; chillout; french; pop; opera,274,119,31.953091,0,97.04251129325458,73.07091210847183,0.09133864013558979,0.23908626533571503,0.2942971396329301,The Black Keys,These Days
TRSRAVI128F42636EE,SOBYRLD12A8C133433,AR0AVIB1187FB37D01,Regina Belle,Just Don't Want To Be Lonely,Reachin' Back,1995,244.94975,0.56602430216,0.384601685548,r&b/soul,soul; warm; feel good; groovy; love songs,235,48,48.74423,0,63.092749054996524,55.71736009607672,0.0696467001200959,0.30777913862448825,0.3348353249530741,The Black Keys,When The Lights Go Out
TRJWTIG128F427E648,SOLXXSN12A8C13AC3C,ARCLBRR1187B98CCE7,Chemlab,Force Quit,Oxidizer,2004,276.11383,0.513136005627,0.36835873264,rock,industrial; industrial rock; sprinkle with angel dust and serve; Awesome; metallica,157,91,18.303005,0,53.473994200488676,43.835659665641444,0.05479457458205181,0.2523180993655677,0.29124156743377655,The Black Keys,When The Lights Go Out
TRRKTYG128F428939A,SONGVHA12A58A7AE3E,ARE66XI1187B9B8743,Ian McCulloch,Playgrounds And City Parks,Slideling,2003,197.53751,0.552251870824,0.348348788233,punk,post-punk; indie; all time faves; 2000s; bunnymen heaven,177,77,31.416556,0,60.47605103926629,50.545351326906356,0.06318168915863294,0.25313900300473857,0.2884330337169986,The Black Keys,When The Lights Go Out
TRDRHRG128F428BBDB,SOLXQHT12A8C13BE14,ARN9Q881187FB3D951,The Dells,I Miss You,Standing Ovation - The Very Best Of The Dells,1997,261.45914,0.591696068822,0.387333145782,r&b/soul,soul; rnb; smooth; Old School soul; oldie,293,107,59.059292,0,144.65609187976276,126.83512976774287,0.1585439122096786,0.4000576616896386,0.4311475064344073,The Black Keys,Have Love Will Travel
TRYLINA128F1459E1C,SOOZOFD12A6701DF50,ARUJZFJ1187B9B135F,Shania Twain,I'm Not In The Mood (To Say No)!,Up!,2002,207.56853,0.870033796618,0.546326119552,country,country; pop; female vocalists; shania; gotanygoodmusic female vocalists,430,70,73.123184,0,151.38065188444844,133.73383740050426,0.16716729675063033,0.3531317376986657,0.3818669976174173,The Black Keys,Have Love Will Travel
TRGEMSN128E07944A8,SOKCEXR12A6701C3EB,ARAZCWP129462A97F1,Bob Marley & The Wailers,Reggae On Broadway,Man To Man,0,193.09669,0.780264380801,0.570106511951,reggae,reggae; the mother of the lion; sebreggae,302,52,67.052218,0,94.59799398338535,84.3308378858829,0.10541354735735363,0.34207793763701555,0.3683795151604292,The Black Keys,Have Love Will Travel
TRHQIZI128F42A0297,SOMINWR12AF72AB038,AR9L6R11187B9AA3F2,Duran Duran,All Along The Water,The Singles Box 1986 - 1995,1990,231.31383,0.777839247578,0.590400936943,pop,pop; dance; tangy; groovy; House,283,73,59.270566,0,180.01222578324385,154.45926458710008,0.1930740807338751,0.30808077620946794,0.3406363422886934,Ray Charles,C.C. Rider
TRSEKGC12903CAB349,SOEWPKA12AB0187D87,ARD5ZH01187FB3C0E5,Fats Domino,Careless Love,Rock And Rollin',1956,102.03383,0.745575312839,0.491707370037,blues,Fats Domino; blues; piano; rnb; rhythm and blues,66,29,16.062378,0,53.993321713592785,47.454893255039906,0.05931861656879988,0.30044830643213055,0.3262360448926654,Ray Charles,C.C. Rider
TRKBMKY128F4267E1B,SOODCRT12A8C132933,ARJT7OG1187FB3A07F,Molly Hatchet,The Price You Pay,Molly Hatchet,1978,185.80853,0.671893784266,0.408077859618,rock,Southern Rock; rock; blues rock; classic rock; 70s,256,103,32.939338,0,142.99192314820206,110.07099248593468,0.13758874060741835,0.25657939650025247,0.3095332777093186,Ray Charles,C.C. Rider
TRSWHDW128F14947CF,SOPFOON12A58A7925C,AR56P361187B9AC4DB,Gary Moore,Only Fool In Town (2002 Digital Remaster),After Hours,1992,232.51546,0.761362238446,0.457481011892,blues,guitar; blues; blues rock,241,60,39.572718,0,166.7491999659459,146.70558180752738,0.18338197725940922,0.40104074681102947,0.4316836006551533,Ray Charles,I Got a Woman
TRDTMEB128F92EFA68,SOHJDPV12A8C1435AD,ARBFDJW1187B9AD27A,The Fabulous Thunderbirds,Full-Time Lover,The Fabulous Thunderbirds,1979,282.64444,0.623154283971,0.429353514999,blues,blues; blues rock; manupoda,178,70,31.937439,0,140.58751833701433,120.14831687033164,0.15018539608791456,0.3438143203314197,0.3798647058354821,Ray Charles,I Got a Woman
TRIYNIM128F145F8FA,SOZWPSF12A8AE48BA4,ARMJXRP1187FB461A0,Ohio Players,It's All Over,Funk On Fire - The Mercury Anthology,1974,254.74567,0.737536569987,0.44483436955,jazz,drjazzmrfunkmusic; 70s; its all over; Jazz  Funk; metro funky,246,67,59.69087,0,117.0033478674845,99.04639477669244,0.12380799347086555,0.3338366062936843,0.37173208330659385,Ray Charles,I Got a Woman
TRHJRZH128F428BC86,SOEWJIT12AF72A186E,ARGCVZG1187B9B916F,Hayseed Dixie,Black Dog,A Hot Piece Of Grass,2005,187.58485,0.633049366774,0.429734811931,country,bluegrass; cover; country; hillbilly; psychobilly,273,111,48.579831,0,138.57148134751674,117.38697410620996,0.14673371763276244,0.3004333497688049,0.3357026124527507,Ray Charles,The Sun's Gonna Shine Again
TRJAPND128F42507C5,SOZUOXB12A81C22A66,ARJK7JU1187FB4C3F3,Simian Mobile Disco,I BELIEVE,SAMPLE AND HOLD: Attack Decay Sustain Release REMIXED,2006,309.57669,0.750813999633,0.575685760236,electronic,electronic; dance; electro; electronica; new rave,355,87,68.651293,0,113.1120927831687,96.87632773803233,0.12109540967254041,0.29919760970521025,0.3323088721027487,Ray Charles,The Sun's Gonna Shine Again
TRCANIV128F428062F,SOFXKZC12A8C13B926,ARNMHWR11F4C83B384,The Kingston Trio,When The Saints Go Marching In,The Kingston Trio Live,1989,126.32771,0.512779338299,0.287920151837,country,country; folk; acoustic,201,52,33.346664,0,79.91661481235387,70.73255656232251,0.08841569570290314,0.27890141769695076,0.30403978041413954,Ray Charles,The Sun's Gonna Shine Again
TRALKUS128F42384AC,SOEOKHN12A81C2160D,ARVKB9G1187B990C70,Keith Sweat,Caught Up,Didn't See Me Coming,2000,318.35383,0.740028701828,0.481818352667,r&b/soul,keith sweat; rnb; slow jams; soul; Hip-Hop,673,147,102.805642,0,148.83732808756906,119.87110520591037,0.14983888150738797,0.28601031737395005,0.32916984909027497,Ray Charles,Losing Hand
TRMDJHR128F92F84FC,SOJCHKR12AB018023B,ARCB9IH1187FB52D15,The Emotions,I Don't Wanna Lose Your Love,The Masters Series: Funk Vol 1,1976,240.16934,0.638475883027,0.411904524979,r&b/soul,soul; funk; Love; Disco; emotions,564,113,109.872654,0,115.68246988274831,95.56190394712885,0.11945237993391107,0.27265746529538676,0.3111146676583439,Ray Charles,Losing Hand
TREXHBK128F9312A37,SONCSOX12AB017F3A5,ARTN7KV1187FB4CF64,Amerie,Higher,In Love & War,2009,172.22485,0.824199579564,0.512522676107,r&b/soul,real; soul; groovy; vocalization; feel good,397,106,62.705662,0,106.5506152394152,86.34461554632242,0.10793076943290301,0.2627590007544304,0.3039388107958252,Ray Charles,Losing Hand
TRXKZZM128F9336E7C,SOQIZVC12AB0187899,ARVBJGB1187FB5196B,Adina Howard,Nasty Grind,The Second Coming,2004,209.78893,0.690447147699,0.447691263846,r&b/soul,rnb; Neo-Soul; soul; sexy souljoint; nasty grind adina,388,98,90.172058,0,161.6104201861799,140.3844370933567,0.17548054636669586,0.3604514794340183,0.39344785018069933,Blake Shelton,Nobody But Me (Album Version)
TRUPYXJ128F9319774,SODPYTW12A67ADD31E,ARSD3V91187FB569E5,Tina Dico,Nobody's Man,In The Red,2005,241.89342,0.659885327686,0.455616343256,pop,female vocalists; pop; singer-songwriter; leapsandloved; melancholy,207,81,32.741411,0,107.70475946663123,93.2321062889604,0.11654013286120049,0.32926355711337324,0.36187800862412023,Blake Shelton,Nobody But Me (Album Version)
TRIYNIM128F145F8FA,SOZWPSF12A8AE48BA4,ARMJXRP1187FB461A0,Ohio Players,It's All Over,Funk On Fire - The Mercury Anthology,1974,254.74567,0.737536569987,0.44483436955,jazz,drjazzmrfunkmusic; 70s; its all over; Jazz  Funk; metro funky,246,67,59.69087,0,95.72821842251513,82.02397829575932,0.10252997286969916,0.31294272788879685,0.3470702918465385,Blake Shelton,Nobody But Me (Album Version)
TRONPIZ128F1454219,SOKLOOH12A6D4F6EED,ARKSZW81187B9B695D,Mariah Carey,Sprung,The Emancipation of Mimi,2005,205.97506,0.934935267398,0.787005468689,r&b/soul,rnb; female vocalists; pop; Hip-Hop; sleek,307,85,51.205468,0,198.23838974841968,174.28905973443912,0.2178613246680489,0.3675959557359181,0.3979870165881973,Etta James,A Sunday Kind of Love
TRCCBDW128F92CD25E,SOBTJXA12A8C1434BF,ARGJ7R91187B9AF64A,T.Rex,London Boys,The T.Rex Wax Co. Singles A's & B's 1972-77,1976,142.23628,0.671282809598,0.520312854929,rock,rock; glam rock; 70s; classic rock; london,111,44,20.024984,0,102.09376159853336,93.59001375951502,0.11698751719939376,0.3638562312955745,0.382899783804073,Etta James,A Sunday Kind of Love
TRAAHBS128F429F76A,SOWZYPQ12AAF3B1F3D,ARZJ4MI1187B9AF5AF,Reel Big Fish,I'm Cool,Everything Sucks,1997,103.26159,0.784143964796,0.553168863584,reggae,ska; ska punk; punk; Mellow; reggae,131,66,24.515301,0,135.62942360797652,119.8877877870224,0.149859734733778,0.32983582633734115,0.3573782105303579,Etta James,A Sunday Kind of Love
TRLVWXW128F4253365,SOIOJXG12A8C1354A3,AR94ZOI1187FB46BDA,Willie Dixon,I Just Want To Make Love To You,Ginger-Ale Afternoon,1989,262.84363,0.57953304364,0.4298344776,blues,blues; classic; Willie Dixon; solyaris; freedom,148,53,31.016125,0,116.44517703600054,109.27370127728626,0.13659212659660783,0.696046168514114,0.7093138579497326,Etta James,I Just Want To Make Love To You
TRSGNZB128F424ECCA,SOCIYRJ12A8151D3CD,ARUVJDL1187B9A7DE7,Tristan Prettyman,You Got Me,Hello,2008,202.86649,0.738084417716,0.479914441192,folk,female vocalists; singer-songwriter; Mellow; folk; romance,317,87,55.533774,0,110.59418132541501,94.17583261035497,0.11771979076294371,0.3456365527136809,0.38218123753604194,Etta James,I Just Want To Make Love To You
TRMVGKO128E078552F,SOJKGFW12A58A80A76,ARVKB9G1187B990C70,Keith Sweat,Give Me What I Want (LP Version),Keep It Comin',1991,317.54404,0.740028701828,0.481818352667,r&b/soul,rnb; slow dance; lovin; brain2brain; leapsandbounds CDCollection,406,89,81.33265,0,114.31822531188861,96.86111242812768,0.1210763905351596,0.3304930478459999,0.3675719117976542,Etta James,I Just Want To Make Love To You
TRQLICG12903CBFAFD,SOGXHTF12A58A7C7E8,AR1WWVL1187B9B0306,UB40,Come Back Darling,Top Of The Pops - Nineties,1998,185.10322,0.757417813383,0.563941252024,reggae,reggae; 80s; british; Best Songs of the 90s; mike reggai,152,49,29.966648,0,79.84817669056613,73.61975190741674,0.09202468988427093,0.38824963885186176,0.4076260866728643,Etta James,My Dearest Darling
TRPQUWE128F42B1B53,SOQCBUL12A8C13926A,AREZWC61187FB52DCF,Johnny Nash,Stir It Up,Collections,1972,178.88608,0.593420295909,0.407283888339,reggae,reggae; pop; 70s; soul; at the top of the stairs turn left,211,68,40.595566,0,82.2858912730022,74.70770970021601,0.09338463712527002,0.3822930110479686,0.4053314550560442,Etta James,My Dearest Darling
TRIYZBJ128F933D72E,SOOYLAP12A58A7917C,ARZ79B31187FB4F562,Percy Sledge,My Special Prayer,Love Songs We Used to Share,1985,182.54322,0.745844867409,0.501052749368,r&b/soul,soul; percy sledge; oldies; love song; dream pop,129,56,18.601075,0,65.00639326401085,58.77145198947364,0.07346431498684206,0.36602336604671587,0.3896993340669455,Etta James,My Dearest Darling
TRPUKOY128F42AC976,SOAMKZP12A8C13E379,ARFJZRY1187FB3C85E,Bette Midler,I'm A Woman,Bette Midler Sings The Peggy Lee Songbook,2005,147.59138,0.685244285268,0.52881351314,blues,blues; divas; cover; covers; SPICE Alliance,296,113,45.90207,0,120.0872056230932,105.87676733217451,0.13234595916521813,0.39291434656624985,0.4224368904492078,Etta James,W.O.M.A.N.
TRZTQEP128E0792526,SOYMEOT12A6701DE9A,ARK9TRQ1187B99C095,Nine Inch Nails,The Great Collapse,Things Falling Apart,2000,283.53261,0.905776888666,0.598458500982,electronic,industrial; electronic; industrial rock; 2000; favorites,57,10,18.734994,0,43.78085133743282,41.77676503859163,0.052220956298239536,0.40433692360692824,0.41368330201328496,Etta James,W.O.M.A.N.
TRQUJCP128F4238206,SOICNJH12A81C22263,ARLAUED1187B9ACEAF,Eric Clapton,Kind Hearted Woman Blues (Album Version),Me And Mr. Johnson,2004,246.49098,0.791830356538,0.635429400415,blues,blues; blues rock; rock; classic rock; eric clapton,129,66,19.183326,0,79.52455365060308,71.08035162659039,0.08885043953323798,0.3776983005558466,0.40427036347076034,Etta James,W.O.M.A.N.
TRZHKXV128F428A22A,SOTRSWP12A8C13B1B5,ARGUACZ1187FB3F35C,Connie Smith,Ain't Had No Lovin',The Essential Connie Smith,2001,137.53424,0.496794627851,0.36526089322,country,country; classic country; connie s; Love; favorit,176,72,29.916551,0,84.89185849967309,76.75653251846859,0.09594566564808574,0.3748212781843181,0.3984590490215958,Eric Clapton,Alberta
TRSRTSN128F14564F6,SODJKKG12A6D4F71E9,ARI10GS1187B99B2BD,Brian McKnight,Been So Long,U Turn,2003,217.52118,0.840246050945,0.553742019058,r&b/soul,rnb; Brian McKnight; biml; rhythum and blues tag; soul tag,262,92,42.953463,0,79.66422192108791,69.66304519432556,0.08707880649290695,0.3520447779730232,0.3816175189730293,Eric Clapton,Alberta
TROYGTB128F14564F4,SOKJTXX12A6D4F71E7,ARI10GS1187B99B2BD,Brian McKnight,Try Our Love Again,U Turn,2003,241.37098,0.840246050945,0.553742019058,r&b/soul,slow jams; slow jams tag; rnb; vocal; 00s,399,95,61.862751,0,96.33294195918275,82.77794197766382,0.10347242747207977,0.32778265448258354,0.35994184992519324,Eric Clapton,Alberta
TROIRUX128F92FC956,SOCTRDB12AB0180FDB,AR27AEB1187B98D39D,Bo Diddley,Before You Accuse Me,Blues! Blues! Blues!,1957,183.27465,0.666186772457,0.461696963365,blues,blues; rhythm and blues; Rock and Roll; 50s; Rock  Roll,137,59,20.099751,0,195.34258570626298,184.0972106297373,0.23012151328717162,0.8209281184345241,0.8294753528199511,Eric Clapton,Before You Accuse Me (Take A Look At Yourself)
TRZANQO128F934855D,SOABQUF12AB018913C,ARF84A41187B9A34E7,Rancid,Up To No Good,Let The Dominoes Fall,0,160.36526,0.850728265858,0.542054631464,reggae,ska; ska punk; punk; fun; punk rock,228,79,30.182777,0,82.95265182344734,71.57663411217203,0.08947079264021504,0.3073885702867393,0.33963777372007503,Eric Clapton,Before You Accuse Me (Take A Look At Yourself)
TRHTURO128F92C2751,SOEWRME12A8C1413F6,ARTVG9Z1187FB3F5FD,Gretchen Wilson,If You Want A Mother,One Of The Boys,2007,212.94975,0.758878784227,0.536320726586,country,country; funny; female vocalists; twang; fun,269,105,38.729833,0,68.56392731433756,53.82520096911663,0.06728150121139578,0.23807376479778158,0.28419799410805086,Eric Clapton,Before You Accuse Me (Take A Look At Yourself)
TRACBZQ128F425A848,SOYUJZH12A8AE47282,AR6BJ1V1187B9AE3B7,Fleetwood Mac,Allow Me One More Show,Original Fleetwood Mac,1971,180.45342,0.747903749594,0.575960611719,blues,blues; blues rock,175,77,25.980762,0,97.71498503542124,81.55262896858275,0.10194078621072844,0.27964959232879144,0.3173628368895969,Eric Clapton,Early In The Morning
TRXPACY128F429D14E,SOBQHCC12A8C13B469,ARECVOG1187B9B5CC2,Townes Van Zandt,If I Needed You,High_ Low And In Between,1972,223.05914,0.664827663138,0.428563290929,folk,folk; country; americana; singer-songwriter; Townes van Zandt,105,58,14.525839,0,57.49081720284339,48.716103996247426,0.060895129995309286,0.2672287668917477,0.300876624066005,Eric Clapton,Early In The Morning
TRUFPXE128F92F206B,SOYQGVP12AB017ED97,ARMVKJN1187B98E52E,Tab Benoit,Shining Moon,Nice And Warm,0,290.48118,0.602001989433,0.422064233684,blues,blues; favorite songs; blues 1; MG Moon,123,47,19.595918,0,83.08078031180153,71.32127750833999,0.08915159688542498,0.2645675746192127,0.2952230874794379,Eric Clapton,Early In The Morning
TRBPVOG128F427FF29,SOQLHFS12B35058AB4,ARIO65L1187FB4D25F,The Allman Brothers Band,Stormy Monday,Live At The Atlanta International Pop Festival July 3 & 5_ 1970,1971,543.81669,0.773658523509,0.536731087429,blues,blues; blues rock; Southern Rock; classic rock; rock,157,57,24.839485,0,104.1881731316186,91.06676713298809,0.11383345891623511,0.28696926401100564,0.31500095678640405,Eric Clapton,Floating Bridge
TRLYGWA128F429B2B9,SOJGJGM12A8C13BB7E,ARYDJBK1187B994895,Anatomy Of A Ghost,Since Yesterday,Evanesce,2003,272.24771,0.518234178316,0.361762874461,punk,emo; post-hardcore; rock; Love; good,227,94,28.089144,0,98.81348270488608,78.44712210461866,0.09805890263077333,0.23284613488148673,0.2763772706992261,Eric Clapton,Floating Bridge
TRSEOHB128F14673A3,SOFQQFO12A6D4F873D,ARAYCK21187B98EBFD,John Lee Hooker,Down At The Landing,House Of The Blues,1959,176.03873,0.777911231473,0.471373274121,blues,blues; Detroit Blues; 60s; 50s; i feel good,168,59,26.758176,0,90.77498974075141,76.52639212590124,0.09565799015737655,0.24337488303530913,0.2760864804031255,Eric Clapton,Floating Bridge
TRPMDDK12903D0D320,SOBZWGW12AB01848B5,AREWAAS1187B98C490,Robert Johnson,Kindhearted Woman Blues,Blues_ Booze & Broken Hearts,0,173.21751,0.693352616951,0.452024988052,blues,blues; delta blues; Robert Johnson; blues guitar; Classic Blues,141,69,20.396078,0,160.17813471173756,151.2307745991491,0.1890384682489364,0.9162718752647188,0.9205114386740807,Eric Clapton,Kind Hearted Woman Blues (Album Version)
TRFJIIB128F145E7A7,SOBZWEV12A6D4F8141,AR8SRQ31187FB4D477,Ten Years After,Woman Trouble,Stonedhenge,1969,289.74975,0.683388516689,0.46311833993,blues,blues; classic rock; blues rock; rock; blues-rock,162,60,28.513155,0,87.72251173355674,78.35707120329535,0.09794633900411918,0.41579887945661137,0.44344685886782426,Eric Clapton,Kind Hearted Woman Blues (Album Version)
TRFEGGQ128E07898AA,SOMPSXS12D021B12D7,AR66H0N1187B9AE91E,Etta James,W.O.M.A.N.,The Very Best Of Etta James: The Chess Singles,1996,193.72363,0.774411519667,0.641347950577,blues,blues; soul; female vocalists; oldies; 1955,163,69,31.937439,0,79.52455365060308,71.08035162659039,0.08885043953323798,0.3776983005558498,0.40427036347076034,Eric Clapton,Kind Hearted Woman Blues (Album Version)
TRVHPUD128F145FE04,SODPWFR12A6D4F7D1B,ARJ4UX411A348EFE0A,S Club,Straight From The Heart,Seeing Double,2002,223.18975,0.512954790153,0.336590606288,pop,pop; british; soft rock; sweet; 2002,354,96,54.616847,0,101.38172428072805,81.60658141026606,0.10200822676283257,0.3130381666187311,0.36127858567168114,Michael Bublé,That's All (Album Version)
TRRXBIJ128F933F11D,SOLNLDK12AB0189AD7,ARMKPQP1187FB3F521,Webb Pierce,Even Tho',Pierce To The Heart,0,112.29995,0.55002815014,0.358282070993,country,country,198,71,33.91165,0,75.8804724653048,62.76074561770501,0.07845093202213127,0.2968609206391679,0.3378973580477659,Michael Bublé,That's All (Album Version)
TRITESU128F425F778,SODZAAQ12A8AE47CCF,AR65T9K1187FB3842E,Paul Anka,Love Me Warm And Tender,The Definitive 60's (sixties),1982,137.37751,0.678166687453,0.47814664451,punk,oldies; Paul Anka; 60s; teen idol; memory,173,63,29.0,0,83.97014339529666,71.23488812507641,0.08904361015634552,0.29936880974009894,0.33456942975035703,Michael Bublé,That's All (Album Version)
TRFWXOJ12903CED198,SODBQDI12AF729E437,ARIWB161187B9AA1D5,Simon & Garfunkel,America,Bookends/Sounds of Silence,1968,215.27465,0.593972953356,0.510324986101,folk,folk; 60s; classic rock; acoustic; rock,176,101,19.874607,0,196.05663187288664,180.76983965180386,0.22596229956475483,0.9924969031656143,0.993074251246281,Josh Groban,America (Revised Live Version)
TRBWAGY128F4279771,SOUOOXW12A8AE46318,ARTQ8QP1187FB3D220,Leonard Cohen,Death Of A Ladies' Man,Death of a ladies man / Recent songs / The future,1977,559.56853,0.800189481583,0.564623405405,folk,folk; leonard cohen; laments; shinam; best man,381,164,39.153544,0,128.85124903986846,94.95474109547949,0.11869342636934936,0.2958101396041993,0.36231175218884376,Josh Groban,America (Revised Live Version)
TROIANT128F428B7DB,SOOKCVF12A8C140590,AR26XQ61187FB36CF3,Geggy Tah,I Forgot,Into the Oh,2001,245.34159,0.518337025822,0.335335108329,rock,Mellow; rock; feelgood; favorites; great rock,210,105,22.869193,0,90.82580620240137,70.02669042051137,0.08753336302563922,0.2913504025137233,0.3477847176137585,Josh Groban,America (Revised Live Version)
TRGDGKP128F42A34A7,SOUNNKZ12A8C13E432,ARL7YU61187B9B85D7,G4,Broken Vow,G4,2005,266.84036,0.592374984203,0.382277100792,classical,classical crossover; My List; kingdom; watermark,210,96,33.674916,0,283.26176445407975,258.6089620627695,0.32326120257846186,0.9939747241305733,0.9944948253315911,Josh Groban,Broken Vow (Album Version)
TRVWNMB128F425A368,SOMIAJE12A8AE47661,AR5YRCN1187B98E3C8,Westlife,More Than Words,Westlife,1999,234.05669,0.759393359529,0.553736196336,pop,pop; love songs; westlife; Love; boyband,271,72,45.310043,0,99.66541441299984,77.71852793595919,0.09714815991994899,0.2855610220053017,0.33854617338873794,Josh Groban,Broken Vow (Album Version)
TRRPJNC128F1472162,SOGEXGG12A6D4F6F56,ARE4SDM1187FB4D7E4,David Wilcox,Invisible Shield,Breakfast At The Circus,1993,232.98567,0.573485474226,0.404013276291,folk,folk-rock; the word visible; the word shield,280,105,37.429935,0,107.53129689420322,78.87751713991604,0.09859689642489505,0.2664077429204588,0.3311355816254642,Josh Groban,Broken Vow (Album Version)
TROXBKT128F9316690,SOUKPKK12AB017D865,ARK36B71187FB589D2,Paul Potts,Piano (Memory),Passione,2009,252.08118,0.690856950177,0.384766646253,classical,opera; classica leggera; pop opera,95,52,11.532563,0,259.59495800306166,252.74463554801045,0.31593079443501304,0.7537827965739283,0.7586782853418743,Josh Groban,Gira Con Me Questa Notte (Album Version)
TRKDIWP128F92F19AA,SOZUFWK12AAF3B2720,AREMOC71187B996C2F,Lara Fabian,Caruso,En Toute Intimite,0,302.36689,0.631702561609,0.507257936661,classical,Classical; french; female vocalists; ballads; Love,167,61,24.474477,0,340.55233308808636,331.78944692039767,0.41473680865049706,0.7309865568449835,0.7360809436011486,Josh Groban,Gira Con Me Questa Notte (Album Version)
TRZITCI128F426837D,SOVUIPG12A8C13688B,ARDWUDB1187B992CD0,Sergio Cammariere,La Canzone Dell' Impossibile,Sul Sentiero,2004,267.20608,0.537862839941,0.396413335671,jazz,jazz; ambient; piano; italian; singer,118,60,19.595918,0,327.10755097325034,317.7872813182149,0.3972341016477687,0.7245461209958305,0.7301924554454451,Josh Groban,Gira Con Me Questa Notte (Album Version)
TRNERSA128F92E5B78,SOOENSR12A8C144088,ARVEMTL12298900962,Amandine Bourgeois,L'Homme De La Situation,20 m2,2009,221.30893,0.583479395042,0.365611402637,pop,french; pop; female vocalists; hoptrik; musicspirit,240,81,46.141088,0,399.77236023354436,383.95555988385064,0.4799444498548133,0.7003391462524376,0.7083673747139935,Josh Groban,Hymne A L'Amour (Album Version)
TRQPAUT128F148AFF8,SOBCEPY12A6D4F88B0,ARBT6DB1187FB4EEDD,Lokua Kanza,A Tes Côtés,Plus Vivant,2005,235.59791,0.648948505079,0.400216524199,folk,guitar; french; 2005; acoustic; smooth,105,53,14.0,0,228.8417785855925,221.1746864643225,0.2764683580804031,0.6933665105605906,0.7005620920030614,Josh Groban,Hymne A L'Amour (Album Version)
TRUHSOV128F93372C6,SOGUZYS12AB01843BE,ARWXFRG1187FB3F651,Grégory Lemarchal,Mon Ange,Je Deviens Moi,2005,239.20281,0.571570019416,0.37452106337,pop,french; magia; gregory lemarchal; french favourites; pop,195,65,29.933259,0,335.79548180525666,324.25360025176735,0.4053170003147092,0.6815853367033107,0.6891230873666018,Josh Groban,Hymne A L'Amour (Album Version)
TRMOKYG128F429F3F4,SOJFEIH12A8C13EE41,ARWVF341187B9B55D8,The Waterboys,The Crash Of Angel Wings,Crash of Angel Wings,2007,231.1571,0.714804752709,0.450460946583,rock,rock; celtic; alternative pop; british; folk rock,182,63,30.430248,0,138.68105625110704,128.28100214432678,0.16035125268040848,0.3918743105463576,0.41016872355538464,Josh Groban,It Came Upon A Midnight Clear (Album Version)
TRTATPW128F428D14E,SOIQWMA12A8C137455,AREZWXB1187FB4958E,Brooks & Dunn,You're My Angel,If You See Her,1998,192.07791,0.755277473198,0.531263313596,country,country,102,47,21.563859,0,98.46986698704444,91.3868062934042,0.11423350786675526,0.38357824041386185,0.4011534755404811,Josh Groban,It Came Upon A Midnight Clear (Album Version)
TRPLWSA128F92D555C,SOKNHPO12A8C1435F9,ARABYN61187B997D4E,Flipsyde,Angel,We The People,2005,266.68363,0.747119885341,0.499972867111,hip hop,Hip-Hop; Flipsyde; pop; pop hip-hop; my loved ones :p,448,158,55.87486,0,208.75611914581907,179.3755808082495,0.2242194760103119,0.32761992778669974,0.3562663194612973,Josh Groban,It Came Upon A Midnight Clear (Album Version)
TRLFAII128F1494188,SORJOPS12A58A7A759,AR20YMY1187B990B28,SUPREME BEINGS OF LEISURE,Catch Me,Divine Operation System,2002,260.44036,0.630832624883,0.399613695994,electronic,chillout; trip-hop; lounge; electronic; DJMFmylovedmusic,181,63,32.710854,0,88.51483837986608,78.56694095653336,0.0982086761956667,0.3397484303576958,0.36687840564135715,Josh Groban,Let Me Fall (From Cirque du Soleil) (Album Version)
TRFLMEK128F428D4D2,SOZECBI12A8C1391DC,ARMWZF41187FB387F9,Charley Pride,Let The Chips Fall,Anthology,0,163.52608,0.580798777682,0.38934175191,country,country; Loved Artist; oldies; country-western; classic country,167,71,23.130067,0,87.60412196869729,74.3153626263662,0.09289420328295775,0.31126615890510106,0.3474101998169983,Josh Groban,Let Me Fall (From Cirque du Soleil) (Album Version)
TRHQACC128F42AF43D,SOHRTKD12A58A7A8D4,AR8HI8C1187B9B31F6,Ruben Studdard,If Only For One Night,The Return,2006,227.00363,0.714666081433,0.449158303931,r&b/soul,rnb; covers; male vocalists; cool down; r&b,218,73,39.509493,0,84.19500385624498,70.50955048347157,0.08813693810433947,0.2705499217891493,0.3068955281658607,Josh Groban,Let Me Fall (From Cirque du Soleil) (Album Version)
TRXNYOZ128F42BC146,SOBTJJR12A8C13FB29,ARNJ9LU1187B9A56A6,Il Divo,Come Primavera,Siempre,2006,229.09342,0.769757193856,0.579216383633,classical,opera; Il Divo; male vocalists; classic; pop,81,35,15.099669,0,168.82235228172405,164.44070124854787,0.20555087656068483,0.7300384525900399,0.7351143383532529,Josh Groban,Mi Mancherai (Il Postino) (Revised Live Version)
TRUMJMF128F4276BEE,SOKVBUA12A8C13DF11,ARUNDVG1187B99F68B,Vinicio Capossela,Il Pugile Sentimentale ( Live ),Liveinvolvo,0,256.73098,0.652896904401,0.472289354461,folk,folk; singer-songwriter; Soundtrack; italian; live,139,56,22.383029,0,240.70086522542783,233.46299845242598,0.2918287480655325,0.7163742956612739,0.7225305362850327,Josh Groban,Mi Mancherai (Il Postino) (Revised Live Version)
TRTFUTA128F426408A,SOAAGGH12A8C136617,ARV481W1187FB38CD9,Andrea Bocelli,Semplicemente (Canto Per Te),Andrea,2004,271.46404,0.699348921494,0.513416573888,classical,andrea bocelli; Classical; italian; pop; vocal,182,71,29.068884,0,268.3358326293088,259.35961914010176,0.3241995239251272,0.7025696769425592,0.7095144601757208,Josh Groban,Mi Mancherai (Il Postino) (Revised Live Version)
TRMGWBO128F428A374,SOJPMXC12A58A7C2BA,ARF3GX71187FB3EB66,Martina McBride,Blessed,Greatest Hits,2001,276.61016,0.850817606892,0.628246419191,country,country; Blessed; billboard country number ones; Truly I have been blessed and I am thankful to our troops are fighting for us to be able to express it; greatest-hits,320,95,56.80669,0,127.76660409090607,103.3511713798225,0.12918896422477813,0.2832877444352127,0.328182885281443,Josh Groban,My Confession (Album Version)
TRWOGKB128F930D065,SOADMHW12AB017E442,AR6X2A81187B9B071F,Axel Rudi Pell,Beautiful Day,Best Of - Anniversary Edition,0,288.80934,0.593053038832,0.412104434268,metal,cover; heavy metal; rock; 5 Star; u2 cover,347,118,45.956501,0,112.85932776135006,88.71732017389415,0.11089665021736769,0.27628380665497354,0.32648205098086164,Josh Groban,My Confession (Album Version)
TRGDUNJ128F1472A44,SOGNFOD12A6D4F8584,ARWA8AH1187FB3FC84,Hot Chip,Careful,The Warning,2006,208.14322,0.852638894787,0.53576315772,electronic,electronic; electronica; electro; indie; electropop,156,81,21.610183,0,86.99776373037227,70.2262990368364,0.08778287379604549,0.2685638653825899,0.31263739710257943,Josh Groban,My Confession (Album Version)
TRYVOZZ128F42738F6,SOGYWXC12A8C13687B,AR3K1PY1187FB366AC,Bluvertigo,Niente Per Scontato,Zero,1999,311.45751,0.607690995401,0.478080588266,electronic,77davez-all-tracks; electronic; bluvertigo; it electronic,150,44,30.016662,0,475.7659377671713,465.6223469451911,0.5820279336814889,0.8293011990468129,0.8322304092818276,Josh Groban,Oceano (Revised Live Version)
TRBPDOM128F9316691,SOCCWML12AB017EAD5,ARK36B71187FB589D2,Paul Potts,Mamma,Passione,2009,228.93669,0.690856950177,0.384766646253,classical,opera; Classical; vocal; Paul Potts,113,46,19.874607,0,388.92503826148715,379.7185966216262,0.47464824577703274,0.827728633540599,0.8311166699120334,Josh Groban,Oceano (Revised Live Version)
TRZQTDL128F92E2347,SODODTD12A8C14466D,AR2XSEB11C8A415FAC,Giusy Ferreri,La Scala (The Ladder),Gaetana,2008,254.45832,0.57573833137,0.475500956414,pop,pop; female vocalists; 80s; italian; voce femminile,130,44,19.26136,0,370.5356473786206,363.2618567329489,0.45407732091618613,0.81783164876474,0.8204634178767165,Josh Groban,Oceano (Revised Live Version)
TRYKKOX128F4241839,SOEIAOV12A8AE46AC4,ARGVJPK1187B9909EA,Josh Groban,Remember When It Rained (Revised Live Version),Live At The Greek,2004,299.20608,0.765357013064,0.755149913058,classical,live; Josh Groban; classical voice; pop; Classical,138,60,21.447611,0,328.52953890073,316.31739785146885,0.39539674731433605,0.9999999999999982,0.9999999999999998,Josh Groban,Remember When It Rained (Album Version)
TRGANKE128F4275BFF,SOZYNTT12A8C138164,ARCGQQ11187B994F5D,Sentidos Opuestos,Oh Na Na Na,Viento A Favor,1998,237.71383,0.574875061287,0.348204738246,latin,latin; pop; latin pop; mexico; group,56,8,38.026307,0,116.40465518901188,113.37147929902589,0.14171434912378236,0.41932698935959917,0.4217809096262354,Josh Groban,Remember When It Rained (Album Version)
TRJRCCY128F930C12F,SOFHGOE12A8C139836,AR7GOC31187B9B2989,Kayah,Dla Niego,Yakayakayah,0,165.74649,0.587859353656,0.464698531888,pop,Love; pop; electronic; polish; 00s,36,15,3.162278,0,22.514299115626876,21.947822056802735,0.02743477757100342,0.41814257250205134,0.4202537417329967,Josh Groban,Remember When It Rained (Album Version)
TRGURIJ128E078780B,SORUSFO12A67020478,ARGVJPK1187B9909EA,Josh Groban,Remember When It Rained (Album Version),Closer,2003,280.21506,0.765357013064,0.755149913058,classical,Classical; Groban; easy listening; Soundtrack; vocal,138,60,21.447611,0,328.52953890073,316.31739785146885,0.39539674731433605,0.9999999999999982,0.9999999999999998,Josh Groban,Remember When It Rained (Revised Live Version)
TRGANKE128F4275BFF,SOZYNTT12A8C138164,ARCGQQ11187B994F5D,Sentidos Opuestos,Oh Na Na Na,Viento A Favor,1998,237.71383,0.574875061287,0.348204738246,latin,latin; pop; latin pop; mexico; group,56,8,38.026307,0,116.40465518901188,113.37147929902589,0.14171434912378236,0.41932698935959917,0.4217809096262354,Josh Groban,Remember When It Rained (Revised Live Version)
TRJRCCY128F930C12F,SOFHGOE12A8C139836,AR7GOC31187B9B2989,Kayah,Dla Niego,Yakayakayah,0,165.74649,0.587859353656,0.464698531888,pop,Love; pop; electronic; polish; 00s,36,15,3.162278,0,22.514299115626876,21.947822056802735,0.02743477757100342,0.41814257250205134,0.4202537417329967,Josh Groban,Remember When It Rained (Revised Live Version)
TRZGQPN128F933A94C,SOJJKQP12AB018AB8A,ARBHBE91187B9A1F58,Jonny Lang,My Love Remains,Turn Around,2006,231.3922,0.698969925264,0.486783024923,blues,blues; blues rock; jonny lang; Blues e SOul,292,130,33.54102,0,138.86501861671127,111.94055424029794,0.13992569280037243,0.356875062856322,0.4047722432508722,Josh Groban,Smile
TROWYLI128F4263DB4,SOUQBMR12A6D4F8BA8,ARQ8VKP1187B9AEB31,Gabrielle,Don't Need The Sun To Shine (To Make Me Smile),Dreams Can Come True - Greatest Hits Volume 1,2001,210.02404,0.658799883547,0.449544067663,r&b/soul,female vocalists; soul; british; Soul  RB; happy,425,97,66.618316,0,145.15776604992658,116.94195701625762,0.14617744627032203,0.2667981594781817,0.3109259241429827,Josh Groban,Smile
TRTRYJM128F4284980,SOKFMVT12A8C13CD60,AR82GTS1187FB5662F,Mary Black,By The Time It Gets Dark,25 Years/25 Songs,1987,225.95873,0.597113362831,0.376556981046,folk,female; celtic; Irish Folk,89,60,12.328828,0,61.12836038926309,50.69784077468487,0.06337230096835608,0.2713649534197413,0.30989230675971347,Josh Groban,Smile
TRFPBDS128F9317196,SOCXCBB12A8C140501,AROB9PV1187B9909D2,Puerto Rican Power,Solo Con Un Beso,20/4 Salsa Vol. 3,1991,292.57098,0.579879192832,0.423165503416,latin,salsa,327,73,53.394756,0,341.1593171601574,322.0097097892881,0.4025121372366101,0.5805987261116103,0.594283876824688,Josh Groban,Solo Por Ti (Album Version)
TRHZJKT128F92E20E9,SOPHQZK12A8C142057,ARZBOES1187FB40178,Carlos Baute,En nuestro aniversario,De mi puño y letra - Edicion Coleccionista,2008,195.97016,0.603843764924,0.51281210294,latin,latin; pop; dance; spanish; Romantica,135,56,22.315914,0,229.7071405611487,217.97431188752847,0.2724678898594106,0.5799203727959604,0.5925813477690747,Josh Groban,Solo Por Ti (Album Version)
TROOGTK128F421BBE5,SOMVWGK12A6D4FE90E,AR75G5G1187B9B6758,Frank Reyes,Que Voy A hacer Sin Tí,Dosis De Amor,2005,262.922,0.684446254089,0.392301378163,latin,Latin Flow,297,92,43.104524,0,350.44668088111337,327.50560016253803,0.40938200020317256,0.5706755640500535,0.586012132370911,Josh Groban,Solo Por Ti (Album Version)
TRYVOZZ128F42738F6,SOGYWXC12A8C13687B,AR3K1PY1187FB366AC,Bluvertigo,Niente Per Scontato,Zero,1999,311.45751,0.607690995401,0.478080588266,electronic,77davez-all-tracks; electronic; bluvertigo; it electronic,150,44,30.016662,0,270.324839472387,265.62257163763314,0.33202821454704146,0.7510156629359955,0.754107003853643,Josh Groban,Un Giorno Per Noi (Album Version)
TRMCVNS128F422BCFB,SOWBQDP12A6D4FCD0A,ARC4HSQ1187FB55940,RyanDan,Dentro Me,Ryan Dan,2007,222.92853,0.636109170872,0.371573624485,classical,soft vocals; the best; ryandan; instrumental; contemporary classical,114,44,18.439089,0,192.79692891637794,189.2177938573706,0.23652224232171323,0.7395937454884771,0.7428934301459661,Josh Groban,Un Giorno Per Noi (Album Version)
TRZDSCG12903CDEB7D,SORBPSA12AB018BF29,ARB3AZM1187B9B67C6,Luciano Pavarotti,Che Gelida Manina,Luciano Pavarotti_ Vol. 2,1999,296.22812,0.571404299756,0.381888006766,classical,opera; pavarotti; Classical; Operagasm; Male voices,84,50,11.61895,0,171.78133678674143,168.2200165835956,0.2102750207294945,0.7344120892156673,0.7378066331103266,Josh Groban,Un Giorno Per Noi (Album Version)
TRGCICJ128F4243CBF,SOURQAE12A6D4FCD70,ARI38WN1187B98EE4D,Steve Lukather,Never Ending Nights,Ever Changing Times,2008,335.64689,0.605188338946,0.487383677977,rock,guitar virtuoso; rock; Progressive rock; 00s; male vocalists,128,80,14.56022,0,77.063111777773,58.404077611832676,0.07300509701479084,0.25229877283001473,0.30799056751897597,Josh Groban,Vincent (Starry_ Starry Night) (Album Version)
TRWOYYY128F4267E9D,SOCMFHV12A8C13090D,AR83G9J1187FB3C094,Kenny Loggins,Set It Free,Celebrate Me Home,1977,358.42567,0.702080715002,0.514489130666,pop,70s; pop; USA; laptop; male singer songwriter,233,89,41.170378,0,110.72313413926919,85.1622133582418,0.10645276669780225,0.2522255929545967,0.30462660615669357,Josh Groban,Vincent (Starry_ Starry Night) (Album Version)
TRZRBOX128EF3435A7,SOUUAHI12A67AD822A,ARYXOV81187B99831D,Seventh Day Slumber,Broken Buildings,Finally Awake,2007,260.8322,0.609181991921,0.509243098679,rock,christian rock; christian; rock; post-grunge; top christian,138,71,22.494444,0,75.70208215006751,58.61464315129881,0.07326830393912351,0.2485247106232678,0.298936328096305,Josh Groban,Vincent (Starry_ Starry Night) (Album Version)
TRZHYJX128F92EB952,SOIAEJI12AF72A1A3A,ARNHHIV1187FB4EA23,New Order,Bizarre Love Triangle,Brotherhood [Collector's Edition],1986,263.20934,0.720711057592,0.518015574285,electronic,80s; new wave; electronic; dance; electronica,269,93,44.988888,0,125.07682408175776,96.5718755020625,0.12071484437757812,0.28596427135281105,0.34152524325833455,Josh Groban,When You Say You Love Me (Album Version)
TRCHLQK128F4261337,SOZSUAO12A8AE4938A,AR7M4QL1187B9AE979,Ferry Corsten,It's Time,Right Of Way,2003,322.08934,0.59025847331,0.510687057214,electronic,trance; dance; electronic; vocal trance; House,278,73,40.95119,0,112.66109612078859,90.17556970367656,0.1127194621295957,0.2883305323347231,0.33564985230548966,Josh Groban,When You Say You Love Me (Album Version)
TRNEGIP128F4296261,SOGQSNV12A8C139B54,AR03BDP1187FB5B324,Britney Spears,When Your Eyes Say It,Oops!... I Did It Again,2000,245.96853,0.947327506635,0.607257279581,pop,pop; Love; Britney Spears; romantic; Ballad,383,71,72.090221,0,113.89247870350957,89.54087647051198,0.11192609558813997,0.2814798051266267,0.33236975100985583,Josh Groban,When You Say You Love Me (Album Version)
TRQBRPI12903D0FCFB,SODMEAX12AC468C0D8,AR3TZ691187FB3DBB1,Russell Watson,You Raise Me Up,With Love From Russell Watson,2006,301.06077,0.568200537034,0.380862139684,classical,Russell Watson; Classical; spiritual; male vocalist; romantic,192,60,35.538711,0,288.0138629613063,277.7356657466184,0.347169582183273,0.9983611365895492,0.9984130353078998,Josh Groban,You Raise Me Up (Album Version)
TRSFNYE128F42AD8C6,SOAIIPA12A8C13E0EC,ARQEN0D1187B9B2595,Katatonia,This Punishment,Tonight's Decision,1999,166.66077,0.802654891408,0.566349576707,metal,doom metal; depressive rock; metal; Progressive metal; Doom,42,35,7.28011,0,48.39339257069797,44.5126913960775,0.05564086424509687,0.36360205798926504,0.38305360747223294,Josh Groban,You Raise Me Up (Album Version)
TRHTAXK12903CC5397,SOTVPRG12AB0186CD1,ARCZBX11187B9AD089,Suicide Commando,Raise Your God,Mindstrip,2000,247.14404,0.642293105543,0.444632321127,electronic,industrial; ebm; dark electro; Harsh EBM; electro-industrial,44,23,8.717798,0,57.08854191573085,54.25271167595321,0.0678158895949415,0.3636800350504333,0.37407872391898683,Josh Groban,You Raise Me Up (Album Version)
TRMGSLI128F93276B8,SOYSDJX12AB0183F8C,ARV481W1187FB38CD9,Andrea Bocelli,I Believe,My Christmas,2003,264.22812,0.699348921494,0.52398779492,classical,female vocalist; Classical; christmas; simply nice,229,103,34.871192,0,101.32866927142136,78.8280945379818,0.09853511817247725,0.30198529947140157,0.3570413040392023,Josh Groban,Believe (Album Version)
TRNDLHW128F424EF6B,SOCKYPE12A8C1343B2,ARC1IHZ1187FB4E920,Jamie Cullum,Where Is Your Heart At?,Meet The Robinsons Original Soundtrack (French Version),0,143.5424,0.769562925568,0.535389455224,jazz,jazz; piano; singer-songwriter; Soundtrack; Disney,358,80,63.142696,0,106.98044966165774,85.51449919323646,0.10689312399154557,0.2835627038177026,0.3311603921864337,Josh Groban,Believe (Album Version)
TRUGIIC128F92C3219,SOWKUGS12A8C131096,AR2U4Y11187B98DE15,Vern Gosdin,Do You Believe Me Now,Chiseled In Stone,1988,215.40526,0.49528748478,0.393168140869,country,country; classic country; sad; vern gosdin; she left,208,88,33.301652,0,82.48846264006309,64.22324847553728,0.0802790605944216,0.2740024081127563,0.3264480967833296,Josh Groban,Believe (Album Version)
TRYLIGF128F428CFBC,SOBYTMJ12A8C13A9F6,AR9AWNF1187B9AB0B4,Kenny G,Away In A Manger,Miracles: The Holiday Album,1994,157.20444,0.751629597261,0.550212561917,jazz,christmas; Christmas tag; chillout; new age; relax,104,63,13.304135,0,250.8750151378946,239.27754956931128,0.2990969369616391,0.9716862420571368,0.9729581386973988,Johnny Cash,Away In A Manger
TRRPLDV128F92D6086,SOFBUYL12A8C1439EA,AR78BZF1187B9AC77F,Current 93,Raio No Terrasu (Jesus Wept),Dogs Blood Rising,1984,836.70159,0.641279686864,0.465707819362,electronic,industrial; dark ambient; ambient; noise; experimental,96,45,19.672316,0,110.83107607830442,103.13700245703758,0.12892125307129698,0.4179234347650185,0.4343769607501048,Johnny Cash,Away In A Manger
TRECWUU128F9329272,SOFGWEX12AB018479D,ARXBWB01187B98F417,Momus,Little Lord Obedience,Christmas Cocktails With Santa's Swingin' Stocking Fillers,1986,311.27465,0.567682022369,0.376768822539,electronic,cabaret; electronic; alternative; indie pop; shibuya-kei,346,78,36.878178,0,126.14930194447317,109.46616872334968,0.1368327109041871,0.333324861769187,0.3655171004479236,Johnny Cash,Away In A Manger
TRGGYCR128F426837F,SOXCIUD12A8C136894,ARDWUDB1187B992CD0,Sergio Cammariere,Oggi,Sul Sentiero,2004,327.26159,0.537862839941,0.396413335671,jazz,jazz; soft; singer; italia; italiana,86,58,13.341664,0,187.7962071313136,183.65585257745232,0.2295698157218154,0.8028908689131464,0.8063033392396602,Josh Groban,Cinema Paradiso (Se) (Album Version)
TRMUOCQ128F92EB38B,SOGDPXK12AF72A389C,ARNJ9LU1187B9A56A6,Il Divo,La Promesa,The Promise,2008,266.37016,0.769757193856,0.579216383633,classical,Classical; slow; pop; Awesome; italian,114,52,18.574176,0,212.05236974712614,207.04737706219873,0.2588092213277484,0.7588527294732859,0.7630867127253084,Josh Groban,Cinema Paradiso (Se) (Album Version)
TRZKRRE128F4264095,SORRGVU12AF72A67F0,ARV481W1187FB38CD9,Andrea Bocelli,L'Attesa,Andrea,2004,270.47138,0.699348921494,0.52398779492,classical,andrea bocelli; vocal; romantic; italiano; andreo bocelli,143,64,16.881943,0,224.29778042526831,218.73099928511238,0.2734137491063905,0.7560136616827091,0.7604026952063446,Josh Groban,Cinema Paradiso (Se) (Album Version)
TROYIKV12903CB0B9C,SOHMTYM12AB01872A1,AR2DTGU1187B9BA631,Lo Fidelity Allstars,Will I Get Out Of Jail,How To Operate With A Blown Mind,1998,377.18159,0.594231220087,0.394298844098,electronic,trip-hop; dance; electronic; chillout; trippy,312,107,41.19466,0,115.86931775759426,93.80835107984925,0.11726043884981156,0.2991082908803924,0.3451370795156783,David Crowder*Band,All Around Me
TRRDVQC128EF3495E4,SOQGYPE12A67ADE94A,AR8ICRA1187B9B8A5F,Godsmack,Asleep,The Other Side,2004,238.70649,0.843881639599,0.510003150203,folk,acoustic; godsmack; hard rock; metal; Nu Metal,138,54,33.12099,0,83.25373322261368,71.64344034056755,0.08955430042570944,0.30636136981916223,0.3385128265424583,David Crowder*Band,All Around Me
TRPVAMZ128F4286261,SOKJPGI12A8C136FB9,ARLVU821187B998BC2,Hayley Westenra,My Heart Belongs To You,Odyssey,2005,283.66322,0.740884859761,0.43930896966,classical,Classical; new age; female vocalists; Hayley Westenra; gl2,324,104,39.395431,0,131.88102592038246,103.35247029560358,0.12919058786950446,0.2834028678533798,0.3350973881009542,David Crowder*Band,All Around Me
TRMVPVK128F93462DE,SOREKHT12AB0186F11,ARS8KBY1187FB4BC7E,Kurupt,Ho's A Housewife,Tha Streetz Iz A Mutha,1998,284.05506,0.632852016575,0.411797826815,hip hop,rap; West Coast Rap; rock top; soul; funk,799,213,86.162637,0,610.747145934175,434.49857794147863,0.5431232224268483,0.4107545782652962,0.4948281281469182,The Game,Black Opera
TRIUYFJ128F421FBCA,SOJTWQJ12AF729CEF8,ARHKLFI1187B9ADBC2,Immortal Technique,Crossing the Boundary,Revolutionary Vol. 2,2003,287.13751,0.791229365419,0.475612577311,hip hop,Hip-Hop; underground hip-hop; political; rap; hip hop,664,264,70.221079,0,517.3662084778767,353.88556455248295,0.4423569556906037,0.3871145546083724,0.47962279698105464,The Game,Black Opera
TRNRSMW128F14624A1,SOXMLFS12A6D4F6CE8,ARSL5SP1187B9A7AE0,N.W.A.,The Dayz Of Wayback,EFIL4ZAGGIN,1991,259.3171,0.74770866932,0.520407859726,hip hop,Gangsta Rap; West Coast Rap; rap; evid 2; Time To Roll,496,186,49.203658,0,444.63022361184676,319.9906485307515,0.3999883106634394,0.39087476663563325,0.4713212849461285,The Game,Black Opera
TRFRXGD128F42717FF,SOHCAKG12A8BED7973,ARH861H1187B9B799E,Johnny Cash,A Thing Called Love,16 Biggest Hits Volume Ii,1972,155.01016,0.817256939293,0.746403980181,country,country; folk; Love; Johnny Cash; classic country,243,111,26.683328,0,156.79776049880115,107.2376470227461,0.13404705877843262,0.25853065656656843,0.3372507483242537,David Bowie,Baal's Hymn
TRIFVKW128F145C141,SOBCPJM12AF72A4F1D,ARDSWIE1187FB39056,Gang Starr,The Illest Brother,Daily Operation,1992,284.73424,0.705881776978,0.491178953749,hip hop,Hip-Hop; east coast hip-hop; 1992; DJ Premier Productions; rap,819,271,75.894664,0,255.21597978469015,136.87025724466503,0.17108782155583127,0.21100714555212205,0.33125096022519607,David Bowie,Baal's Hymn
TRBERRB128F932D534,SOIFEFO12AB017D3C3,ART0ATJ1187FB531D2,Dar Williams,Mortal City,Mortal City,1996,436.34893,0.760580860769,0.462231864926,folk,folk; female vocalists; Words escape me; singer-songwriter; narrative,667,240,59.974995,0,264.5380177357403,145.38309374256727,0.18172886717820907,0.21234232083864818,0.3281382234851789,David Bowie,Baal's Hymn
TRWYIWJ128F42BC158,SOADHZE12A8C13FB39,ARNJ9LU1187B9A56A6,Il Divo,Musica,Siempre,2006,237.11302,0.769757193856,0.579216383633,classical,Il Divo; classic; amazing vocals; cenas; wanted,93,52,12.961481,0,277.26198373920465,271.1607813594873,0.33895097669935914,0.9484833645809869,0.9495538935594571,Il Divo,Adagio
TRQXNGQ128F4266139,SOWFORM12A8C132376,ARINP8U1187FB55671,Amici Forever,Adagio,Defined,2005,197.98159,0.529339953034,0.36198242117,classical,Classical,93,53,12.922848,0,275.4390739057566,269.31463313586323,0.336643291419829,0.947491437480297,0.9485967275660532,Il Divo,Adagio
TRWAWSC12903CF3CBC,SOJDYAO12AC960A0C4,ARRZZGC1187B993590,Gianmaria Testa,Il meglio di te,Altre Latitudini,2003,174.07955,0.525042733814,0.407038551479,jazz,77davez-all-tracks; jazz; italiana; italian; blues,99,34,23.10844,0,319.96946680812187,312.4095455601328,0.39051193195016604,0.8139596266968582,0.8174680091975923,Il Divo,Adagio
TRTLEVO128F425EA4F,SOGBKDN12A8AE469FE,ARK36B71187FB589D2,Paul Potts,O Holy Night,One Chance - Christmas Edition,2007,265.35138,0.690856950177,0.384766646253,classical,christmas; opera; weihnacht; paul potts etc; fmera xmas,226,116,24.454039,0,111.14911072312441,104.62511712139937,0.1307813964017492,0.5023030535901081,0.5116039351176068,Il Divo,Adeste Fideles
TRKTFBP128F92DD391,SOAPBQG12A8AE49981,ARNJ9LU1187B9A56A6,Il Divo,O Holy Night,Christmas Hits,2005,239.67302,0.769757193856,0.579216383633,classical,christmas; Il Divo; contemporary classical; Classical; pop opera,143,72,22.825424,0,81.37853168105342,76.8076172100181,0.09600952151252262,0.42730324801244546,0.4392140524239273,Il Divo,Adeste Fideles
TRMCVSI12903CB6233,SOUYTNH12AB018E30D,ARCHADY11C8A4220A1,School Food Punishment,Flow,Riff-Rain,2008,293.92934,0.634730067941,0.387546248435,pop,japanese; j-pop; rock; JPop; female vocals,73,13,26.832816,0,59.77320681801401,58.62513788665636,0.07328142235832046,0.40215329616118406,0.406379478586352,Il Divo,Adeste Fideles
TRAWUCS128F92FAA8E,SOLNPSC12AB017B9C6,ARMEW4Q1187FB57238,Gilberto Santa Rosa,Amor Mio No Te Vayas,Perdoname...¡Exitos!,1991,342.12526,0.646581908134,0.410093448379,latin,salsa; latin; great; tropical; almetlatino,300,101,49.396356,0,419.34522950610284,401.6248635970396,0.5020310794962995,0.66773007370017,0.6756686421083888,Il Divo,All By Myself (Solo Otra Vez)
TRXNMKN128F4272DAE,SOGEFKO12AF72AA17F,AR2P8X31187B9B5E04,Genitallica,Otra Vez,Sin Vaselina,2002,241.34485,0.593538504369,0.428574530973,latin,spanish; cool; Chido; locos; america latina,175,43,34.525353,0,302.515694446078,290.8367743410214,0.36354596792627675,0.5307496113204276,0.5405043191403179,Il Divo,All By Myself (Solo Otra Vez)
TRIKCWM128F92E54E7,SOSUTTK12A8C140440,AR81DGA1187B9A0A43,Reik,Sin Conocerte,Secuencia,0,195.63057,0.648878031936,0.580683445284,pop,pop; latin pop; koli; empalagosingas,304,102,40.472213,0,344.6275885184892,322.81539383127307,0.40351924228909136,0.512543547084835,0.5260470687471664,Il Divo,All By Myself (Solo Otra Vez)
TRNLJWY128F1455FA9,SOMLXPG12A6D4F7CF7,ARLVU821187B998BC2,Hayley Westenra,Amazing Grace,Pure,2003,220.1073,0.740884859761,0.43930896966,classical,Classical; female vocalists; beautiful; New Zealand; female vocalist,146,80,16.763055,0,215.94708186534606,201.40664132226095,0.2517583016528262,0.9296111674057823,0.9340011811011579,Il Divo,Amazing Grace
TRRZREZ128E078F7E4,SOEBLVC12A6702081E,ARHTHC01187B9B6D2A,Michael McDonald,Peace,In The Spirit-A Christmas Album,0,200.14975,0.712675204333,0.563362693588,r&b/soul,soulful; christmas; piano; strings; vocals,134,84,18.493242,0,78.8890141813871,63.76519017862282,0.07970648772327853,0.30836733313589637,0.35547724710242484,Il Divo,Amazing Grace
TRUVUPZ128F92FC88C,SOEKBGW12A58A778E6,ARPJ3HN1187B98DB5E,Snog,Playstation Blues,Beyond The Valley Of The Proles,2003,289.04444,0.606502143695,0.421584947358,electronic,electrofolk,131,52,16.613248,0,73.94176093446677,64.19061860330754,0.08023827325413442,0.28124842208339623,0.3092247342043,Il Divo,Amazing Grace
TRIJHLY12903D0CE4D,SOAEBYL12AC468B119,AR1ZHZ51187FB37FEC,Violadores del Verso,Cantando,Vivir Para Contarlo,2006,312.92036,0.658189532108,0.503436953654,hip hop,Hip-Hop; spanish hip-hop; rap; spanish; hip hop,671,209,83.660026,0,542.5164713796885,496.46389214091477,0.6205798651761435,0.6082930674664307,0.6268493454940526,Il Divo,Angelina
TRRUSZX128F1480C9F,SOMMYOR12A6D4FA27A,AR7PARM1187FB52B76,El sueño de Morfeo,Sonrisa especial,El sueño de Morfeo,2006,215.61424,0.54811484852,0.356559153165,latin,favourite; latin; Must be played loudly; spanish; female vocalists,199,47,27.730849,0,295.4608454234364,279.8848615420694,0.34985607692758675,0.5940857173032589,0.6068640446098289,Il Divo,Angelina
TRNRKRY128F147627E,SOKNONI12A6D4F7E2F,ARPXYOG12086C11B80,Nach Scratch,Abre tu puerta (y cruza el universo),En la brevedad de los dias,0,249.44281,0.663325814794,0.457770645878,hip hop,rap; hip hop; spanish hip-hop; 90s hip-hop spanish,361,154,48.877398,0,374.3049697758157,343.637295962517,0.42954661995314625,0.5633497176388469,0.5832852012365168,Il Divo,Angelina
TRXNYOZ128F42BC146,SOBTJJR12A8C13FB29,ARNJ9LU1187B9A56A6,Il Divo,Come Primavera,Siempre,2006,229.09342,0.769757193856,0.579216383633,classical,opera; Il Divo; male vocalists; classic; pop,81,35,15.099669,0,165.0716577615124,161.88716297761025,0.20235895372201282,0.802885989064934,0.8058842547566607,Il Divo,Ave Maria
TRJQRGK128F42A8AF9,SOXUYDK12A8C13D7EB,ARR5C2M1187FB394A5,Frankie HI-NRG MC,Fili,La Morte Dei Miracoli & Diff. Coupling,1997,201.42975,0.49074075351,0.419658201591,rock,jecks; rock; funk; groovy; funky,130,54,24.289916,0,232.94468553056478,228.05046569845013,0.28506308212306264,0.7682146198447859,0.7718412323565418,Il Divo,Ave Maria
TRGNRZC128F146D620,SOLVICZ12A58A7A683,ARCUJ1T1187B997B07,Vittorio Grigolo,Roma Sogna,In The Hands Of Love,2006,246.90893,0.444128992615,0.395701272286,classical,contemporary classical; Classical; vittorio grigolo; crossover; opera,136,63,22.271057,0,229.199923214522,224.68597616609642,0.28085747020762053,0.763371650836546,0.7669142320225958,Il Divo,Ave Maria
TRKDIWP128F92F19AA,SOZUFWK12AAF3B2720,AREMOC71187B996C2F,Lara Fabian,Caruso,En Toute Intimite,0,302.36689,0.631702561609,0.507257936661,classical,Classical; french; female vocalists; ballads; Love,167,61,24.474477,0,371.15423838914546,363.9928875085202,0.45499110938565024,0.950571142565779,0.9514628332432753,Il Divo,Caruso
TRZITCI128F426837D,SOVUIPG12A8C13688B,ARDWUDB1187B992CD0,Sergio Cammariere,La Canzone Dell' Impossibile,Sul Sentiero,2004,267.20608,0.537862839941,0.396413335671,jazz,jazz; ambient; piano; italian; singer,118,60,19.595918,0,301.62589160234177,294.0090265621779,0.36751128320272236,0.7945753628813466,0.7985664860660134,Il Divo,Caruso
TRTHGQX128F422894C,SOHKDXA12A6D4FDC49,AR3TZ691187FB3DBB1,Russell Watson,Nessun dorma!,Outside In,2000,187.50649,0.568200537034,0.380862139684,classical,opera; beautiful; Klassik; classicos; Russell Watson,49,31,7.549834,0,155.31201730817662,152.5657024794125,0.19070712809926563,0.7902424760202247,0.7928912576875771,Il Divo,Caruso
TRVFSWI128F42ACE94,SOJZKPG12A8C13F9E0,ARNJ9LU1187B9A56A6,Il Divo,Ave Maria,Ancora,2005,291.89179,0.769757193856,0.579216383633,classical,Classical; Il Divo; christmas; Ave Maria; vocal,73,28,10.908712,0,165.0716577615124,161.88716297761025,0.20235895372201282,0.8028859890649394,0.8058842547566606,Il Divo,Come Primavera
TRJYZZK128F92E49F5,SOANXBN12AB017FAE3,ARJR2SS1187B98966A,Raf,Passeggeri Distratti,Passeggeri Distratti,0,233.35138,0.580302122975,0.360642140099,latin,italian; raf; gospel brasil; passeggeri distratti; latinoboys,127,52,18.411953,0,201.12339301237913,196.4241784243318,0.24553022303041477,0.7553772298611363,0.7597131133676572,Il Divo,Come Primavera
TRLJSVR128F9316694,SOIICDQ12AB017EAD9,ARK36B71187FB589D2,Paul Potts,Tristesse,Passione,2009,203.85914,0.690856950177,0.384766646253,classical,Classical; opera,54,33,8.0,0,131.37017508101238,128.92354612047404,0.16115443265059257,0.7542185447350506,0.7574706508152329,Il Divo,Come Primavera
TRLJSTZ128F4241831,SOTEXNI12A8AE46AAE,ARGVJPK1187B9909EA,Josh Groban,Oceano (Revised Live Version),Live At The Greek,2004,236.45995,0.765357013064,0.755149913058,classical,Classical; live; favorit; male vocalist; vocal classical,130,56,21.794495,0,309.87339712104506,301.4992184944819,0.37687402311810236,0.7435419439328944,0.7487291386000311,Il Divo,Dentro Un Altro Si
TRTUKTS128F92D1044,SOTSRFU12A8C14262C,ARW9W76119B86685F8,Le Luci Della Centrale Elettrica,Per combattere l'acne,Canzoni da spiaggia deturpata,2008,196.20526,0.592005282138,0.406137732436,folk,77davez-all-tracks; italian; singer-songwriter; folk; post-enel,110,42,19.621417,0,276.2380033382937,268.7347459013084,0.3359184323766355,0.7396457850513297,0.7449116797707365,Il Divo,Dentro Un Altro Si
TROKOBT128F14A2088,SOZCUIF12A58A804BF,ARHJYDO1187B99F113,Caparezza,L'Età Dei Figuranti,Verità Supposte,2003,232.28036,0.682428529866,0.427115948361,hip hop,rap; italian; artist: CapaRezza; Ross tracks; alta classe,176,80,21.587033,0,332.00964796634173,321.4995364089559,0.4018744205111949,0.7358990980674177,0.741945280711472,Il Divo,Dentro Un Altro Si
TRZYVQE128F42660F7,SOEGNRW12A58A7D9AB,ARINP8U1187FB55671,Amici Forever,Aranjuez Ma Pensee,Defined,2005,234.9971,0.529339953034,0.36198242117,classical,contemporary classical; Classical; vocal; classical crossover; tenor,82,38,14.525839,0,342.1494318166908,331.6724034594364,0.4145905043242955,0.8931605198130813,0.8958770753407819,Il Divo,En Aranjuez Con Tu Amor
TRABPNV128F1476532,SOBJHKK12A6D4F928A,ARUFGPW121318C597F,Loquillo Y Los Trogloditas,Hermanos de sangre (Rulot 05),Hermanos de sangre,0,314.98404,0.189208793454,0.0,rock,rock iberico,143,36,31.352831,0,263.02392526824826,251.73786959922384,0.3146723369990298,0.5942496151841836,0.6044984317695126,Il Divo,En Aranjuez Con Tu Amor
TRWMMJS128F4289073,SODGHNL12A8C139F74,AR1BQ6Y1187B98D586,Jorge Drexler,No te creas,Sus primeras grabaciones 1992-1994,1994,231.88853,0.641037028874,0.412069262788,folk,nice; folk; latin; singer-songwriter; 1994,78,40,13.416408,0,191.94014103422128,183.09036196745328,0.2288629524593166,0.590806039766836,0.602045980045025,Il Divo,En Aranjuez Con Tu Amor
TRDFNLR12903CB0FE4,SOFDJSB12AB0183B5B,ARGN0KR1187B991A99,Camila,Alejate De Mi,Dejarte De Amar,2010,258.53342,0.773552650161,0.582389821119,latin,Online Song Contest; OSC27; spanish; latinoboys; latin,272,68,42.43819,0,345.99549634595604,332.27723442458444,0.41534654303073054,0.7029116094570566,0.7107875507710657,Il Divo,Enamorado
TRZVCFO128F9309204,SOTFGTY12AB01818F9,AR0JURX1187FB3C8FF,Illya Kuryaki And The Valderramas,Virgen De Riña,Ninja Mental - Unplugged MTV,1993,316.99546,0.587630679956,0.366157944895,hip hop,Hip Hop Rock,113,37,20.445048,0,180.9397958720087,174.02233817099204,0.21752792271374005,0.6134230120451392,0.6226048291070387,Il Divo,Enamorado
TRFCRKX128F421457B,SOMIPYU12A6D4FB8E6,ARYN2M61187B995BD6,Juanes,Volcan,Fijate Bien,0,212.16608,0.79321757945,0.549761225457,latin,Juanes; para que; demencial psycosis; ya lo vi; por las venas abiertas america latina,146,51,25.099801,0,202.20008378988805,192.4818620236547,0.2406023275295684,0.5612399428694586,0.5730133744700155,Il Divo,Enamorado
TRUVVCV128F425B46F,SORNOTZ12AAF3B5924,ARK36B71187FB589D2,Paul Potts,Ognuno Soffre,One Chance,2007,292.07465,0.690856950177,0.384766646253,classical,Classical; opera,113,42,16.0,0,216.0237886758345,211.5976085121113,0.26449701064013914,0.8255298921070695,0.828438841291986,Il Divo,Esisti Dentro Me
TRHEJBV128F146D61D,SOUXHYP12A6D4F6BF3,ARCUJ1T1187B997B07,Vittorio Grigolo,Se Tu Non Sei Lei,In The Hands Of Love,2006,265.482,0.557394662738,0.395701272286,classical,contemporary classical; mood for love; italian; calm; vocalist,165,70,22.93469,0,230.43670266167732,225.31108778708588,0.2816388597338573,0.7758893902556567,0.7796971778030175,Il Divo,Esisti Dentro Me
TRVFSWI128F42ACE94,SOJZKPG12A8C13F9E0,ARNJ9LU1187B9A56A6,Il Divo,Ave Maria,Ancora,2005,291.89179,0.769757193856,0.579216383633,classical,Classical; Il Divo; christmas; Ave Maria; vocal,73,28,10.908712,0,154.54356613503978,151.5232621292918,0.18940407766161474,0.7530123219241067,0.7566493140514318,Il Divo,Esisti Dentro Me
TRUVUPZ128F92FC88C,SOEKBGW12A58A778E6,ARPJ3HN1187B98DB5E,Snog,Playstation Blues,Beyond The Valley Of The Proles,2003,289.04444,0.606502143695,0.421584947358,electronic,electrofolk,131,52,16.613248,0,108.77323778439364,98.04646267784207,0.12255807834730259,0.370395081281638,0.39349988388659773,Il Divo,Everytime I Look At You
TRPMSPD128F42747B1,SOYSWYA12A8C134CA1,ARFM0TP1187B9A0745,Delta Goodrem,My Big Mistake,Innocent Eyes,2003,223.63383,0.742814725048,0.459946749674,pop,pop; female vocalists; piano; delta goodrem; australian,333,110,42.166337,0,140.33896122839622,112.82084395629089,0.1410260549453636,0.29501463922919313,0.34213112327750295,Il Divo,Everytime I Look At You
TRXNMLB128F92ED60B,SOBOLPJ12A8C14403E,ARPJ41Z1187B989CE7,Keith Anderson,Lost In This Moment,C'MON!,0,273.71057,0.703009129887,0.483916829483,country,country; country rock; Keith Anderson; modern country; l,313,95,47.296934,0,138.68945916298014,113.15064907184049,0.14143831133980062,0.29293444840380495,0.3367555464302271,Il Divo,Everytime I Look At You
TRYVOZZ128F42738F6,SOGYWXC12A8C13687B,AR3K1PY1187FB366AC,Bluvertigo,Niente Per Scontato,Zero,1999,311.45751,0.607690995401,0.478080588266,electronic,77davez-all-tracks; electronic; bluvertigo; it electronic,150,44,30.016662,0,411.57240210326216,401.47883153673814,0.5018485394209227,0.7035648263536837,0.7086610974628861,Il Divo,Feelings
TRTFUTA128F426408A,SOAAGGH12A8C136617,ARV481W1187FB38CD9,Andrea Bocelli,Semplicemente (Canto Per Te),Andrea,2004,271.46404,0.699348921494,0.513416573888,classical,andrea bocelli; Classical; italian; pop; vocal,182,71,29.068884,0,362.5725144477057,350.70456888197816,0.4383807111024727,0.6823031496546333,0.6892520915120306,Il Divo,Feelings
TROKOBT128F14A2088,SOZCUIF12A58A804BF,ARHJYDO1187B99F113,Caparezza,L'Età Dei Figuranti,Verità Supposte,2003,232.28036,0.682428529866,0.427115948361,hip hop,rap; italian; artist: CapaRezza; Ross tracks; alta classe,176,80,21.587033,0,377.95734961024027,365.4348085004785,0.4567935106255981,0.6761532304194444,0.6832580129184859,Il Divo,Feelings
TRMAYJY128F4281A3C,SOJTASV12A8C13AFBA,ARK985C1187FB3D3B9,Grupo Niche,Buenaventura Y Caney,Virtual Hits,1981,324.25751,0.638088313045,0.459060537559,latin,salsa; tropical; latin; rumba; comprar,165,89,20.760539,0,284.7555138380869,270.57559971165165,0.33821949963956455,0.7004885905311659,0.7099472325851968,Il Divo,Hallelujah (Aleluya)
TRZVPJH128F931D774,SOXMTJO12AB0183607,ARBJ3VU1187B9B472D,Love Of Lesbian,El ectoplasta,1999,2009,225.95873,0.674219378776,0.453906852886,pop,pop,191,95,21.817424,0,246.6168630543667,233.3622456067194,0.29170280700839923,0.6282803405602168,0.6402591632599266,Il Divo,Hallelujah (Aleluya)
TRQOHNT128F92FA8FB,SOBHPQI12A58A79472,AR2B3K21187B9B9A2E,Jerry Rivera,Amores Como El Nuestro,Historia_ Vol. I,2001,301.47873,0.650177336245,0.40496324532,latin,salsa; jerry rivera -amores como el nuestro; latin; Latin -  Salsa; hip-hop sample,182,77,25.806976,0,256.75487127207674,243.77048146918207,0.3047131018364776,0.6255609121426173,0.6371966969579441,Il Divo,Hallelujah (Aleluya)
TRXCPFR128F9340824,SOREUST12AB0183EEA,AR6GJDZ1187B991E46,KALIMBA,Llorar duele mas,Aerosoul,2004,318.69342,0.697887822017,0.435144671678,latin,Que sentimental; latin pop; Romantica; amor; empalagosingas,142,58,23.706539,0,221.56649805401932,209.5568340546344,0.261946042568293,0.6386382104809548,0.651388284577954,Il Divo,Hasta Mi Final
TRRWMIT12903CC9D38,SOLUHNJ12AB01871BC,AR21GEK1187FB3832F,Joe Arroyo,Tal Para Cual,20 Exitos Originales,1996,273.99791,0.595154448305,0.382943665768,latin,salsa; latino; joe; joe arroyo; fiesta,199,56,29.46184,0,264.6713137868279,249.46474538203194,0.3118309317275399,0.6324230627135433,0.6460608867967967,Il Divo,Hasta Mi Final
TREPEYQ128F9334F30,SOFREAO12AB0187603,ARL4W6Q1187FB4713C,Aventura,Todavía Me Amas,Sold Out At Madison Square Garden,2002,282.98404,0.88611681811,0.509478411938,latin,aventura; todavia me amas; Favorite; spanish; bachata,265,108,41.182521,0,266.1033341089413,247.574915319554,0.30946864414944253,0.6018655715092907,0.6186148978088802,Il Divo,Hasta Mi Final
TRTYYBE12903CC98EE,SOJGSYF12AB018CB01,ARXS6PG1187FB4195A,Plan B,Love Goes Down,The Defamation of Strickland Banks,0,232.59383,0.717883781235,0.514235017266,r&b/soul,RB; british; soul; favorites; best of 2010,238,81,41.036569,0,103.72926886138784,82.36740970028546,0.10295926212535683,0.2836092769703736,0.33261700738359573,Taylor Swift,Crazier
TRVDUQM128F42932E4,SOTRKCS12A8C1384D3,ARRSW6F1187FB52CF2,Clint Black,You Made Me Feel,One Emotion,1994,221.77914,0.71086657236,0.445339165385,country,country; clint black,240,83,37.709415,0,97.30356463887634,75.7464148790708,0.0946830185988385,0.2690865503440357,0.3210586671651726,Taylor Swift,Crazier
TRTPPKO128E0791E45,SOWQLJO12AF729C3AB,ARHJHO71187FB37F4A,Powerman 5000,Watch The Sky For Me,Tonight The Stars Revolt,1999,319.89506,0.639606021328,0.552971586135,jazz,jazz; industrial metal; metal; rock; lounge,152,58,21.283797,0,77.35975052700034,62.22122739774854,0.07777653424718568,0.2571616333363925,0.3003972154864644,Taylor Swift,Crazier
TRFUJVJ128F426F2A2,SOONCPO12AF72A1986,AR8W8P31187B9A4063,Lauryn Hill,Interlude 5,MTV Unplugged No. 2.0,2002,734.48444,0.697206464376,0.580125198887,r&b/soul,ms hill; the realness; The Truth; true; rnb,1903,409,215.044182,0,409.9845464048189,195.45181019785488,0.24431476274731861,0.20734522007092657,0.34709387157986504,Taylor Swift,Fifteen
TRIFVKW128F145C141,SOBCPJM12AF72A4F1D,ARDSWIE1187FB39056,Gang Starr,The Illest Brother,Daily Operation,1992,284.73424,0.705881776978,0.491178953749,hip hop,Hip-Hop; east coast hip-hop; 1992; DJ Premier Productions; rap,819,271,75.894664,0,259.33089977407474,140.82557640599828,0.17603197050749786,0.21279317691917046,0.33065517678164397,Taylor Swift,Fifteen
TRJPNAE128F425FAFB,SOZVCKM12A8C138484,ARRQWQW1187FB49844,King Tee,Act A Fool,Act A Fool,1988,258.82077,0.495738582877,0.372391990635,hip hop,Hip-Hop; rap; hip hop; West Coast Rap; west coast hip-hop,624,251,66.730802,0,236.04213668629419,128.52828448507844,0.16066035560634806,0.20916123044852414,0.32554532356558447,Taylor Swift,Fifteen
TREKDDG128F4298103,SOBDJYO12A81C22157,ARQNLH31187B9ADC1D,The Cat Empire,Days Like These,Two Shoes,2003,248.76363,0.685071701775,0.55166407686,reggae,ska; australian; funk; alternative; happy,559,226,58.566202,0,208.06060184931584,126.32219982687388,0.15790274978359237,0.23584141318102683,0.3346692350482318,Taylor Swift,Change
TRFUJVJ128F426F2A2,SOONCPO12AF72A1986,AR8W8P31187B9A4063,Lauryn Hill,Interlude 5,MTV Unplugged No. 2.0,2002,734.48444,0.697206464376,0.580125198887,r&b/soul,ms hill; the realness; The Truth; true; rnb,1903,409,215.044182,0,336.6116280069092,163.12408406153034,0.20390510507691292,0.19104850320820413,0.31848655432494966,Taylor Swift,Change
TRNIMRY128E0793303,SOOLEAJ12AB01868A3,ARHD3RX1187FB3A7DA,Steel Pulse,Handsworth Revolution,Handsworth Revolution / Rastafari Centennial,1978,321.43628,0.698452538946,0.502974636418,reggae,reggae; roots reggae; Steel pulse; 2giveme5; british,279,138,26.532998,0,129.53249874903847,93.78594051939484,0.11723242564924355,0.24445260402839072,0.30859553541004175,Taylor Swift,Change
TRMQQGH128F9301E4B,SONZTKX12A6D4FB006,ARIX1PC1187FB5608F,Mutya Buena,Not Your Baby,Real Girl,2007,208.53506,0.685487251348,0.423959313935,pop,pop; female vocalists; catchy; british babes; Energetic,402,104,61.171889,0,147.47686755023207,110.42369224731702,0.1380296153091463,0.28279822492703305,0.3449416952596124,Toby Keith,You Can't Read My Mind
TRXPMCA128F421A28C,SOHSOGT12A58A7DDC4,ARQRSO41187B997463,Dance Hall Crashers,DHC,The Old Record,1993,162.95138,0.537568678189,0.436114774999,reggae,ska; 3rd wave ska; Dance Hall Crashers; when we liked ska,284,122,33.0,0,145.84634310035057,106.52238434654144,0.1331529804331768,0.2628454470201712,0.32800405915850256,Toby Keith,You Can't Read My Mind
TRPJBLC128F933B748,SOFPRGJ12AB018332B,ARFKYP71187FB3A9B6,Daryl Hall,Help Me Find A Way To Your Heart,Soul Alone,1993,288.67873,0.504471045506,0.413450381922,r&b/soul,AOR; daryl hall john oates; 80s; soul; sad,442,127,63.142696,0,156.7857036051258,111.73240231942093,0.13966550289927615,0.25817935270847214,0.32789803124502837,Toby Keith,You Can't Read My Mind
TRNVKOI128E0799173,SOIYRHZ12A67AD8126,ARZ5H0P1187B98A1DD,Snoop Dogg,Snoopafella (Edited),The Best Of Snoop Dogg,0,263.54893,0.853831633625,0.608910282835,hip hop,rap; 90s hip-hop; FAV all time,948,322,98.833193,0,370.7867125995682,189.11916357372957,0.23639895446716197,0.2231149387694168,0.3583026038801618,Johnny Cash,Man In White
TRDUSIG12903CA5FCB,SOIWGDT12AB018A591,ARHDJIG1187B9AF524,Savatage,The Hourglass,Still The Orchestra Plays - Greatest Hits Volume 1 & 2,1997,486.97424,0.639999317102,0.507330127982,metal,Progressive metal; heavy metal; symphonic metal; savatage; metal,889,283,76.138033,0,394.74121215390045,198.55659199501915,0.24819573999377392,0.2137516947136018,0.34918453350868645,Johnny Cash,Man In White
TRQPUTX128F4262438,SOCMBEE12A8C131A30,ARS1PIB1187FB58AA6,Billy Gilman,Oklahoma,One Voice,2000,244.00934,0.680665276616,0.382998716753,country,country; pop; hit; top 40; bbilly gilman,336,134,39.433488,0,243.95618032574228,158.26539681067064,0.1978317460133383,0.2528618875986034,0.3422686604569137,Johnny Cash,Man In White
TRSEFKT128F932C54F,SOSANYV12AB0186251,ARQZTZ31187FB45B2E,Violet Indiana,Safe Word,Killer Eyes,2002,197.90322,0.543401909223,0.380135571455,electronic,ambient; Favorite; smooth; buy; Find More,170,46,31.064449,0,76.59601941450133,64.74433137506432,0.0809304142188304,0.2656209487959617,0.29836589361675714,Rascal Flatts,Holes
TRRBTBK128F92F8F42,SOEEBSI12A8C1428D9,ARNJ2C31187B9B3239,Nick Lowe,Indian Queens,The Convincer,0,221.72689,0.634280923328,0.436609576975,country,country rock; great; indie; pub rock; stuff to hear,238,79,36.523965,0,75.09173225163966,57.85235986250124,0.07231544982812654,0.23071925915301733,0.2801293017790271,Rascal Flatts,Holes
TRMYWIJ12903D0165D,SOZJKVQ12AB017F652,ARH5VMV1187B9AF579,Ulver,The Truth,Blood Inside,2005,241.68444,0.783364712226,0.497080591897,electronic,experimental; Avant-Garde; ambient; electronic; electronica,64,22,12.845233,0,42.50980610651165,37.007638347095416,0.04625954793386927,0.25248397467723227,0.27706952796538936,Rascal Flatts,Holes
TRQYLYP12903CC26F6,SOFXBUV12AB0187A06,ARVT7941187B9AEB48,Barry White,Never Gonna Give You Up,A Portrait of Dionne & Barry (CD2),1995,290.01098,0.724093528768,0.541876865526,r&b/soul,soul; Disco; Love; sexy; smooth,442,97,70.270904,0,222.9255142681134,161.52612483076632,0.2019076560384579,0.2802916056159031,0.34930527215368073,Sugarland,Baby Girl
TRPUIHY128F4268BF3,SOMVMAP12A58A7A18A,AREQIT21187B9AEB7F,Dusty Springfield,Send It To Me,Reputation & Rarities,1990,236.79955,0.670854098371,0.50042382202,r&b/soul,soul,293,88,45.53021,0,174.6306297011478,132.2438026676737,0.1653047533345921,0.27856401792344004,0.33644702760734535,Sugarland,Baby Girl
TRBUDSY128F428D976,SOJRAFF12A8C1391DD,ARJ6GR01187B98D64D,Lonestar,Please Come Home For Christmas,This Christmas Time,2000,169.01179,0.753475620346,0.529915121495,rock,christmas; xmas; rock; country; pop,140,71,17.776389,0,131.72035769443644,101.92083370570944,0.1274010421321368,0.2766257968904475,0.32879827725948746,Sugarland,Baby Girl
TRPGULX12903D05178,SOZDEKM12AB01866A4,ARMYAEZ12086C11AD9,Alexandra Burke,Dumb,Overcome,2009,202.21342,0.704062395244,0.501405492644,r&b/soul,rnb; alexandra burke; pop; dance; redone,453,89,53.795911,0,133.28854672828322,99.74290951076345,0.12467863688845432,0.24525504196565545,0.30267706908576375,Billy Currington,Growin' Up Down There
TRCHNMZ128F421BD61,SOBWJQZ12A6D4FD159,AR8WLM61187FB5A3CD,Confederate Railroad,Summer In Dixie (Remastered Album Version),The Very Best Of Confederate Railroad,0,181.78567,0.55597190395,0.377607391859,country,country,198,83,26.962938,0,129.2436419662843,100.52247102703575,0.1256530887837947,0.2500750805371272,0.2995683872052706,Billy Currington,Growin' Up Down There
TRPFZQP128F92ED639,SOJUEAS12AB017CDAE,ARP8HC01187B9AC42D,Dido,Summer,Safe Trip Home,2008,232.41098,0.787079686039,0.558475550109,pop,pop; summer; dido; Pop - Chilled; haikeus,213,96,28.266588,0,114.73701167235063,82.28894585711012,0.10286118232138765,0.22359288441290234,0.2864934181772651,Billy Currington,Growin' Up Down There
TRQTGOG128F92EBAB0,SOHDAPA12A58A7F984,AR45PLQ1187B9A640E,Blacklisted,Wish,Heavier Than Heaven_ Lonelier Than God,2008,204.82567,0.655363327333,0.452489832635,metal,hardcore; Blacklisted,100,65,14.764823,0,64.23097152330021,55.55226707236514,0.06944033384045642,0.31109031783512986,0.34300327061903746,Billy Currington,Hangin' Around
TRETCSD128F425A3B9,SOJXNRW12A8AE47CC3,ARMOXAG1187FB54041,The Coral,I Forgot My Name,Nightfreak And The Sons Of Becker,2004,165.04118,0.748040951538,0.598067529582,jazz,2000s; a light swing groove; attention 5k May 07; attention May 07; Attention 5K 07,147,20,46.11941,0,54.058835515616806,50.17378671701698,0.06271723339627122,0.30112014288938377,0.31480246372992504,Billy Currington,Hangin' Around
TRBIVSX128F145C183,SOTHXQK12A6D4F6902,ARVA5B71187B9A0FCD,Incognito,Chase The Clouds Away,Jazz Funk,1992,275.35628,0.693952590684,0.51122068147,jazz,jazz; Incognito; drjazzmrfunkmusic; ColJF; CKOOL,141,69,22.315914,0,73.32429609027972,62.99738787523666,0.07874673484404583,0.28150779672753945,0.31313701606742667,Billy Currington,Hangin' Around
TRIHDZB128E0791C61,SOXOKBN12A670214D3,ARKVD621187B9B95FC,Remy Shand,Looking Back On Vanity,The Way I Feel,2002,299.36281,0.537849447116,0.36419124423,r&b/soul,soul; just chill okay; remy shand; chill; RB,169,80,22.315914,0,113.56731816325843,95.14879317409033,0.11893599146761291,0.29871400862775727,0.3370294899017328,Billy Currington,Here I Am
TRGAFJY128F1464C16,SOLCSXJ12A6D4F854B,AR2XJGJ1187B9986A9,Houston,Twizala,It's Already Written,0,218.20036,0.568227980581,0.433325272258,r&b/soul,rnb; searching for love; brain2brain,524,108,81.547532,0,140.47578813508443,113.44745575293322,0.14180931969116653,0.25115875282796807,0.2933864906158084,Billy Currington,Here I Am
TRULIIL128F4228AC8,SOHQSLE12A6D4FD852,ARRZUPG11F43A69EF7,Jackson 5,Lookin' Through The Windows,Motown Gold - The 1970s,1972,213.91628,0.652215037254,0.661674150757,r&b/soul,motown; soul; pop; 70s; Jackson 5,221,64,40.07493,0,128.91941542485844,109.02549903562313,0.1362818737945289,0.25952408747983235,0.29285580025123875,Billy Currington,Here I Am
TRPUQZI128F42932C6,SOZLAUJ12A8C13A2C7,ARRSW6F1187FB52CF2,Clint Black,Half The Man,No Time To Kill,1993,180.4273,0.71086657236,0.445339165385,country,country; country waltz,169,66,26.532998,0,114.68598942559133,99.38740182522817,0.12423425228153522,0.4195525280913409,0.45421533006061204,Billy Currington,She's Got A Way With Me
TRQYLYP12903CC26F6,SOFXBUV12AB0187A06,ARVT7941187B9AEB48,Barry White,Never Gonna Give You Up,A Portrait of Dionne & Barry (CD2),1995,290.01098,0.724093528768,0.541876865526,r&b/soul,soul; Disco; Love; sexy; smooth,442,97,70.270904,0,138.76235339391727,110.44821639319795,0.13806027049149744,0.3349426185530215,0.387443626318947,Billy Currington,She's Got A Way With Me
TRFRXGD128F42717FF,SOHCAKG12A8BED7973,ARH861H1187B9B799E,Johnny Cash,A Thing Called Love,16 Biggest Hits Volume Ii,1972,155.01016,0.817256939293,0.746403980181,country,country; folk; Love; Johnny Cash; classic country,243,111,26.683328,0,108.54808481085666,83.31260606247463,0.10414075757809328,0.2965996472700074,0.35437639552200606,Billy Currington,She's Got A Way With Me
TRHXTSH128F932472E,SONCGGR12A8C14193D,ARTMDQM1187B9B8007,Lyle Lovett,North Dakota,Live In Texas,1992,388.07465,0.696864365834,0.536945011948,country,country; alt country; americana; lyle lovett; guitar,231,80,41.42463,0,99.9648648921847,80.06452020351139,0.10008065025438924,0.2639353566251549,0.3092469605338192,Billy Currington,That's How Country Boys Roll
TRGIBQG128F9335E63,SOMXVVN12AF72A7241,ARX9KBJ1187FB3A99C,Alabama,Roll On (Eighteen Wheeler),"Mountain Music ""The Best Of Alabama",1984,265.03791,0.700372111565,0.523497716068,country,country; Alabama; classic country; country rock; favorite songs,406,120,76.24959,0,164.41937834156187,129.1305749568702,0.16141321869608774,0.25958334769882635,0.30853908992188234,Billy Currington,That's How Country Boys Roll
TREAUPB128F4266117,SOUFKJQ12A58A77756,ARIBGNM1187B99A598,Nivea,Indian Dance,Complicated,2005,230.32118,0.792599115977,0.452532435995,r&b/soul,nivea; sexy; female vocalists; rnb; The-Dream,420,113,57.939624,0,172.94250778881417,136.28059776265928,0.1703507472033241,0.2569303855056046,0.3049238535446386,Billy Currington,That's How Country Boys Roll
TRUADOK12903CCDB56,SOCAQJZ12AB017D40A,ARGE7G11187FB37E05,Cyndi Lauper,Girls Just Want To Have Fun,100 Movie Hits,1983,226.2722,0.712886029823,0.55925726175,pop,80s; pop; female vocalists; cyndi lauper; dance,335,72,81.363382,0,154.99930226762848,133.23009257033664,0.1665376157129208,0.30629013599855687,0.33926047013349814,Billy Currington,Where The Girls Are
TRLXTVZ128F92E5047,SOOKXFS12AB0180721,ARG6AM01187B98A91B,Greg Laswell,Girls Just Want To Have Fun (Demo),Confessions Of A Shopaholic,0,156.00281,0.724556535532,0.493867712758,folk,singer-songwriter; piano; indie; chill; Love,139,61,22.113344,0,104.04135856229001,88.60351776310546,0.11075439720388182,0.2972209353593576,0.3317790515139425,Billy Currington,Where The Girls Are
TRXFYNS128E07824A6,SODUWQX12A6310E09E,ARMG34A1187FB548A8,Thomas Dolby,Screen Kiss,The Flat Earth,1984,333.81832,0.641354080934,0.384230562973,punk,new wave; 80s; Thomas Dolby; punkd; Music from Blue Jam,240,123,22.803509,0,106.9721355318813,80.94918451735596,0.10118648064669494,0.23005114256978243,0.28235398613387386,Billy Currington,Where The Girls Are
TRCKPMF128F92EBEF6,SOIVITZ12AB018218F,ART18T21187B98D04F,Cross Canadian Ragweed,Lawrence,Cross Canadian Ragweed Mission California.,0,302.70649,0.739230337,0.515177401196,country,Alt-country,159,91,20.124612,0,144.92815090682683,120.9946132613483,0.15124326657668538,0.36832898054935415,0.4112183181366746,Johnny Cash,Daddy Sang Bass
TRXMACV128F421CDC1,SOOYZRY12A6D4FD891,AR470HW1187FB3B8DF,Merle Haggard,Daddy Frank,The Fightin' Side Of Me - 15 #1 Hits,2004,225.43628,0.64606961904,0.57362987631,country,country; classic country; Merle,216,102,23.685439,0,174.30748927711588,141.7652278356089,0.17720653479451112,0.32863680917121596,0.3757294420746338,Johnny Cash,Daddy Sang Bass
TRFQNWX128F428531C,SOUZEOT12D021B3B83,ARYJSY01187B9B7C65,Dolly Parton,Daddy's Moonshine Still,RCA  Country Legends,1971,209.18812,0.765263787803,0.594469274524,country,country,352,163,38.522721,0,210.99818876469516,157.93806223009338,0.19742257778761674,0.2994887272795355,0.3621773734842599,Johnny Cash,Daddy Sang Bass
TRWOADE128F9310106,SOIDJYH12AB0183988,ARD14NV1187B99C6CC,Louis Logic,Dos Factotum,Sin-A-Matic,2003,287.81669,0.582398956277,0.390965140274,jazz,Jazz Hop; hip hop; chilled; jazz; Hip-Hop,679,232,73.851202,0,139.1921460875548,96.54921239683466,0.12068651549604333,0.2388981630661634,0.3095648750208025,Johnny Cash,I Don't Know Where I'm Bound
TRSHPCJ128F4277C37,SOYPYZV12A8C13CCDF,ARD1X7Y1187B9A671F,Soulfly,One Nation (Album Version),3,0,222.82404,0.73562792967,0.52251650281,metal,metal; Nu-metal; good; Soulfly; Nu Metal,278,124,30.116441,0,93.92501501183929,71.70796723101515,0.08963495903876893,0.24374101529176773,0.2968191643082354,Johnny Cash,I Don't Know Where I'm Bound
TRUTSYG128F92DEE3E,SODESVE12A8C1446D1,ARYYCVC1187B9A8510,Bessie Smith,Back water blues,The Quintessence : The Empress (1923-1933),1990,198.63465,0.637521050415,0.404798068262,blues,blues; 30s; blues jazz; bessie smith-martin scorses presents the blues; bessie smith-back water blues,166,95,18.384776,0,69.71621637910911,52.471565049025735,0.06558945631128217,0.23762776829258705,0.29278702410390495,Johnny Cash,I Don't Know Where I'm Bound
TRRLLUQ128F147D9F2,SOHHAYF12A6D4F8C67,ARHILS61187FB3C363,Nothingface,Villains (Full-Length),An Audio Guide To Everyday Atrocity,1998,208.3522,0.626826234766,0.391805183618,metal,metal; Nu-metal; Nu Metal; velocitywebdev altmetal,277,121,34.044089,0,134.96083105995663,109.19329766781158,0.13649162208476448,0.3049601661320167,0.3509954489749915,Johnny Cash,I Was There When It Happened
TRZGXNM128F1451ADF,SOGGUIK12A6D4F5F5B,ARHTAPO1187FB5AADE,Iron Maiden,Lord Of The Flies (Live In Dortmund),Death On The Road,0,303.80363,0.798760725027,0.583910002743,metal,metal; hard rock,233,97,31.0,0,117.67005462285628,95.94767796037259,0.11993459745046574,0.250544049943766,0.29077330918098715,Johnny Cash,I Was There When It Happened
TRRNJVY128F93312B7,SOVRXLQ12AB018183B,ARKVLYL1187B98DD50,Ginuwine,Ginuwine 4 ur Mind,Ginuwine... The Bachelor,1996,322.87302,0.78626800889,0.496705942843,hip hop,Hip-Hop; rnb; chillin; prince cover; timbaland production,383,84,86.116201,0,120.33520115140169,96.7656520381414,0.12095706504767674,0.24121618498823919,0.28331447893098677,Johnny Cash,I Was There When It Happened
TRBTUML12903CE6ACF,SOMTUFP12AC392B62D,ARMPI3T1187FB37025,Esham,Killin' Spree,Psychopathics From Outer Space Part 2!,2003,177.47546,0.648587182873,0.4614118837,hip hop,Psychopathic Records; Esham; psychopathic; michigan rap; Freddy Krueger,451,162,60.074953,0,172.60866289683398,118.83668221443476,0.14854585276804344,0.25303200091113537,0.3297682978272405,Johnny Cash,The Big Battle
TRIFVKW128F145C141,SOBCPJM12AF72A4F1D,ARDSWIE1187FB39056,Gang Starr,The Illest Brother,Daily Operation,1992,284.73424,0.705881776978,0.491178953749,hip hop,Hip-Hop; east coast hip-hop; 1992; DJ Premier Productions; rap,819,271,75.894664,0,216.3079575694307,122.25611915211944,0.1528201489401493,0.21501639520334365,0.32385036717896515,Johnny Cash,The Big Battle
TRGXGMH128F92F5B48,SOIOCHH12AF72A4E08,AROQSCE1187B99F0FC,John Denver,El Paso,The Harbor Lights Concert,2002,352.15628,0.792063891824,0.527654565966,rock,classic rock; country; folk; singer-songwriter; oldies,457,196,49.799598,0,166.71337606915728,100.98006677270912,0.1262250834658864,0.221599542160934,0.31884748398723656,Johnny Cash,The Big Battle
TRZJCNT128F426BFCC,SOWNWBW12A8C13B65E,AR4DW2Q1187FB44DB6,Billy Currington,She's Got A Way With Me,Doin' Something Right / Billy Currington,2005,285.30893,0.782033807011,0.752100873183,country,country; Love; beautiful; Favourite Songs; 2010 list,214,91,35.623026,0,108.54808481085666,83.31260606247463,0.10414075757809328,0.2965996472700094,0.354376395522006,Johnny Cash,A Thing Called Love
TRBGUUE128F1494FB6,SOGDJWU12A58A7DA10,ARJA1841187FB3A029,David Bowie,Baal's Hymn,In Bertolt Brecht's Baal,1982,243.06893,0.865970006331,0.594733860303,classical,80s; Soundtrack; cover; favorite songs; orchestral,354,182,31.527766,0,156.79776049880115,107.2376470227461,0.13404705877843262,0.25853065656656793,0.33725074832425367,Johnny Cash,A Thing Called Love
TRHYGME128F92FCC03,SOYXDXJ12AB017F815,AR11YQ81187FB3C654,Dixie Chicks,Travelin' Soldier,Home,2002,342.59546,0.827409365182,0.57690228099,country,country; female vocalists; sad; story; political,458,148,44.226689,0,161.27520132247983,111.23544405116935,0.1390443050639617,0.24630789876136788,0.32138371866292514,Johnny Cash,A Thing Called Love
TRAYFJC128F936134C,SODNYLK12AB0184688,ARSHZBZ1187B98A445,Joe Bonamassa,Asking Around For You,You & Me,2006,257.61914,0.675919556522,0.511054353898,blues,blues; blues rock; rock; Joe Bonamassa blues; Guitar Solo,404,63,64.714759,0,178.29634168948667,152.4763306031704,0.190595413253963,0.3674160664648924,0.40424445851667173,Johnny Cash,You Dreamer You
TRQZWCA128F429B082,SOECAWK12A8C13CB9A,ARZYZUU11F4C841DCC,Gatsbys American Dream,Just Like Heaven,Punk Goes 80's,2005,181.2371,0.772139961846,0.504692987658,rock,cover; covers; the cure cover; cure cover; alternative,199,100,28.774989,0,104.68418186493741,83.05394117739424,0.1038174264717428,0.2966269124765025,0.347002906243515,Johnny Cash,You Dreamer You
TRTATPW128F428D14E,SOIQWMA12A8C137455,AREZWXB1187FB4958E,Brooks & Dunn,You're My Angel,If You See Her,1998,192.07791,0.755277473198,0.531263313596,country,country,102,47,21.563859,0,70.59384777657279,60.42486511669404,0.07553108139586756,0.30290745485270737,0.33581097563075984,Johnny Cash,You Dreamer You
TRVAXHF128F931FB04,SOCOYYL12A3F1ED352,ARUCF6P11A348F0B17,Demi Lovato,Until You're Mine,Don't Forget,2008,211.04281,0.326943433879,0.563533106925,pop,pop rock; Demi Lovato; pop; female vocalists; rock,289,92,43.48563,0,117.65868857625821,93.1190083970799,0.11639876049634987,0.26761398045132756,0.31569894011106964,Johnny Cash,I Walk The Line
TRONSNL12903D025C7,SOWRHCT12AC9618615,AR4ZNBW1187FB554B8,Tony Bennett,Close Your Eyes,Stranger in Paradise,1997,114.65098,0.761004081049,0.549138581538,jazz,1950s; jazz singer; jazzsinger; jazz-standard,70,46,14.071247,0,57.07758081384129,49.747169971718556,0.0621839624646482,0.28580561440689406,0.3137518930310808,Johnny Cash,I Walk The Line
TRYJHFZ128E0784706,SOHZSUF12A6701D97D,ARROWYU1187B9AB4BB,Big Bad Voodoo Daddy,Still In Love With You,This Beautiful Life,1999,270.10567,0.620995693213,0.541998481428,jazz,swing; jazz; Big Band; Neo-swing; Good Stuff,231,68,39.153544,0,91.55918083323766,74.40897227223115,0.09301121534028894,0.2652379893639551,0.30756731962177414,Johnny Cash,I Walk The Line
TRTGWNP128F426FFFE,SOLRHXB12A8C1365CA,ARGEP9L1187B98B585,Disgorge,Parallels Of Infinite Torture,Parallels Of Infinite Torture,2005,303.38567,0.609743742337,0.376999759815,metal,Brutal Death Metal; grindcore; death metal; goregrind; fan heavy,126,66,16.733201,0,55.92920032742875,51.242663640385,0.06405332955048125,0.31148778946712197,0.33055710283050305,Johnny Cash,Life's Railway To Heaven
TRPLWSA128F92D555C,SOKNHPO12A8C1435F9,ARABYN61187B997D4E,Flipsyde,Angel,We The People,2005,266.68363,0.747119885341,0.499972867111,hip hop,Hip-Hop; Flipsyde; pop; pop hip-hop; my loved ones :p,448,158,55.87486,0,100.1675296251813,83.33733481557042,0.10417166851946302,0.2844207996772424,0.31887852130213556,Johnny Cash,Life's Railway To Heaven
TRONCDA128F42387D9,SOKGYPN12A8AE48486,ARY20CG1187B9B0C14,Scapegoat,Monster,Let Our Violins Be Heard,0,236.93016,0.643734870442,0.376949332107,punk,emocore; experimental; metalcore; screamo; post-hardcore,251,84,31.874755,0,64.83100057144897,55.84632621074811,0.06980790776343514,0.25575277886003994,0.2843473589168619,Johnny Cash,Life's Railway To Heaven
TRVBRPP128F4294251,SONZSAM12A8C141445,ARL46O21187B995E9E,Jazzamor,fly,A Piece of My Heart,2004,235.96363,0.636027603295,0.421074977589,electronic,lounge; electronica; downtempo; chillout; female vocalists,285,83,51.195703,0,132.83279250943605,107.43955725605637,0.13429944657007048,0.29930226932792575,0.34559192253602017,Darius Rucker,If I Had Wings
TRIYZBJ128F933D72E,SOOYLAP12A58A7917C,ARZ79B31187FB4F562,Percy Sledge,My Special Prayer,Love Songs We Used to Share,1985,182.54322,0.745844867409,0.501052749368,r&b/soul,soul; percy sledge; oldies; love song; dream pop,129,56,18.601075,0,70.640997098492,59.129904950514906,0.07391238118814364,0.27454113894901416,0.31082275711930324,Darius Rucker,If I Had Wings
TRSJVQJ128F9309132,SOMKBLI12AB0181374,AR4J4EW1187B9AB9EF,Newcleus,Why,Space is the Place,1985,481.33179,0.589142032981,0.398639480137,electronic,electro; electronic; synthpop; synth pop; amazing,178,75,23.811762,0,78.60876019515611,62.09045766379665,0.07761307207974581,0.2561932697739858,0.3036499412584859,Darius Rucker,If I Had Wings
TRDWGIG128F42862FC,SOPOXGG12A8C1406D7,ARNMWP51187FB3E963,Curtis Mayfield,Don't Worry (ReMastered),Future Shock,2006,469.91628,0.786921231369,0.495306693411,r&b/soul,soul; 1970s; freedom; Supa Funky,188,84,39.862263,0,150.86963535215222,131.47391810262465,0.16434239762828082,0.31900778216674514,0.34939133661333743,Luke Bryan,Pray About Everything
TRMQHUX128F428B252,SOXGNZC12A58A7CE2F,AR7SZQM1187FB3F5EF,Carolyn Dawn Johnson,One Day Closer to You,Room With A View,2001,191.9473,0.593083590887,0.44040394866,country,country; 00s country pop; 00s country; country divas; ladies of country,263,87,34.756294,0,142.06441580041673,118.05466831291724,0.14756833539114655,0.2968891355024388,0.3368733379676445,Luke Bryan,Pray About Everything
TRJOFTE128F4278CA8,SOCKAFZ12A8C136B7C,ARS56M31187B991A14,Billy Ray Cyrus,Crazy 'Bout You Baby,Southern Rain,2000,201.1424,0.775610069859,0.489340019066,country,country; rock; 2000,309,85,60.671245,0,158.64524969766956,132.40106540917446,0.16550133176146808,0.2801724115967736,0.31804438422789333,Luke Bryan,Pray About Everything
TRFRWCW128F9316687,SOBSTGK12AF72A79B0,ARK36B71187FB589D2,Paul Potts,La Prima Volta (First Time Ever I Saw Your Face),Passione,2009,242.18077,0.690856950177,0.384766646253,classical,opera; choir; joni; LA PRIMA VOLTA; gmix12,144,59,22.0,0,97.03310847373275,82.14786921224663,0.1026848365153083,0.3251995536775305,0.36244535229494357,Keith Urban,Your Everything
TRCWWGS128F9339D7A,SOZPYVZ12A8C13790B,ARS0W831187B9AF0B7,Maximilian Hecker,Snow,Lady Sleep,2005,187.58485,0.621121051286,0.435684070209,classical,classical pianos motions; melancholic; snow; tender; pop lament,50,37,9.0,0,44.30655720111029,37.79773396965086,0.04724716746206357,0.27319263809852906,0.30476868092721277,Keith Urban,Your Everything
TRKPOZC128F42622F6,SOOPWXV12A8C138BB5,ARWONA71187B98DF90,HorrorPops,Trapped,Bring It On!,2005,199.57506,0.702473336994,0.460574382336,punk,psychobilly; horror punk; female vocalists; chick singers; rock-a-billy,173,76,25.922963,0,85.31915329846733,68.60610606641845,0.08575763258302306,0.25371094934900157,0.29701139312826524,Keith Urban,Your Everything
TRTJQZD128F92EF881,SOCAOZL12A6D4F7785,ARWT7VX1187FB54449,Little Walter,Too Late,Little Walter's Juke,1955,154.95791,0.606725892937,0.408806119743,blues,blues; harmonica blues; acoustic blues; jazz blues; Blues Harmonica Greats,180,31,43.127717,0,139.0180757459135,125.89934085434138,0.15737417606792672,0.3766915179015486,0.3983121036026519,Toby Keith,A Little Too Late
TRAEJKZ128F4280CA5,SOOMPAW12A8C13E09F,ARF0BFC1187FB39139,The Quireboys,Misled,Best Of The Quireboys,1990,214.96118,0.631708766173,0.401506131494,rock,rock; glam rock; lammis,260,88,39.115214,0,137.96311292427671,110.12137056395079,0.1376517132049385,0.2856631879557958,0.3336761038888032,Toby Keith,A Little Too Late
TRMMUMK12903CA7B75,SOQMFQX12AB0189E9A,ARVWNTI1269FB34C59,SOJA,Here I Am,Born In Babylon (Bonus Track Version),0,288.60036,0.612640524236,0.436782949495,reggae,reggae,259,98,38.935845,0,119.68679230092673,94.78179719249297,0.11847724649061622,0.27520429570006466,0.32397848979837834,Toby Keith,A Little Too Late
TRCRROI128F9351DEC,SOSOYKI12AB01877F2,ARTMITQ1187B9B61BA,Chuck Jackson,(You Can't Let The Boy Overpower) The Man In You,A Complete Introduction To Tamla Motown,0,179.87873,0.503093175104,0.369846427051,r&b/soul,funky stuff; soul; northern; tamla; northern motown,299,95,44.631827,0,126.23079551904904,100.45530961081758,0.125569137013522,0.2825442576693212,0.33093231732135686,Toby Keith,Who's Your Daddy?
TRVZZRI128F14650C4,SODSQDU12A6D4F7D22,ARX49PH1187B99E9A1,Keri Noble,Piece Of My Heart,Fearless,2004,225.48853,0.568673071358,0.374366213623,jazz,piano; Mellow; jazz; Love; female vocalist,530,143,75.52483,0,183.5271612041861,136.09276056770358,0.17011595070962948,0.2621746198750017,0.3225624010827808,Toby Keith,Who's Your Daddy?
TRBHTIG128F92F4B81,SOQWGSB12AB01820EB,AR0GKOG1187B990042,Rehab,Chest Pain,Graffiti The World,0,182.9873,0.73300955457,0.529700224941,hip hop,rap; white rap; Megadeth; psycho metal; rehab,482,208,39.648455,0,158.94511029016556,110.3185744706907,0.1378982180883634,0.2409287405190861,0.3105961856283265,Toby Keith,Who's Your Daddy?
TRAPEZB128F92FEFBC,SONYVCT12AB0185210,ARNAOUF1187B9B2047,Gentleman,Empress,Journey To Jah,2002,245.9424,0.523868732145,0.464951064947,reggae,reggae; chillout; roots reggae; just LOVE; dancehall,372,123,45.694639,0,152.43317796994137,117.91533770244327,0.14739417212805409,0.2888431289783503,0.34425342332668885,Toby Keith,A Woman's Touch
TRHUNZT128C719654E,SOMSQXY12A6310D81E,ARWD25M1187FB4C563,Amy Winehouse,I Heard Love Is Blind,Frank,2003,129.72363,0.899709852629,0.583732613088,jazz,jazz; soul; female vocalists; Amy Winehouse; british,165,86,27.802878,0,92.93985153716663,72.14128127536969,0.09017660159421212,0.27904423738280304,0.3327259719333492,Toby Keith,A Woman's Touch
TRQORYN128F92FA355,SOQBKIY12AB01842CF,ARCJBLL1187B9908C3,The Specials,Stupid Marriage,Too Much Too Young - Live,0,274.38975,0.720323941004,0.50506946734,reggae,ska; 2 tone; two-tone; 70s; ska revival,310,133,35.749126,0,135.87186163742555,103.90198905698668,0.12987748632123336,0.27025774660553903,0.32626749755594614,Toby Keith,A Woman's Touch
TRUBVQZ12903CF5E7C,SOCRYUI12AB017F9CD,ARSHZBZ1187B98A445,Joe Bonamassa,One of these Days,Sloe Gin,2007,339.17342,0.675919556522,0.511054353898,blues,blues; blues rock; joe bonamassa; guitar; bluesrock,210,58,34.698703,0,133.90279349077312,111.68635887009106,0.13960794858761383,0.2656254582370573,0.30238934623168157,Toby Keith,Big Ol' Truck
TRHYOOF12903CE46EB,SODSBYL12A8C13A869,ARWP0MB1187B98F82B,Big Bill Broonzy,Big Bill Blues,The Great Big Bill Broonzy,1928,179.722,0.627717985983,0.434121463469,blues,blues; delta blues; country blues; 20s; 30s,220,88,32.15587,0,135.25201959717558,106.64871971607431,0.13331089964509288,0.24980548193410534,0.2967748160654729,Toby Keith,Big Ol' Truck
TRUOWXS128F4232239,SOWKTKB12A8159E8F7,ARQH3WI1187FB5647C,Little Anthony & The Imperials,Shimmy_ Shimmy_ Ko-Ko-Bop (Single Version),Doo Wop Classics_ Vol. 2,0,130.35057,0.0,0.412211331107,latin,little anthony; stevewaz; waz fm oldies; waz fm latino 2,165,87,22.293497,0,100.53677797380894,80.73096912215333,0.10091371140269166,0.25152678301656917,0.29501401657292875,Toby Keith,Big Ol' Truck
TRQOXXY128EF351AA1,SOAPJXE12A6D4F8747,AR2UWUD1187B9B3B01,Nina Simone,After You've Gone (live),Songs To Sing (The Best Of Nina Simone) Vol.2,2006,340.13995,0.761138734412,0.538120543323,jazz,jazz; live,227,73,44.631827,0,103.90191391416404,84.80766137155119,0.10600957671443899,0.29298476597593265,0.33668917517876595,Toby Keith,Blue Bedroom
TRQMION128E078F6F6,SOGCDMQ12A58A7AB2E,ARR3RE41187FB52D1D,Jodeci,My Phone,Forever My Lady,1991,350.9024,0.700414793385,0.535371189814,jazz,new jack swing; rnb; rhythum and blues tag; 90s; 90s Rnb,396,112,53.842363,0,162.15298295625834,127.09264728137113,0.1588658091017139,0.2840622630710129,0.33596935515105514,Toby Keith,Blue Bedroom
TRZOOGX128F42AD931,SOVRUMX12D021B3E00,ARFSZXM1187FB5A941,Roy Orbison,California Blue,The Essential Roy Orbison,1989,236.12036,0.777305258908,0.53108840351,rock,oldies; rockabilly; rock; classic rock; blue songs,172,70,26.532998,0,88.8104627090692,73.02413123817996,0.09128016404772495,0.28433399343020904,0.3256012367449334,Toby Keith,Blue Bedroom
TRRYCLJ128F42A56FF,SOVECCN12AF72AC5B7,ARS23GQ1187FB4F71A,Ledisi,Alright,Lost And Found,2007,277.65506,0.746619436962,0.535121107496,r&b/soul,Neo Soul; soul; female vocalists; rnb; mellow soul,404,96,72.0,0,184.53527017667207,142.62124276009033,0.1782765534501129,0.3022532105585475,0.3584529731122296,Toby Keith,It's All Good
TRWVZBZ128F1462E08,SOKLVHU12A6D4F4778,AR048JZ1187B9AEB85,Yellowcard,Believe,Ocean Avenue,2003,271.17669,0.872933783073,0.627467258563,punk,punk rock; rock; punk; pop punk; alternative,371,125,59.008474,0,178.07329275116373,130.4256102389597,0.16303201279869964,0.26842658923153656,0.3335208883810954,Toby Keith,It's All Good
TRZSUSN128F4240FCE,SOHRWTQ12CF530D57F,ARCLAF01187FB39AA6,Will.I.Am,She's A Star,Songs About Girls,2007,227.70893,0.761894406478,0.554573164356,hip hop,Hip-Hop; r'n'b; rnb; hip hop; pop,574,182,59.531504,0,193.82221185590544,133.09909274297215,0.16637386592871517,0.2519232272732823,0.32902887771065875,Toby Keith,It's All Good
TRKKWMQ128F4266186,SOVPDIR12A8C133ACA,AREV2491187B9B017E,Mobb Deep,Live Foul,Infamy,2001,266.1873,0.772272160928,0.500119335075,hip hop,Scott Storch; rap; Hip-Hop; american; new york,654,201,76.085478,0,263.393590836058,164.09404775297853,0.20511755969122317,0.2645514462342779,0.3660414531419311,Toby Keith,Sweet
TRLGWGC128EF34DBAB,SOZLRMA12A6BD55D51,ARUZRFN1187B98AC05,Bone Thugs-N-Harmony,9mm,Strength & Loyalty,2007,283.71546,0.815923420344,0.555138321923,hip hop,rap; hip hop; Gangsta Rap; Tag; 00s,656,226,60.0,0,255.43875660679953,154.53712446853012,0.19317140558566265,0.2580517722691411,0.3649872429906901,Toby Keith,Sweet
TRCNQIU128F1469E36,SOQPYJB12A6D4F9B43,ARWVM0Q1187B9A2AFD,Mack 10,LBC And The ING (Explicit),The Recipe (Explicit),0,276.08771,0.673537565508,0.403151210213,hip hop,Hip-Hop,724,278,62.968246,0,258.65134698412885,146.51226297055376,0.1831403287131922,0.24029901333441836,0.3578946205188213,Toby Keith,Sweet
TRAJVCL128F932A6F3,SOWLBUQ12A8C133BBF,ARCLH4K1187B99C34D,Louise,One Kiss From Heaven,Original Hits - Nineties,0,237.29587,0.61403567007,0.393497193586,r&b/soul,louise  one kiss from heaven; soul; pop; Ballad; female vocalists,383,115,54.083269,0,162.1722820424773,122.57786270645505,0.15322232838306882,0.2848880039142426,0.3451489610124346,Toby Keith,You Shouldn't Kiss Me Like This
TRGDBXO128F1480976,SOITJML12A6D4F8508,ARBZIN01187FB362CC,Paris Hilton,Not Leaving Without You (Album Version),Paris,2006,215.32689,0.711293276173,0.562610443079,pop,sexy; paris; pop; female vocalists; not leaving wo you,541,90,85.889464,0,188.04810795656405,146.81644730265003,0.18352055912831255,0.2903854874082522,0.34373106199377834,Toby Keith,You Shouldn't Kiss Me Like This
TRQMZTE128F42B5074,SOWAACZ12A8C135AC1,AR3MSAN1187B98F06B,OutKast,The Way You Move,R&B Classics Collection,2004,234.29179,0.796420043773,0.574497025958,hip hop,Hip-Hop; rap; hip hop; funk; dance,532,159,91.580566,0,157.87595152415224,113.43363355428225,0.1417920419428528,0.27226944385977736,0.3420679409996289,Toby Keith,You Shouldn't Kiss Me Like This
TRWXSWA128F1456793,SOCREJX12A6D4F7A4B,ARP4J5Q1187B99171D,Shai,Waiting For The Day,If I Ever Fall In Love,1992,285.12608,0.657823757354,0.420958744705,r&b/soul,r&b; new jack swing; rnb; 1993; 1990s,569,137,92.471617,0,153.05169675137813,111.14382397540042,0.13892977996925052,0.2566807444085898,0.32165809991483674,Sara Evans,A Real Fine Place To Start
TRLTFVP128E0782B34,SOITPXC12A6310E0DA,AR9L6R11187B9AA3F2,Duran Duran,Electric Barbarella (Radio Edit),Greatest,1998,257.25342,0.777839247578,0.588748516742,electronic,80s; new wave; electropop; synth pop; 90s,198,84,25.651511,0,110.54363222149175,88.5682451033797,0.11071030637922462,0.2746420167126087,0.320747419802566,Sara Evans,A Real Fine Place To Start
TRMRAFF128F92FB7D1,SOPHDCN12A6D4F7789,ARWT7VX1187FB54449,Little Walter,You're So Fine,From the Fields Into The Town - 18 Big Tracks,1953,181.18485,0.606725892937,0.408806119743,blues,blues; harmonica blues; Chicago Blues; ein super Song; blues rock,218,70,46.010868,0,119.06538785909363,96.1375162374468,0.12017189529680851,0.27024532795090994,0.31411174559331523,Sara Evans,A Real Fine Place To Start
TRPVAMZ128F4286261,SOKJPGI12A8C136FB9,ARLVU821187B998BC2,Hayley Westenra,My Heart Belongs To You,Odyssey,2005,283.66322,0.740884859761,0.43930896966,classical,Classical; new age; female vocalists; Hayley Westenra; gl2,324,104,39.395431,0,109.73219913319194,87.67224920739831,0.10959031150924789,0.3275334204851979,0.3785731793774883,Kenny Rogers,Endless love
TRBGUJV128E078FE5D,SOJUIXL12AF729FE1E,ARW8Z0L1187FB5091A,Dru Hill,Share My World,Dru Hill,1996,267.51955,0.675814548354,0.473580998559,r&b/soul,rnb; male; Favorite; r and b; stream,405,103,58.762233,0,107.68584478446085,85.70307819477938,0.10712884774347423,0.3191941186226701,0.37057712077378174,Kenny Rogers,Endless love
TRCTLQY128F92F1539,SOTGISK12D02193153,ARVK1GC1187FB58452,Next,I Still Love You,Platinum & Gold Collection,0,254.77179,0.692429970086,0.543021553721,r&b/soul,rnb; next; soul; pop; r&b,501,102,102.878569,0,114.215481901849,90.36649947622075,0.11295812434527594,0.3154141428115748,0.3678337178062304,Kenny Rogers,Endless love
TRNZKSQ12903CC598C,SOZZUWR12AB0189799,AR27AEB1187B98D39D,Bo Diddley,Diddy Wah Diddy,Hey! Bo Diddley,1957,146.72934,0.666186772457,0.476362080808,blues,blues; rock; Bo Diddley; Rock  Roll; 50s,145,60,19.131126,0,101.25122159608745,83.74514790028093,0.10468143487535116,0.326808505077418,0.3687306257505265,Blake Shelton,Love Gets In The Way (Album Version)
TRBDCAH128EF362D31,SOSTXYN12A6D4F67D4,AR82DJK1187B991107,The Pharcyde,Passin' Me By,Bizarre Ride II,1993,303.46404,0.756063870843,0.491468881637,hip hop,hip hop; 90s; rap; classic; songs about the opposite sex,697,235,90.465463,0,199.150345639845,125.50789887143543,0.1568848735892943,0.23373982314518793,0.32367721968220736,Blake Shelton,Love Gets In The Way (Album Version)
TRUFDLK128E078EE4C,SOOQHZB12A6701E9A5,ARA3I0J1187FB57869,Blink-182,TV,Cheshire Cat,1994,101.95546,0.851351443053,0.582346373958,punk,punk rock; alternative; punk; alternative rock; pop punk,261,87,40.521599,0,129.43829968531554,98.6499208098868,0.12331240101235849,0.25837345771792186,0.31346155436996254,Blake Shelton,Love Gets In The Way (Album Version)
TRNGIXM128F148D3E6,SODMEDH12A6D4F8B1E,ARK9IDJ1187FB4365F,Jesse Johnson,I Want My Girl,Ultimate Collection: Jesse Johnson,1984,290.0371,0.531554135646,0.352168588026,r&b/soul,soul; funk; 1985; Smooth Soul; rock,298,83,51.38093,0,155.62341693757156,124.32018567779095,0.1554002320972387,0.3332208894050505,0.3845358278501143,George Strait,I'd Like To Have That One Back
TRFXHZR128F92F6BFF,SOWYNNV12AAF3B3327,ARUVX3M1187FB40668,Emanon,She Thinks,The Waiting Room,2005,200.01914,0.54696641878,0.382867727895,hip hop,USA west coast hip-hop; check back later,253,104,36.441734,0,136.54405469065784,104.51650529629389,0.13064563162036735,0.3037947979813138,0.36306026904273475,George Strait,I'd Like To Have That One Back
TRBBVJP128F92FF19C,SORVSGF12CF582896D,ARMM6WZ1187FB4958D,Willie Nelson,I Feel Sorry For Him,American Legend_ Volume 4,1992,143.28118,0.773806910964,0.629128001261,country,country,153,69,21.702534,0,119.03216106684968,97.59449489825708,0.12199311862282135,0.30950214853110064,0.35210125554843075,George Strait,I'd Like To Have That One Back
TRWVXWR128F92CF848,SOBMPUY12A8C14357E,ARWVVVP1187FB52F31,Mark Wills,She's In Love,The Definitive Collection,1998,283.84608,0.679789023574,0.483035298046,country,country; mark wills; beautiful; Favourite Songs; hand-picked country,330,102,59.329588,0,109.77917257327124,84.85503669609521,0.10606879587011901,0.24141653211118466,0.29121966983536146,George Strait,Marina Del Rey
TRXFGLZ128F425ECAB,SOIPUDT12A6D4F6997,AR7UYEE1187FB3E336,Gerry Rafferty,The Royal Mile,Baker Street,1980,230.53016,0.627732026867,0.416077813489,folk,folk; rock; Love; singer-songwriter; sunny,254,89,36.207734,0,95.59112460767892,75.25093166399706,0.09406366457999633,0.24221936243872808,0.2886261867214952,George Strait,Marina Del Rey
TRJWUYF12903CF5635,SOMIYJJ12AC468C5B3,ARL1M001187FB4E720,Rupert Hine,The Curious Kind,Waving Not Drowning,1982,287.58159,0.473237495619,0.353175968002,electronic,80s; electronic; synthpop; favorites,242,95,29.597297,0,105.01160462420953,82.35561153070628,0.10294451441338286,0.22829538797844337,0.2738274502384675,George Strait,Marina Del Rey
TRRQNEL128F92E79F8,SONJCBD12A58A7AC74,AR00MBZ1187B9B5DB1,Memphis Minnie,Good Morning,Queen Of Country Blues,1991,180.40118,0.588571539888,0.360644227016,blues,blues; delta blues; Classic Blues; REAL soul music; Where Did You Sleep Last Night,209,83,36.823905,0,139.41633470869627,115.35285834623858,0.14419107293279823,0.3689282686352644,0.4130896437194259,George Strait,Milk Cow Blues
TRFSOAL128F931B19F,SORWBPX12A58A7C19E,AR7BMMV1187FB5B2D7,Robben Ford,The Way You Treated Me (You're Gonna Be Sorry),Blue Moon,2002,404.55791,0.604820431918,0.383877493634,blues,blues; guitar; chillout; blues rock; blues guitarist,228,71,44.687806,0,149.46034325274758,124.7485998028019,0.15593574975350238,0.3590236220329267,0.4001408400561546,George Strait,Milk Cow Blues
TRGOLAX128F92F87BF,SOTFAXT12AAF3B48D7,ARF4VD11187FB3E60D,Wayne Hancock,Johnson City,That's What Daddy Wants,1997,315.21914,0.622561597338,0.405883960663,country,country; rockabilly; hillbilly swing; americana; RockPop,217,103,30.512293,0,124.09108931656169,94.25343330670368,0.1178167916333796,0.2912727028486335,0.35101892637810905,George Strait,Milk Cow Blues
TRDNUNW128F933DB3D,SOFYYGP12AB0181062,ARR9XGB1187B9912E6,Boyz II Men,Amazed,Love,2009,256.28689,0.790922847956,0.601184941794,r&b/soul,rnb; r&b; R&B/Soul; 2009; soul,163,60,27.45906,0,95.40787227561842,79.92161158235244,0.09990201447794055,0.31536181254036993,0.3546666157374649,Josh Turner,Another Try
TRQHZTH128F425E107,SOEAIDW12A8AE47FE3,ARSY3S31187B9AFA0E,Death In Vegas,Killing Smile,Scorpio Rising / The Contino Sessions,2002,289.17506,0.711877258454,0.489595660702,rock,alternative; electronic; acoustic; female vocalists; Ballad,175,75,30.083218,0,87.66511145541529,70.44661370562562,0.08805826713203203,0.29296636929481235,0.34018916723291376,Josh Turner,Another Try
TRFYBJS128F145F5FA,SOOEBXF12A58A78509,AR9BQRE1187B9953E2,Sammie,I Like It (Remix),From The Bottom To The Top,0,250.122,0.72545001948,0.455681268663,hip hop,sammie; Sammie-I Like It; hip hop; rnb; remix,481,102,92.91932,0,125.30643572594336,98.40331345065849,0.12300414181332311,0.28132878762447067,0.33250477561598474,Josh Turner,Another Try
TRLKMRV128F1480E4C,SOYPBSP12A6D4F8EFC,ARBEBBY1187B9B43DB,Tom Petty,Square One (Album Version),Highway Companion,2006,204.82567,0.779838091767,0.568350503202,rock,classic rock; rock; Tom Petty; barbwire tom petty; acoustic,232,88,31.128765,0,152.98710730224172,124.05867959646528,0.1550733494955816,0.30382775997120925,0.3498307533899454,Josh Turner,As Fast As I Could
TRMUITB128F428ADAC,SOGSWDT12A8C139835,ARQZHD91187FB5B6A8,Kevon Edmonds,Never Love You,24/7,1997,282.80118,0.60831319487,0.394903696428,r&b/soul,love songs; great song; kmem9100; rnb; Never love You,498,114,96.622979,0,146.67597662916967,107.27801578179832,0.1340975197272479,0.24475199224870559,0.3067185289236374,Josh Turner,As Fast As I Could
TRFDLAU128F42661C5,SOOBOCO12A8C1314E7,ARX9KBJ1187FB3A99C,Alabama,Keepin' Up,The Essential Alabama,1998,185.36444,0.700372111565,0.523497716068,country,country rock; Southern Rock; melancholic; country; dance,318,94,47.201695,0,119.87330397175198,93.09295034111268,0.11636618792639085,0.2468481919959265,0.29674009586989825,Josh Turner,As Fast As I Could
TRATNTQ128F9351550,SOUGFFJ12AB0180985,ARVTEOO1187FB3D00F,Desmond Dekker,Sweet Music,Rudy Got Soul: The Early Beverley's Sessions 1963-1968,2006,152.76363,0.643056270399,0.442683188146,reggae,General Classic Ska,133,34,21.702534,0,62.184293948526225,58.83008365567082,0.07353760456958852,0.37778298969120266,0.39088954992364155,Daft Punk,One More Time / Aerodynamic
TREAQSX128E07818CA,SOAWSML12A6310F1B7,ARF8HTQ1187B9AE693,Daft Punk,One More Time (Romanthony's Unplugged),Daft Club,2003,218.64444,0.902840573925,1.02125558749,electronic,electronic; acoustic; pop; french; 00s,207,86,32.186954,0,71.03270119623184,64.56266017531625,0.08070332521914532,0.36860814321466967,0.38866395216861593,Daft Punk,One More Time / Aerodynamic
TRXHRJN128F149418E,SOTERSY12A58A7FC56,AR20YMY1187B990B28,SUPREME BEINGS OF LEISURE,So Much More,Divine Operation System,2002,354.66404,0.630832624883,0.399613695994,electronic,trip-hop; chillout; female vocalists; downtempo; Mellow,289,58,52.35456,0,70.98348545182759,65.94791837671445,0.08243489797089307,0.3700890669649115,0.38683850440850787,Daft Punk,One More Time / Aerodynamic
TRDXSGX128F425F173,SOTSNDR12A8AE47599,ARF8HTQ1187B9AE693,Daft Punk,One More Time / Aerodynamic,Alive 2007,2007,370.442,0.902840760111,1.02125558749,electronic,electronic; dance; House; live; loved,68,27,13.638182,0,71.03270119623184,64.56266017531625,0.08070332521914532,0.36860814321466767,0.3886639521686158,Daft Punk,One More Time (Romanthony's Unplugged)
TRYOUMI128E078F4DE,SOUCZAI12A6701DF5D,AR0MC4G1187B9AE836,K-Ci & JoJo,Baby Come Back,Love Always,1997,256.05179,0.645988951263,0.544614576924,blues,rhythm and blues,538,99,111.171039,0,154.07618010832678,126.07676698113806,0.15759595872642257,0.32842398517619614,0.3739931544578756,Daft Punk,One More Time (Romanthony's Unplugged)
TRGOMIJ128F4263AD6,SOVLGBC12A8C130EF9,ARW3LUX1187FB5C4C0,The Jacksons,The Hurt,Victory,1984,326.922,0.685072024415,0.521849850096,pop,80s; 80's; eighties; pop; 1980s,325,90,60.621778,0,153.7063858284945,127.3276403931169,0.15915955049139613,0.32594871803554637,0.3685859555082991,Daft Punk,One More Time (Romanthony's Unplugged)
TRIIBVP128E0792750,SOWFIVV12A6701FFBF,ARDCFNZ1187FB3DDB0,Enrique Iglesias,She Be The One,Escape,2001,215.61424,0.827357260054,0.752927890401,latin,latin; latin pop; pop; favourite; enrique,352,98,67.424031,0,265.78029827393806,202.83450166024045,0.2535431270753006,0.3028105146037156,0.3623595611154398,Daft Punk,Touch It / Technologic
TRXJFYW128F4259BBD,SOXTXGY12A8C139D4A,AR06IFV1187B9977EC,MU330,Tune Me Out,Crab Rangoon,1997,154.14812,0.162311436438,0.385571725168,reggae,ska; ska-punk; Awesome; test; ska punk,113,58,18.303005,0,111.02770961946244,89.08152559132151,0.11135190698915189,0.2770237254065943,0.3210218623644606,Daft Punk,Touch It / Technologic
TRQKTGW128F424E927,SOCGUGO12A8C13111A,ARUJ2171187B9AE84F,Archive,Black,Live At The Zenith,2006,175.04608,0.704739678249,0.464410797545,electronic,trip-hop; electronic; alternative rock; alternative; archive,141,66,26.07681,0,147.46818880564035,115.21216005319587,0.14401520006649485,0.2681059395718887,0.31771163665520247,Daft Punk,Touch It / Technologic
TRCDOVL128F92EAA3A,SOHTFLN12AB0182BC0,ARRLMZ81187B9B93A5,Cass McCombs,Jonesy Boy,Catacombs,2009,284.60363,0.644729743718,0.480369395741,folk,singer-songwritergdchill; singer-songwriter; american; my gang 09,165,95,24.494897,0,154.17581790121818,129.1923709308915,0.1614904636636144,0.3269446386575571,0.3669654540961877,Ke$ha,Boots &  Boys
TRGGPDR128F42A56FC,SOCIXUM12AF72A31A4,ARS23GQ1187FB4F71A,Ledisi,Joy,Lost And Found,2007,262.39955,0.746619436962,0.535121107496,r&b/soul,Neo-Soul; soul; rnb; ledisi; ya nice track,352,78,66.962676,0,203.37348303428945,169.97427900718074,0.21246784875897592,0.29129400016832013,0.32960424008934125,Ke$ha,Boots &  Boys
TRNBZTB12903CB120D,SOOXERV12AB01862D5,ARZYJO61187B98F4B9,Stoa,Infant Joy,Urthona,1993,165.53751,0.576769758844,0.396900575545,classical,Gothic; ethereal; neoclassical; verenkor; darkwave,48,25,11.224972,0,91.43868331140283,82.31785687291699,0.10289732109114624,0.2706996601437782,0.28966844594668256,Ke$ha,Boots &  Boys
TRQDZUE128F42635BD,SOOHBYH12A8C13AAA3,AR2CRN41187FB38538,Modern English,A Viable Commercial,Mesh & Lace,1981,264.07138,0.624688370459,0.422898712322,punk,new wave; post-punk; darkwave,143,23,35.79106,0,100.84718792971158,94.87482133849927,0.11859352667312409,0.36537918714213374,0.37610505027208124,Ke$ha,Animal
TRFKSYH128E0784708,SOGRMTL12A6701D97E,ARROWYU1187B9AB4BB,Big Bad Voodoo Daddy,Sleep Tight,This Beautiful Life,1999,271.38567,0.620995693213,0.521712405225,jazz,swing; accordion; Big Band; jazz; relax,169,45,85.451741,0,121.03501265985174,110.43966787987063,0.13804958484983829,0.3534631624657153,0.3731028592319,Ke$ha,Animal
TRTTBCA128F429B8A8,SOFCLZB12A8C13E5DB,AR745SS1187FB5286B,Bishop Allen,The Monitor,The Broken String,2006,221.6224,0.677686928618,0.491346146483,rock,rock; indie; 00s; alternative; indie pop,339,130,63.686733,0,130.08423948736765,103.04417292371781,0.12880521615464727,0.2648035284070821,0.3121596919713562,Ke$ha,Animal
TRQYUKJ12903C9A1CE,SOVCUXV12A58A807E5,ARWQUD91187B9ACF59,Kevin Devine,It's Only Your Life,Brother's Blood,2008,353.69751,0.742073878888,0.447432326819,folk,folk; rock; acoustic; indie; indie rock,380,134,64.645185,0,165.37391522122573,126.73673360434243,0.15842091700542804,0.2920170971302629,0.348752606745734,Katy Perry,Hot N Cold (Innerpartysystem Main)
TRKPONJ128F146D62C,SOMQIVI12A6D4F78A1,AR6NYHH1187B9BA128,Yeah Yeah Yeahs,Dudley,Show Your Bones,2006,222.01424,0.875898625405,0.582709964298,rock,indie rock; indie; alternative; female vocalists; rock,219,87,36.482873,0,133.33180272900776,105.24381476079083,0.13155476845098854,0.27618977695337504,0.32576366481315516,Katy Perry,Hot N Cold (Innerpartysystem Main)
TRLGMJP128F92E033F,SOXFFVS12A8C145964,AR6IHPG1187FB55C49,Swans,Time Is Money (Bastard),Redefining The Prologue,1986,375.84934,0.621786487332,0.46337678985,electronic,industrial; 80s; angry; Harsh; 1985,178,32,44.553339,0,107.22705607316898,94.80188681398276,0.11850235851747845,0.28802786247302087,0.31214798423723505,Katy Perry,Hot N Cold (Innerpartysystem Main)
TRQNYDQ128F93069E6,SORCOSA12A6D4F7C9F,ARJ0AL61187B9A3F27,Katie Melua,faraway voice,Call Off The Search,2003,193.85424,0.713617919141,0.513977593763,jazz,jazz; female vocalists; pop; blues; Katie Melua,115,55,18.275667,0,96.06194415986556,78.85941328773707,0.09857426660967133,0.3276928843523976,0.3687846857423372,Owl City,Captains and Cruise Ships
TRJTUVF128F4268D12,SOFEFNM12A8C13A6AE,AR8XRCY1187B9A2BF7,The Kovenant,Spaceman,Animatronik,1999,322.89914,0.631482130938,0.480656035779,metal,cover; industrial metal; Cyber Metal; space metal; black metal,325,128,37.907783,0,140.15743544385475,95.46094801837766,0.11932618502297208,0.2543371488264195,0.33363585016433683,Owl City,Captains and Cruise Ships
TRTCOWO128F930C444,SONWWDY12A6D4F7FB1,ARIHE7O1187FB47DED,The Streets,Weak Become Heroes,Summer Sessions,0,494.54975,0.772909488109,0.527872236021,hip hop,british; Hip-Hop; garage; 00s; hip hop,754,262,96.337947,0,210.42618874003716,121.8497004181338,0.15231212552266726,0.21850481190743273,0.3245837135096515,Owl City,Captains and Cruise Ships
TRTATZQ128F427EDD0,SOUNQKE12A8C13FE8A,ARX395D1187FB41D91,Emiliana Torrini,Sunny Road,Sunny Road,2005,347.66322,0.723279138432,0.524417302553,folk,female vocalists; icelandic; acoustic; singer-songwriter; folk,185,86,26.400758,0,47.748535619343315,40.2074883889709,0.05025936048621363,0.2669421585479001,0.3017384485953608,Owl City,Designer Skyline
TRGIFAY128F1463A83,SORFEYS12A6D4F7E20,ARVA5B71187B9A0FCD,Incognito,Marrakech,Future Remixed,1999,245.86404,0.693952590684,0.51122068147,jazz,jazz; soul; acid jazz; cool; sensual,159,61,25.377155,0,40.798737903369314,34.823789673650694,0.04352973709206337,0.2419073381773124,0.2721113240411298,Owl City,Designer Skyline
TRYPBLE128F1459DD1,SOKHXYG12A6D4F5E33,AR4DW2Q1187FB44DB6,Billy Currington,Where The Girls Are,Billy Currington,2003,193.2273,0.782033807011,0.752100873183,country,country; f; modern country; West Coast swing; billy currington,237,80,36.249138,0,55.22343259579039,45.56096005516418,0.056951200068955224,0.23128010506714627,0.2671219865284117,Owl City,Designer Skyline
TRWJQPJ128F426F26E,SORCQJA12A8C131FB1,AR8W8P31187B9A4063,Lauryn Hill,Adam Lives In Theory,MTV Unplugged No. 2.0,2002,446.14485,0.697206464376,0.580125198887,r&b/soul,soul; rnb; lauryn hill; favorites; hip hop,538,216,58.983048,0,115.53156578810666,77.0768374285802,0.09634604678572525,0.21343453816731575,0.28694103620926437,Owl City,Early Birdie
TRLVRJP128F93519FB,SOOENST12AC9E1344B,ARZYMH91187B99CEFC,Atmosphere,Hair,God Loves Ugly,0,1.82812,0.879475075015,0.607960565364,hip hop,Hip-Hop; rap; hip hop; underground hip-hop; leapsandleeloo,718,280,73.42343,0,142.7770759655924,82.10436996113162,0.10263046245141454,0.19313467027649822,0.2858211604601069,Owl City,Early Birdie
TRXGPXT128F145C13D,SOWUQEH12A6D4F68C2,ARDSWIE1187FB39056,Gang Starr,2 Deep,Daily Operation,1992,219.11465,0.705881776978,0.491178953749,hip hop,Hip-Hop; 90s; east coast rap; underground hip hop; rap,473,219,46.486557,0,109.37742234006059,69.55138093505666,0.08693922616882083,0.202260055837345,0.28172642792907304,Owl City,Early Birdie
TRDQOIQ128E078746B,SOOLZWS12A6701E23F,ARJYQPB1187B99FB80,Jane Child,Don't Let It Get To You (Album Version),Jane Child,1989,251.0624,0.462541370889,0.317748009671,pop,pop; dance; synthpop; female vocalists,247,92,48.135226,0,36.80277152769049,32.69989742413676,0.04087487178017095,0.3279154801076566,0.35158056320713876,Owl City,Meteor Shower
TREVOWA128F92F9BA4,SOFFWGQ12AB017E360,ARG4KW31187FB51B7C,Atomic Rooster,Banstead,Atomic Rooster,1970,209.18812,0.520757634637,0.404566537526,rock,Progressive rock; classic rock; 70s; Atomic Rooster; r&b,98,32,21.260292,0,27.96626533393814,26.048408294370464,0.03256051036796308,0.3180445857563236,0.33362134655572145,Owl City,Meteor Shower
TROBGJN128E0782FC9,SOGFBLZ12B0B809013,ARR76SY1187B9AD510,Kings Of Convenience,Summer On The West Hill,Quiet Is The New Loud,2001,273.99791,0.822860513449,0.55453885859,folk,acoustic; Mellow; folk; indie; pop,140,67,18.814888,0,28.22996566864192,25.260263820738714,0.031575329775923394,0.274025228696616,0.2959439780332499,Owl City,Meteor Shower
TRQILML128F4262175,SOVDRAE12A58A7AF00,ARO48XX1187B98FC5C,The Pietasters,Crime,Willis,1997,302.23628,0.618380948505,0.404977883461,reggae,Skankable; ska; Awesome; Favorite; Good Stuff,248,94,40.373258,0,64.51513441645479,56.48752221510067,0.07060940276887584,0.2603631865777696,0.2859332024512943,Owl City,This Is The Future
TRJWIPF128F934B43D,SOSCDOO12A8C1338B0,ARW4JXN1187FB3690E,Symphorce,Tears,Twice Second,2004,280.78975,0.67544168732,0.420472425084,metal,metal; Power metal; heavy metal; melodic metal; German metal,206,107,25.317978,0,58.34270753148476,48.0867023821342,0.06010837797766775,0.23639681152486106,0.26977733587255986,Owl City,This Is The Future
TRADYXQ128F14655F1,SOPMAQH12A6D4F7F36,ARFOVF61187B9892CD,Enigma,Modern Crusaders.,Lsd - Love Sensuality Devotion,0,233.56036,0.802080867427,0.542807953364,electronic,new age; ambient; enigma; electronic; chillout,176,85,21.283797,0,56.9843246087287,49.261590650609584,0.06157698831326198,0.23719928444274932,0.26376791634394103,Owl City,This Is The Future
TRPAKFJ128F145AB63,SOGHCOP12A6D4F66A0,AR93D4D1187FB3ACAD,J.J. Cale,Starbound,Okie,1974,118.69995,0.675771369617,0.435468898816,blues,home music; canyero; vblues; vguitar; v6070,67,51,8.660254,0,49.372824873801804,44.43663310797469,0.05554579138496837,0.30894244101309165,0.3318515510809984,30 Seconds To Mars,Kings and Queens (Innerpartysystem Remix Main)
TRIUIKS128F146F78E,SOFDLQS12A6D4F752B,ARWWS2G1187B9ACFE4,Tin Machine,Heaven's In Here (1999 Digital Remaster),Tin Machine,1989,365.21751,0.578098242374,0.387380365555,blues,80s; blues rock,198,67,34.380227,0,95.15297466053651,84.79257395832168,0.1059907174479021,0.28263746489771796,0.30656894932007134,30 Seconds To Mars,Kings and Queens (Innerpartysystem Remix Main)
TRWQMVZ128E078F1F7,SOBPURX12D021B0F0F,ARAZCWP129462A97F1,Bob Marley & The Wailers,Africa Unite,Survival,2007,178.96444,0.845898546039,0.580973894601,reggae,reggae; Bob Marley; jamaica; raggae; Rasta,208,60,26.0,0,79.90743697191938,69.13642948202595,0.08642053685253243,0.2588231552758299,0.2874977680857277,30 Seconds To Mars,Kings and Queens (Innerpartysystem Remix Main)
TRISBQQ128F93217A2,SOSKAYL12AB01884DE,ARPXABO1187FB4D15F,2Pac,Strictly 4 My N.I.G.G.A.Z.,Strictly 4 My N.I.G.G.A.Z.,0,355.47383,0.873186809178,0.517255770086,hip hop,Hip-Hop; hardcore rap; west coast hip-hop; leapsandbounds tapecollection; kaudogg,921,288,104.316825,0,419.32172184810275,292.8737456481366,0.36609218206017075,0.3616031806031404,0.4446721195367147,LMFAO,Bounce
TRYHHXT128F4276F89,SOKMCHV12D02194FF6,AR23C041187FB4D534,50 Cent,Rowdy Rowdy,In Too Deep - Music From The Dimension Motion Picture Soundtrack,1999,221.12608,0.866535761941,0.61307200448,hip hop,rap; 50 Cent; G-Unit; Gangsta Rap; underground rap,500,222,48.228622,0,351.77158874535996,255.86733200350633,0.31983416500438294,0.3527183311645666,0.42758227319953157,LMFAO,Bounce
TRTNPZQ128F148C125,SOLMMHP12A6D4F814C,ARZH3SW1187B98C96E,Onyx,The Worst,Shut 'Em Down,1998,641.04444,0.636582379001,0.421287262511,hip hop,Hip-Hop; New York Rap; wu-tang; underground hip-hop; rap,769,356,60.423505,0,393.55914990618265,265.1193047935508,0.33139913099193846,0.3350872545697077,0.4241325453644075,LMFAO,Bounce
TRLCPBV128F42785C2,SOEAYWW12A58A79016,ARHPPMU11F4C83C09F,Exploited,Dead Cities,Live And Loud,0,110.62812,0.697913900356,0.280010954145,punk,punk; hardcore punk; hardcore; punk rock; old school,130,70,22.869193,0,109.09916119048995,91.62104045707453,0.11452630057134316,0.2919240939508568,0.32739206622353273,Crystal Castles,Vanished
TRCKHSO128EF35C024,SOLNRDW12A6D4F79D7,ARRSIQ11187B98F216,Kevin Max,Greensleeves,Holy Night,0,77.00853,0.599464762747,0.392747310803,classical,contemporary classical; christmas; tudor,189,108,19.646883,0,114.43323041359761,86.95437950049207,0.10869297437561508,0.26636195394201606,0.323274967620348,Crystal Castles,Vanished
TRJQLYO128F14A597B,SOKTEBX12A6D4F7934,ARSI3101187FB5BBC3,The Besnard Lakes,On Bedford and Grand,The Besnard Lakes Are The Dark Horse,2007,306.07628,0.628449756619,0.434421926342,punk,Alternative  Punk; check 09; tagset adamsaunders; canadien; pop-pickers,61,31,11.18034,0,65.73043632257603,58.0466693316868,0.0725583366646085,0.29516227233159426,0.31749762671844695,Crystal Castles,Vanished
TRBVSNW128F426244A,SORKXSN12A58A78C8F,ARR65F51187FB47D3D,Voodoo Glow Skulls,Left For Dead,Band Geek Mafia,1998,237.34812,0.715212200836,0.51558213246,reggae,ska; Ska-Core; punk; ska-punk; skacore,219,115,27.239677,0,51.60522584304726,40.556006863200125,0.05069500857900015,0.23634435364816128,0.2821290124467563,Crystal Castles,Xxzxcuzx
TRTALMQ128F42AD439,SOPCMRY12A8C13D7B6,ARL7YU61187B9B85D7,G4,You're The Voice,The Mothers Day EP,2005,266.26567,0.592374984203,0.382277100792,classical,Classical; MAM,206,64,35.944402,0,55.55664409861497,45.440534660053025,0.05680066832506628,0.23286222057637487,0.2706703968320984,Crystal Castles,Xxzxcuzx
TRFIYDE128F14561E6,SOJUJEP12A6D4F72CB,ARU2T6V1187FB5590B,INXS,Love Is (What I Say),The Swing,1984,221.67465,0.764301194315,0.582079721646,rock,rock; 80s; pop; australian; songs to listen at sunrise,128,45,24.248711,0,39.37980292234093,33.34358089789907,0.04167947612237384,0.23567778037136622,0.26677345279170933,Crystal Castles,Xxzxcuzx
TRVCQGI128F147BFBC,SOCDZBA12A6D4F587B,ART4EPR1187FB38772,Brian Eno,Just Another Day (Album Version),Another Day On Earth,2005,261.82485,0.748104672125,0.545975531063,electronic,Mellow; calm; sweet dreams; forward thinking; Classical Ambient,115,18,33.24154,0,87.51829852797283,80.89227937732764,0.10111534922165955,0.2905881995991854,0.3062178315834465,Madonna,Die Another Day [Live]
TRCITDI128F93613E1,SODXHKI12AF729F1F2,ARSHZBZ1187B98A445,Joe Bonamassa,Woke up Dreaming,Live From Nowhere In Particular,2003,479.45098,0.675919556522,0.511054353898,blues,blues; blues rock; joe bonamassa; acoustic; guitar,124,72,16.643317,0,99.80327912153147,83.9830386718577,0.10497879833982213,0.2639266719614238,0.298390084879642,Madonna,Die Another Day [Live]
TRUNEHG128F9320309,SOKCPVV12AB018699F,AR656DK1187FB4D055,Afroman,Life of Tha Party,4ro: 20,0,359.94077,0.781956995076,0.469158127875,hip hop,West Coast Rap,458,159,62.705662,0,178.29641244708125,143.876466651808,0.17984558331475997,0.2492149374191231,0.2900531536105366,Madonna,Die Another Day [Live]
TRIBHLE128F933D581,SOWRCXQ12AB0183DDB,AR4WX0Z1187B99FBB5,Buck-O-Nine,Pass The Dutchie,Barfly,1995,167.99302,0.619571948882,0.372781562731,reggae,ska; punk; covers; cover songs; reggae,73,53,10.816654,0,84.83720950551333,77.23788847420256,0.0965473605927532,0.4377010164810781,0.46068729020892574,The Smashing Pumpkins,Perfect (Nellee Hooper Instrumental)
TRKWRJT128F42BC234,SOSFYLJ12A8C142F86,ARN7POH1187B9B301E,Jessica Simpson,The Lover In Me,A Public Affair,2006,221.12608,0.772518285041,0.578790799175,pop,pop; Jessica Simpson; female vocalist; american; dance,418,89,70.767224,0,127.44539119781933,107.23055882887918,0.13403819853609897,0.2969454133775406,0.33412507338743974,The Smashing Pumpkins,Perfect (Nellee Hooper Instrumental)
TRAILGJ128F1485985,SOZCIFV12A58A7A7C6,ARG9V8O1187FB534F1,Ima Robot,Lovers In Captivity,Monument To The Masses,2006,304.66567,0.673479942396,0.399424680664,rock,rock; alternative; Awesome; februarys favorites; PEGAJOSITAS,328,111,38.196859,0,103.42233464682008,84.08972262341719,0.10511215327927148,0.2739208500399454,0.31650245962054224,The Smashing Pumpkins,Perfect (Nellee Hooper Instrumental)
TRAAJJW128F4298683,SOQAHLN12A8C13F853,ARJ5KHG1187FB3FAA3,JayMay,You Are The Only One I Love,Autumn Fallin',2006,295.07873,0.683908060301,0.444324990883,folk,folk; female vocalists; indie; Mellow; love songs,237,73,55.181519,0,111.68750680817736,94.46570061591567,0.11808212576989457,0.31496951404940243,0.35215925714388685,Kylie Minogue,Love At First Sight (The Scumfrog's Beauty And The Beast Vocal Edit)
TRUFCYN128F93385FE,SOMQYUW12AB018305F,ARM5JLS1187FB3615B,Tammy Wynette,I Believe,The World Of Tammy Wynette,0,132.38812,0.606118645697,0.409196035655,country,country; country taggradio; tammy wynette taggradio; That Old Time Revival,361,98,70.29936,0,170.23744945202125,140.33157859630066,0.17541447324537582,0.2944460220297113,0.33596741439906397,Kylie Minogue,Love At First Sight (The Scumfrog's Beauty And The Beast Vocal Edit)
TRNDNKN12903CC8A4C,SOQIBZY12AB018A208,ARIFGKC1187B9B04D5,Dean Martin,Kiss,The Greatest Hits from 40's and 50's_ Vol. 57,1989,143.77751,0.708439813809,0.623970265514,jazz,oldies; easy listening; romantic; Rat Pack; swing,408,112,60.074953,0,195.1883131593817,154.92392650304726,0.19365490812880906,0.2726327522560777,0.3201759839308523,Kylie Minogue,Love At First Sight (The Scumfrog's Beauty And The Beast Vocal Edit)
TRNJOQU12903D0EE0E,SOESNKS12AC468BDC0,AR470HW1187FB3B8DF,Merle Haggard,Love Me Tender,From The King To The Barrooms_ The Ultimate Collection,0,162.87302,0.646072609437,0.57362987631,country,country,169,56,30.724583,0,54.426055682292116,47.693485442306454,0.05961685680288307,0.318540173134933,0.34785581362280493,LMFAO,I Am Not A Whore
TRYEUVV128F4295246,SOHAMOP12A8C13C974,ARBSBET1187FB52D06,Tamia,Mr. Cool (Featuring Mario Winans) (Album Version),More,0,209.57995,0.783941381405,0.56271382019,r&b/soul,rnb; poser,289,95,49.618545,0,78.02692262305845,66.41330560946867,0.08301663201183583,0.3100672673663261,0.34513787363099524,LMFAO,I Am Not A Whore
TRMEUKT128F4263312,SODMGTM12A6D4F8DB6,ARI49UF1187B9B7438,Jay-Jay Johanson,Rush,Rush,2005,195.73506,0.645896263529,0.387365505099,electronic,downtempo; electronic; electronica; relax fm; blue hour,231,92,41.448764,0,69.4574772647379,57.83769117736797,0.07229711397170996,0.3022154706822811,0.3411187295666945,LMFAO,I Am Not A Whore
TRJZJLP128F1456AE0,SOYNQLI12A6D4F3E08,ARKAKLB1187FB4522B,Chanté Moore,Better Than Making Love,Exposed,2000,303.93424,0.54271006783,0.386452766585,r&b/soul,soul; rhythm and blues; smooth; jimmy and terry; favorite trax,345,94,55.955339,0,162.0516666058192,136.4487084927265,0.17056088561590813,0.35206835168653033,0.3921186844704686,Cascada,Fever
TRYOULH128F425FBF3,SOHBIQL12AB017EDA9,ARLLVPR1187B9A2C74,Rick James,Call Me Up,Motown Legends: Give It To Me_ Baby - Cold Blooded,1986,233.84771,0.694145018611,0.531986044325,r&b/soul,funk; rick james; out da basement; song noir; smu funk,241,83,40.336088,0,151.0314303132877,126.55773096714304,0.1581971637089288,0.33889076443998944,0.3794707938205796,Cascada,Fever
TRSRIFV128F92E0C06,SONCKGT12AB017DD6E,ARP0C6B1187B99631B,Batmobile,Kiss me now,Bail set at $6M,1988,195.47383,0.632946054346,0.430788631049,rock,psychobilly; rockabilly; 80s; punk rock; rytmiczne,154,81,22.693611,0,109.65982528990398,92.34812247603848,0.11543515309504811,0.33711872612507493,0.3764947393688859,Cascada,Fever
TRBSKJC12903CF3C64,SOSBPHK12D02190471,ARIJE1A1187B9A458D,Ella Fitzgerald,Let Yourself Go,Ella Fitzgerald Sings The Great Ameriacan Songwriters Vol 3,1986,135.94077,0.799504075438,0.541654000136,jazz,jazz vocal; vocal jazz; love songs; soft; Smooth Jazz,170,61,26.870058,0,104.92042102347192,96.02140199358527,0.1200267524919816,0.4276677869765285,0.4494817536793454,Depeche Mode,Freestate
TRMIVIX128F42731D4,SOEFCUV12A8C133AB2,ARJ8MZP1187B9AF422,Beverley Craven,Phoenix From The Fire,Mixed Emotions,1999,226.53342,0.582181762656,0.371316711892,folk,Mellow; singer-songwriter; vocal; jazzy; female vocalists,245,74,41.182521,0,80.70236553881115,70.22691013033919,0.08778363766292399,0.3267888455353854,0.3578203943461629,Depeche Mode,Freestate
TRYRGJV128F42690CC,SOOLZTM12A58A7B918,ARW3LUX1187FB5C4C0,The Jacksons,Enjoy Yourself,R&B: From Doo-Wop To Hip-Hop,1976,204.87791,0.685072024415,0.521849850096,r&b/soul,soul; pop; jacksons; 70s; rnb,318,77,61.90315,0,99.83977238158685,87.30102338034993,0.10912627922543741,0.31396784612837286,0.3434940883838622,Depeche Mode,Freestate
TRUYEQB128F930F787,SOARTSG12AB017FB86,AR7KQQ91187B98ED7A,Lollipop Lust Kill,Personal Jesus,My So Called Knife,2002,196.64934,0.575646718017,0.38407978444,metal,covers; alternative metal; Weird covers; 3VN; 3vn Drogos,188,53,27.802878,0,380.04131267677957,368.48859749602764,0.46061074687003456,0.9379098186577547,0.9394190260871803,Depeche Mode,Personal Jesus
TRLXWYX128F426C74C,SOVTORV12A8C134EE9,ARLCQVB1187FB49297,UnsraW,-9-,Spiral Circle,2006,205.42649,0.521006652033,0.427504699337,rock,visual kei; J-rock; unsraw; death metal; metal,32,22,6.855655,0,55.666276668569616,53.09540286872057,0.0663692535859007,0.33912524563703095,0.3492553067000144,Depeche Mode,Personal Jesus
TRIBUHS128E07865A3,SOXGQML12A6701F6DC,AR7BGWD1187FB59CCB,Aretha Franklin,Reach Out And Touch (Live @ Fillmore West),Live At Filmore West [Deluxe],0,304.06485,0.702795527499,0.580939391078,jazz,jazz; soul; blues; female vocalists,211,71,33.166248,0,136.95508324849544,122.35775388375696,0.1529471923546962,0.3184344927771623,0.34240930257453567,Depeche Mode,Personal Jesus
TRIGRBJ128F1490099,SOJRZFZ12AF72AA931,AR2JB471187FB470A2,the bird and the bee,I'm a Broken Heart,the bird and the bee,2006,270.23628,0.749180456686,0.522277891785,rock,female vocalists; indie; chillout; indie pop; pop,299,58,98.752215,0,120.27430134263872,107.03976424261556,0.13379970530326946,0.3556823019620806,0.38252009668013814,Gorillaz,Broken
TRZMUFC128F931AF8E,SODGRIO12A8C145123,ARWAYHU1187B9A36E5,The Miracles,Broken Hearted,The Complete Motown Singles_ Volume 1: 1959-1961,1994,178.93832,0.61842065585,0.426205343939,r&b/soul,soul; rnb; american; 60s; oldies,223,71,40.5586,0,111.19103346494397,96.26509864794059,0.12033137330992574,0.3319664903933489,0.36465388931976517,Gorillaz,Broken
TRMIFQQ128F9338145,SOQUMVV12AB01853A1,AR6VBI71187FB462F3,Kenny Lattimore,Forgiveness,Kenny Lattimore,1996,248.18893,0.549328473477,0.426421992829,r&b/soul,soul; rnb; slow jams tag; love songs; Neo-Soul,384,110,54.101756,0,126.34896489576661,102.54736430882191,0.1281842053860274,0.30831255626575754,0.35358060195859153,Gorillaz,Broken
TRYNUGI128F4298F1C,SOCLYAC12AF72A99DD,ARAXU5Z1187B98FECD,Gorillaz,Kids With Guns (Jamie T's Turns To Monsters Mix),D-Sides,2007,260.91057,0.775086058383,0.605191152965,rock,alternative; back to school; songs for fucking shit up; i need a gun; stories disguised as songs,524,169,57.070132,0,293.6547151476459,253.40548122671856,0.3167568515333982,0.3977771521865361,0.4244911011041734,Gorillaz,Kids With Guns (Quiet Village Remix)
TRVPKBN128F424D72C,SOQDRSH12A6D4FA475,ARQZ5VG11A348EFFCB,Lower Definition,To Satellite,The Greatest Of All Lost Arts,2008,264.17587,0.663823389525,0.449830917014,metal,screamo; hardcore; epic; post-hardcore; rock,177,100,21.0,0,108.98169324751917,93.83254487780665,0.11729068109725832,0.2763310103059742,0.30561339816805494,Gorillaz,Kids With Guns (Quiet Village Remix)
TRYIIPJ128F1456B3A,SOOMKPZ12A6D4F3E53,ARMIBXP1187FB5B95C,KeKe Wyatt,Push Me Away,Soul Sista,0,261.32853,0.619327421921,0.385868513058,r&b/soul,rnb,384,86,80.218452,0,189.56821956593234,164.82334722688478,0.20602918403360598,0.27145226174714215,0.29900078227634724,Gorillaz,Kids With Guns (Quiet Village Remix)
TRMCMCM128F427C38B,SOOSIDC12A8C13C493,AREDT7N1187B9963ED,Dreams Come True,Dandelion Hill,Sing Or Die,1998,232.07138,0.593239862999,0.397641486395,jazz,jazz; j-pop; female vocals; world; Fusion,292,134,37.107951,0,161.546792151272,122.16486989158018,0.15270608736447522,0.2826285152244245,0.3424992934672941,Gorillaz,Rhinestone Eyes
TRTGQPF128F429508F,SOAHVQH12A8C139F18,AR8ZQ9T1187FB56FE5,Goldfinger,99 Red Balloons,Stomping Ground,0,234.37016,0.72914944068,0.522277897419,punk,punk; cover; punk rock; ska; rock,231,128,22.561028,0,121.82552568067861,92.1736113713584,0.115217014214198,0.2676781990634779,0.3257388345814948,Gorillaz,Rhinestone Eyes
TRPUYZW128C719638F,SOZPRNQ12AB017DE42,AR54RGR1187FB51D10,Common,Soul Power,Electric Circus,2002,253.17832,0.865128983978,0.53481975015,hip hop,Hip-Hop; groovy; rap; hip hop; Progressive,476,208,47.528939,0,171.02683035783872,113.20663449537437,0.14150829311921798,0.2246244113139033,0.30332739141015597,Gorillaz,Rhinestone Eyes
TROVKZW128F427CA18,SOZWTQN12A8C13EFBE,AR0IHVF1187B9A0E30,The Beautiful Mistake,Stavesail,Light A Match_ For I Deserve To Burn,2002,174.36689,0.610059002252,0.369850612163,punk,emo; screamo; post hardcore,69,30,13.416408,0,31.485784946674244,30.825668325496792,0.03853208540687099,0.35879529532094234,0.3626264430535606,The Prodigy,Invaders Must Die
TRLBPSP128C719660D,SOTWFNH12A6D4F6F63,ARGJVKV1187B9ACBF1,Grace Jones,Nipple To The Bottle,Private Life: The Compass Point Years,1982,415.84281,0.69999948196,0.505572245334,r&b/soul,80s; funky; funk; divas; groovy,558,77,83.390647,0,66.47623233293108,64.01902024896795,0.08002377531120994,0.35609575370139623,0.3590613390561848,The Prodigy,Invaders Must Die
TRDTODK128F1458778,SOCTIIQ12A6D4F3FB0,AR1WWVL1187B9B0306,UB40,The Earth Dies Screaming,The UB40 File,1980,510.87628,0.757417813383,0.563941252024,reggae,reggae; dub; political; chillout; 1980,220,69,48.270074,0,66.69748153327708,65.02628884620546,0.08128286105775683,0.35261303105242414,0.35664074518968136,The Prodigy,Invaders Must Die
TRESEJT128F4271B69,SORTJFD12B34F1C6D0,ARLNMV01187FB3ECA8,Little Big Town,From This Dream,Little Big Town,2002,267.80689,0.751328179205,0.62706073959,country,country; Little Big Town; Favourite Songs; From this dream,180,67,36.262929,0,48.05134363842779,45.2402602402479,0.05655032530030987,0.4335003203019073,0.44656514660042845,The Prodigy,Wake Up Call (Album Version)
TRJAZRW12903CAFA01,SOMUUSY12A6D4FA286,ARQUKB81187B9A0010,Fatboy Slim,Right Here Right Now,Shakedown,1999,352.46975,0.699000740022,0.544717829143,electronic,electronic; big beat; dance; House; electronica,466,11,139.025178,0,66.53728136644654,64.70893317030699,0.08088616646288374,0.43422917615953693,0.4409438124277464,The Prodigy,Wake Up Call (Album Version)
TRQTVXU128F930C659,SOVXJVN12AF729CE82,ARA3E131187FB3D3E0,Switchblade Symphony,Therapy,The Three Calamities,1999,253.64853,0.636853381653,0.425399915285,electronic,darkwave; Gothic; industrial; trip hop; electronic,245,77,47.843495,0,55.366416519755525,51.37355363123557,0.06421694203904446,0.36502438993797404,0.38061242939014556,The Prodigy,Wake Up Call (Album Version)
TRCXMEY12903CD1FB6,SOVYVRE12AB018A7CD,ARJZOEE11F4C83C864,Apollo 440,Stop The Rock,Stop The Rock,1999,402.12853,0.671515300915,0.0,electronic,electronic; dance; rock; big beat; electronica,312,24,83.719771,0,177.66371131891302,173.66925397909273,0.2170865674738659,0.4458328497067668,0.45110282764449916,The Prodigy,We Gonna Rock
TREBBJP128F4275C4D,SOIVTNA12A8AE47E1D,ARVML631187B99E90D,The B-52s,Rock Lobster (Live),Juliet of the Spirits,1989,332.59057,0.681598553146,0.537537201305,electronic,electronica; american; live; female vocalists; male vocalists,167,80,31.638584,0,146.16438258559214,140.42538374784,0.1755317296848,0.4360719078708812,0.442294757135648,The Prodigy,We Gonna Rock
TRAMTEH128F930D496,SOKVEKX12CF530D5AF,ARAZCWP129462A97F1,Bob Marley & The Wailers,Baby We've Got A Date (Rock It Baby),Bob Marley,0,238.8371,0.845880195263,0.580973894601,reggae,reggae; Classic Roots Reggae; 70s; pop; jamaica,325,58,73.573093,0,180.002538242739,173.4690315513926,0.21683628943924074,0.4041936867704434,0.41114532763898065,The Prodigy,We Gonna Rock
TRFEGGQ128E07898AA,SOMPSXS12D021B12D7,AR66H0N1187B9AE91E,Etta James,W.O.M.A.N.,The Very Best Of Etta James: The Chess Singles,1996,193.72363,0.774411519667,0.641347950577,blues,blues; soul; female vocalists; oldies; 1955,163,69,31.937439,0,43.78085133743282,41.77676503859163,0.052220956298239536,0.4043369236069278,0.413683302013285,Nine Inch Nails,The Great Collapse
TRKDVDN128E078E77F,SOKNFYH12A6701F649,AROISRS11F43A69F49,B.B. King,Ain't That Just Like A Woman,Let The Good Times Roll:  The Music Of Louis Jordan,1986,210.88608,0.641126734432,0.467666633846,blues,blues; swing; freedom; boogie woogie; walkingbass,270,94,48.114447,0,53.297716107622286,50.128814813671035,0.06266101851708879,0.3856803183258224,0.3960260237739651,Nine Inch Nails,The Great Collapse
TRPUKOY128F42AC976,SOAMKZP12A8C13E379,ARFJZRY1187FB3C85E,Bette Midler,I'm A Woman,Bette Midler Sings The Peggy Lee Songbook,2005,147.59138,0.685244285268,0.52881351314,blues,blues; divas; cover; covers; SPICE Alliance,296,113,45.90207,0,52.27658933799573,48.95423401152359,0.06119279251440449,0.3844249468342664,0.39479681622085405,Nine Inch Nails,The Great Collapse
TRFPSCB128F4294AF9,SOFSUVU12A8C1395C9,ARR57MZ1187FB5C275,Lisa Stansfield,Time To Make You Mine,Real Love,1991,298.97098,0.675730792169,0.382820411594,pop,pop; female vocalist; Erotic; soul; 90s,319,85,44.485953,0,136.7216418877903,112.68198316314286,0.14085247895392858,0.2926685799942552,0.33421830898413857,Duran Duran,Electric Barbarella (Radio Edit)
TRMRAFF128F92FB7D1,SOPHDCN12A6D4F7789,ARWT7VX1187FB54449,Little Walter,You're So Fine,From the Fields Into The Town - 18 Big Tracks,1953,181.18485,0.606725892937,0.408806119743,blues,blues; harmonica blues; Chicago Blues; ein super Song; blues rock,218,70,46.010868,0,101.73959064491125,85.10535191386656,0.1063816898923332,0.2886668952808188,0.3266321021927309,Duran Duran,Electric Barbarella (Radio Edit)
TRFHVTT12903CF7CD9,SOBAAFP12D02198DCD,ARFR3E51187B9A0A85,Sara Evans,A Real Fine Place To Start,Greatest Hits,2005,239.04608,0.733214467476,0.686060157817,country,country; Sara Evans; female vocalists; modern country; country pop,233,100,26.720778,0,110.54363222149175,88.5682451033797,0.11071030637922462,0.2746420167126082,0.320747419802566,Duran Duran,Electric Barbarella (Radio Edit)
TRSDNUX128F4289140,SOXYSPG12A8C13AA8F,AR5JPWN1187FB5B6DE,Amel Larrieux,i like the sunrise,Lovely Standards,2007,294.94812,0.687996785976,0.385201079073,jazz,jazz; soul; sweet; pretty; wipe your tears,90,54,14.035669,0,27.358831585600523,25.417106643814495,0.03177138330476812,0.2912989093299866,0.30550308404555837,Björk,Pluto
TRLTQIL128F9339362,SOCIHEH12AB018133D,AR8EB351187B9934A9,U.S. Bombs,All The Bodies,Garibaldi Guard,1996,120.47628,0.607268125921,0.421569843432,punk,punk; Punk Favorites; beer drinking; flaschenbande,86,42,15.874508,0,24.355513545449533,23.0343532942618,0.028792941617827247,0.2863536719080029,0.2976694632831061,Björk,Pluto
TRTWTCE128F4263D6F,SOLCEOL12A8C1390A3,AR3ZL6A1187B995B37,De-Phazz,Wait,Daily Lama,2002,220.94322,0.667138905552,0.459748101423,jazz,lounge; jazz; chillout; downtempo; nu-jazz,143,75,20.07486,0,33.41113910580278,30.574589436442825,0.03821823679555353,0.28103899178915687,0.2970687618940029,Björk,Pluto
TRAQYXB128F92EC315,SOKOORN12AB0183046,ARQCFI11187FB5AE43,George Jones,Who Shot Sam,The Best Of George Jones,0,144.48281,0.730265183221,0.472204525841,country,country; rockabilly; Honky Tonk; law; rock n roll - surf,194,87,20.712315,0,127.03201244994885,106.81964231699588,0.13352455289624485,0.2768341133611854,0.3128190413494038,Empire Of The Sun,Delta Bay
TRGWLHC128F9305F3D,SOPDEIR12A6D4F7E6D,AR6HAZT1187FB4A3AA,Roy Buchanan,The Messiah Will Come Again,The Definitive Collection,1972,353.41016,0.605278303318,0.395273631551,blues,blues; blues guitar; guitar; blues rock; rock,125,69,15.684387,0,90.11445980922592,75.4730101365309,0.09434126267066363,0.2572045225457646,0.29250533277793395,Empire Of The Sun,Delta Bay
TRAZOBA128F9303210,SOOFBSB12AB01862CE,ARRP7LB1187B99A343,Fiddler's Green,Shot In The Dark,On And On,1997,222.71955,0.575440163107,0.413156519249,reggae,celtic; ska; pop; german; celtic rock,245,109,33.015148,0,129.1763967609438,100.99937277115909,0.12624921596394886,0.23019316148019298,0.2761870253491289,Empire Of The Sun,Delta Bay
TRVFPAQ12903CBB680,SONDASY12A8C13EB6D,ARMCIEC1187FB3E98A,Rachael Yamagata,Even So,Happenstance (Deluxe Version),2004,258.24608,0.760287145156,0.520462950926,folk,female vocalists; piano; singer-songwriter; indie; Rachael Yamagata,242,83,41.073106,0,117.12337471169786,94.56522929224461,0.11820653661530577,0.3099236766398569,0.3573734740944925,Empire Of The Sun,We Are The People (Shazam Remix)
TRWVZBZ128F1462E08,SOKLVHU12A6D4F4778,AR048JZ1187B9AEB85,Yellowcard,Believe,Ocean Avenue,2003,271.17669,0.872933783073,0.627467258563,punk,punk rock; rock; punk; pop punk; alternative,371,125,59.008474,0,177.16066096691378,139.78910143442948,0.17473637679303686,0.28779951907477186,0.3385463353139975,Empire Of The Sun,We Are The People (Shazam Remix)
TRDMETO12903CFEF20,SOEOQYP12AC960DB80,ARRL7MQ1187B98DDB7,God Forbid,The End Of The World,Beneath The Scars Of Glory And Progression,2005,377.23383,0.710642337775,0.522546595561,metal,metalcore; metal; death metal; heavy metal; hardcore,179,62,26.41969,0,92.37554802001452,76.49597019645651,0.09561996274557064,0.27895820209574473,0.318176185952988,Empire Of The Sun,We Are The People (Shazam Remix)
TRQKCQX128F1456854,SODZLLS12D021943EC,AR5DC8S1187B9958BE,Mary J. Blige,Can't Get You Off My Mind,Share My World,1997,279.82322,0.81192581253,0.614140285235,r&b/soul,rnb; soul; female vocalists; mama love it; 90s,446,135,72.856022,0,349.00735958729734,307.04683786922806,0.3838085473365351,0.4632653364311474,0.4945001572828496,The Maine,You Left Me
TRQGPHQ128F92D0664,SOCVMBX12A8C143155,ARZHQDD1187FB5B871,Lush,Outside World,Single Girl,0,246.67383,0.635990205689,0.410111686542,electronic,AmbientDream Pop; time passing; summer in the city; favorite cities; songs about leaving,142,71,22.891046,0,254.99579381871473,230.3222996836475,0.2879028746045594,0.4594772301665587,0.4848285721380405,The Maine,You Left Me
TRFEEWH128F145174E,SOOTSBE12A6D4F737E,ARTMP681187B9B77CD,Everything But The Girl,Love Is Strange,Best Of Everything But The Girl,1992,202.9971,0.780526524811,0.476441299197,folk,acoustic; 77davez-all-tracks; Mellow; covers; AOR,174,50,28.354894,0,263.4161987427394,238.6356016118584,0.298294502014823,0.41492702275675186,0.43888075762057516,The Maine,You Left Me
TRFGVSE128F1466472,SOKYMPZ12A67ADE2D6,ARTOXOB1187B9B78C1,Digable Planets,"Pacifics (Sdtrk ""N.Y. Is Red Hot"")",Reachin' (A New Refutation Of Time And Space),1993,271.43791,0.713868674686,0.451162919755,hip hop,hip hop; acid jazz; reachin a new refutation of time and space; r00ts; newyorkisredhotThEnAnDThIsIsNoWaNdThAtWaStHeNyastillwidmeyastillwidmethen,607,210,76.778903,0,199.2061810683037,157.5471936684314,0.19693399208553924,0.3039735586711399,0.35449374455319593,Hot Chip,The Warning
TRJEAVP128F42B83F0,SOYBJUW12A8C142108,ARXRSO01187B98911C,Petey Pablo,Show Me The Money,Step Up Soundtrack,2006,224.67873,0.734533787005,0.445949816185,hip hop,Hip-Hop; Step Up; rap; dance; Soundtrack,469,160,70.256672,0,166.83976537998225,128.5102962190121,0.16063787027376514,0.2858316754137373,0.34014457967202044,Hot Chip,The Warning
TRAYCAT128F930CD4D,SOGVZPO12AB017F7D2,ARPDUDM1187B993570,Helium,Lullaby of the Moths,The Magic City,1997,189.59628,0.581950150609,0.384145588853,rock,indie; indie rock; female vocalists; alternative punk; Helium,74,53,8.774964,0,57.396640153852665,48.92575692607059,0.06115719615758824,0.26836436702950006,0.3005183251256821,Hot Chip,The Warning
TRNHZLE128F428884D,SOHJUMC12A8C139BA8,AR4WHYC1187B9896E7,A Tribe Called Quest,His Name Is Mutty Ranks,The Love Movement,1998,116.27057,0.770040694516,0.543681106661,hip hop,Hip-Hop; rap; da real old skool Hip Hop; STRICTLY FOR THE UNDERGOUND; DA REAL UNDERGROUND OLD SKOOL HIP HOP,324,151,31.984371,0,75.21712969502636,64.4259164235755,0.08053239552946938,0.26953271661789346,0.2972559558599821,Enter Shikari,Keep It On Ice
TRKINST128F930EAB1,SOBINJD12AB017C8C9,ARP6QUC1187FB4BF42,Saez,My Funny Valentine,Jours Etranges,1999,260.93669,0.694542619926,0.406440176158,rock,rock; french; cover; france; Favourites,113,44,18.466185,0,43.21695966050165,39.584321868712564,0.049480402335890704,0.2791726363311782,0.29702425696678764,Enter Shikari,Keep It On Ice
TRVDFQB128F4251C33,SOZCQFF12A8C135070,ARLBOXR11F4C83C0B7,Macc Lads,Fluffy Pup,From Beer To Eternity,0,169.1424,0.447303783193,0.299254834213,punk,punk; rock; british; Macc Ladds,352,111,55.136195,0,73.88044679304693,63.98092732720405,0.07997615915900506,0.2601830603922733,0.28643081655038105,Enter Shikari,Keep It On Ice
TRKBZBS128F148328F,SOOQREM12AF729C733,ARMRCET1187FB52049,Fergie,Get Your Hands Up,The Dutchess,0,213.96853,0.873627174335,0.560205546389,hip hop,Fergie; Hip-Hop; female vocalists; hip hop; 00s,509,149,86.867716,0,130.0261833653368,93.06685406604215,0.1163335675825527,0.2276053034367569,0.29135951240106783,Enter Shikari,The Jester
TRKNGKK12903CEE344,SOZQQRL12AB017AEC9,ARDF8K01187FB37200,Wolfmother,10_000 Feet,Cosmic Egg,2009,248.842,0.792255589732,0.566971566219,rock,hard rock; rock; australian; Progressive rock; alternative rock,194,83,27.495454,0,66.02159774870844,51.047223007684515,0.06380902875960565,0.2397079259704204,0.2895783654264619,Enter Shikari,The Jester
TRZKNSG128F9326727,SOBPFAB12AB0187F5F,AR9IIVS1187FB566F1,Alice Peacock,Here I Go Again,Who I Am,2006,267.7024,0.569275941137,0.334558468128,folk,acoustic; singer-songwriter; folk rock,193,98,32.863353,0,70.68705104583186,52.185021636512985,0.06523127704564123,0.2291298307479675,0.28702278700958306,Enter Shikari,The Jester
TRQXWFK128F149E214,SOHQLFI12A67ADC828,ARSIR7Z1187B994267,Kate Ryan,One Happy Day,Different,2002,270.07955,0.693387844843,0.426544493687,electronic,dance; kate ryan - one happy day; dievinu; love at first listen; eurotrance,240,66,39.370039,0,54.1986642062563,46.53293512127913,0.05816616890159891,0.25960088694063094,0.28965916629665067,Enya,Lazy Days
TRUJADM128E0791325,SOIZSCS12A67021572,ARZHSES1187FB58AAC,Cream,Take It Back,Disraeli Gears,0,185.44281,0.827074437764,0.492236494852,blues,blues rock; classic rock; 60s; blues; rock,276,66,49.457052,0,46.474140152926935,39.743558532967164,0.04967944816620896,0.24889702397985097,0.27901970632723544,Enya,Lazy Days
TRCZLLQ128E0792778,SOQQTFV12A6701C5F6,ARK9TRQ1187B99C095,Nine Inch Nails,Something I Can Never Have,And All That Could Have Been/Still,1989,399.41179,0.905776888666,0.629541625998,rock,industrial; industrial rock; NIN; sad; rock,283,91,47.265209,0,44.046984330125426,36.307251048276875,0.04538406381034609,0.24102615180309675,0.2769930461723918,Enya,Lazy Days
TRXMHNK128F14584E3,SOUCHAB12A6D4F748E,ARI0PUX1187FB3F215,Maxi Priest,Never Did Say Goodbye,Bonafide,1990,245.99465,0.661001337101,0.446890726549,reggae,reggae; mp,280,88,39.115214,0,176.62202905194317,151.8605890785861,0.1898257363482326,0.3615303135023708,0.39694997754250677,Enya,Someone Said Goodbye
TRJQVPZ12903CD2BB3,SOGNAYR12AB017DF63,AR3TRZG1187FB3AEA1,Naked Raygun,Treason,What Poor Gods We Do Make,2007,256.10404,0.600530437646,0.421519250222,rock,alternative rock; Favorite; FUCKING AWESOME; great song; emusic,127,76,18.027756,0,106.85519347077923,91.99056365123961,0.11498820456404951,0.3493521717350051,0.3840785179067216,Enya,Someone Said Goodbye
TRJQRAP128F9314B3F,SOMSWGY12AB017F755,ARZENOX1187B98A645,John Mayer,All We Ever Do Is Say Goodbye,Battle Studies,0,275.27791,0.837947909189,0.740373515795,folk,acoustic; soft rock; john mayer; indie; soul,224,64,50.209561,0,129.6027342302886,114.3699539140923,0.14296244239261538,0.34599724965389644,0.3746574163606201,Enya,Someone Said Goodbye
TRPHHFC128F930B8E0,SOPJBRG12AB017CC77,AR60SB71187B98DB4D,Freedom Call,Flying high,Eternity,2002,249.20771,0.594302882782,0.504923911006,metal,Power metal; metal; melodic metal; Melodic Power Metal; Freedom Call,184,72,25.377155,0,133.31882771752012,119.61119876919899,0.14951399846149874,0.4038695557272946,0.4302022161191591,Enya,The Magic Of The Night
TROAWNX128F92EBF56,SOPJRVN12A8C145A1E,AR028WW1187FB3C9B4,Tiffany Evans,Angels on Earth,Tiffany Evans,2008,249.12934,0.751697825223,0.446333150343,blues,ballads; blues; female vocalists; tiffany evans,210,87,31.874755,0,147.43975213663214,126.7869950416662,0.15848374380208274,0.3752978811135001,0.4107779528565766,Enya,The Magic Of The Night
TRBXSJT12903CC7DAA,SORNKEU12AB018B121,ARP5C7H1187FB36848,All-4-One,When I Needed an Angel,No Regrets,2009,224.60036,0.647662248292,0.489737398316,blues,rhythum and blues tag,307,97,44.42972,0,131.61861503253874,110.76680450029619,0.13845850562537024,0.3424435478132925,0.3814907524949486,Enya,The Magic Of The Night
TRBBVJP128F92FF19C,SORVSGF12CF582896D,ARMM6WZ1187FB4958D,Willie Nelson,I Feel Sorry For Him,American Legend_ Volume 4,1992,143.28118,0.773806910964,0.629128001261,country,country,153,69,21.702534,0,79.38045718545705,69.86692997246959,0.08733366246558699,0.3011649613066395,0.3285586584275754,Bruce Springsteen,Gave It A Name
TRPYYFJ128F42818FC,SOFPAGL12A8C13EDEC,ARVW6QR1187FB47382,Adam Green,Bungee,Friends Of Mine,2003,173.11302,0.742634229886,0.389572315944,folk,folk; anti-folk; Love; acoustic; indie,100,70,11.045361,0,52.03885264200363,45.39142513462483,0.05673928141828104,0.2921777460344266,0.32099293867802975,Bruce Springsteen,Gave It A Name
TROXPNE128F9337718,SOTIWWD12AB01843D2,ARUSOMY1187FB4D3B4,Anti-Flag,Captain Anarchy,A New Kind of Army,1999,152.86812,0.844039532227,0.524378987515,punk,punk rock; punk; political punk; political; rock,189,90,25.455844,0,64.77801974729672,55.46257594447313,0.0693282199305914,0.27237766536139474,0.30378743649674683,Bruce Springsteen,Gave It A Name
TRNTOYG128F934D0BF,SONQHBA12AB0185289,ARZQSNO1187FB5BBAB,Elizabeth Cotten,Willie,Elizabeth Cotten_ Volume 3: When I'm Gone,0,308.00934,0.560215647714,0.364258870671,blues,blues; Pioneer,145,60,23.021729,0,80.35462251359682,71.05034944433194,0.08881293680541492,0.3095393633834333,0.3364032758223305,Johnny Cash,The Vanishing Race
TRYELOR128F932ADD0,SOFWHMH12AB0181E06,AR40YBH1187FB38A1A,Roy Acuff,Wabash Cannonball,Country & Western,1951,167.73179,0.530788025364,0.352780848855,country,country; classic country; WABASH CANNONBALL; oldies; hillbilly,276,89,25.826343,0,76.57151783418217,66.59901944430507,0.08324877430538134,0.3039732485542776,0.3340256141884831,Johnny Cash,The Vanishing Race
TRGIBQG128F9335E63,SOMXVVN12AF72A7241,ARX9KBJ1187FB3A99C,Alabama,Roll On (Eighteen Wheeler),"Mountain Music ""The Best Of Alabama",1984,265.03791,0.700372111565,0.523497716068,country,country; Alabama; classic country; country rock; favorite songs,406,120,76.24959,0,114.26305099379377,95.62666416519822,0.11953333020649777,0.27841948996996746,0.31452617156832535,Johnny Cash,The Vanishing Race
TRJWOVP128F4280AFC,SOACAGO12A8C13C888,ARR1EM41187B98D816,Esthero,This Lull-a-bye (Album Version),We R In Need Of A Musical ReVoLuTIoN!,2004,330.65751,0.705576859153,0.409897867392,jazz,Mellow; jazz; Love; chillout; first time favorite,147,65,23.895606,0,108.01457979964194,97.33771539328022,0.12167214424160028,0.42896497926629956,0.45437977411729646,John Mayer,All We Ever Do Is Say Goodbye
TRJFIAK128F147159B,SODPURY12A6D4FA03E,ARF6KZD1187FB49FE9,Carla Thomas,Don't Say No More,Carla Thomas - Stax Profiles,1969,140.82567,0.610843675833,0.396049420954,r&b/soul,soul; female vocalists; stax; say no more; SundayMix,142,59,25.768197,0,112.4938750451449,102.63858433933207,0.12829823042416508,0.4204002497039666,0.4428886507658018,John Mayer,All We Ever Do Is Say Goodbye
TRQBWDI128F429A40E,SOUQUAV12A8C13CBED,ARR57MZ1187FB5C275,Lisa Stansfield,Goodbye,So Natural,1993,275.82649,0.675730792169,0.382820411594,punk,mood music; emotive; soul; female vocalist; pop,246,72,38.794329,0,152.4546161411686,136.42787365230924,0.17053484206538655,0.39752475911809126,0.42419710538898225,John Mayer,All We Ever Do Is Say Goodbye
TRBJPJS128F932F173,SOAARYW12AB01892B3,ARVHQNN1187B9B9FA3,Cat Stevens,Rubylove,Teaser and the Firecat deluxe pack,1971,172.9824,0.828334155119,0.472205894545,folk,folk; Cat Stevens; singer-songwriter; pop; 70s,146,21,44.899889,0,171.57856372421517,164.13431399977617,0.2051678924997202,0.5202500032505022,0.5273252542506163,John Mayer,Clarity
TRUDWZM128F424E90D,SOFOBMI12A8C1310C8,AR93D4D1187FB3ACAD,J.J. Cale,Ooh La La,Rewind,2007,208.32608,0.675771369617,0.435468898816,blues,blues; f; jjcale; ooh la la; j j cale-ooh la la,95,34,38.065733,0,133.6119406888647,125.43089134130297,0.1567886141766287,0.4401854528326575,0.45350963770818403,John Mayer,Clarity
TROGAEP128F1484DE4,SOFLNXK12A6D4F99DC,ART4QZC1187FB51612,Janet Jackson,Throb,Janet,1993,275.17342,0.881694731307,0.568201421807,r&b/soul,dance; rnb; 90s; sexy; sex,145,31,20.639767,0,111.99176970466849,104.58867590634404,0.13073584488293005,0.38432940622358946,0.39834429677496724,John Mayer,Clarity
TRPUZPN128F4232193,SORFBGO12A8151E04D,AR4EUFM1187B99592B,Chicago,Life It What It Is (Remastered LP Version),Chicago 13,1979,276.89751,0.772094861224,0.542415326106,pop,80s; pop,223,98,28.740216,0,85.91271182721432,64.46211215355432,0.0805776401919429,0.2522870682983075,0.3101529298905632,John Mayer,Why Georgia
TRLVRJP128F93519FB,SOOENST12AC9E1344B,ARZYMH91187B99CEFC,Atmosphere,Hair,God Loves Ugly,0,1.82812,0.879475075015,0.607960565364,hip hop,Hip-Hop; rap; hip hop; underground hip-hop; leapsandleeloo,718,280,73.42343,0,174.5054399197661,102.17803787393441,0.12772254734241803,0.21364015475146259,0.3092680248169846,John Mayer,Why Georgia
TRVOVJN128F93439A3,SOSBNFQ12AB0185969,ARJ8ZVR1187FB4336E,Ani DiFranco,Grey (from Revelling Reckoning),Songs for a Broken Heart,0,309.65506,0.766211290057,0.54261561648,folk,singer-songwriter; alternative; female vocalists,242,94,36.138622,0,79.7183816230741,61.516563311272705,0.07689570413909089,0.25605486834292496,0.3084330170202948,John Mayer,Why Georgia
TRFUJVJ128F426F2A2,SOONCPO12AF72A1986,AR8W8P31187B9A4063,Lauryn Hill,Interlude 5,MTV Unplugged No. 2.0,2002,734.48444,0.697206464376,0.580125198887,r&b/soul,ms hill; the realness; The Truth; true; rnb,1903,409,215.044182,0,340.71551179963893,191.8770941606089,0.23984636770076112,0.23240326553188062,0.3368904172257144,Jack Johnson,Mudfootball (For Moe Lerner)
TRCOIXB128F93451E0,SOZYCGI12AB0189CA4,ARF2SVO1187FB53E8F,Alison Krauss / Union Station,Find My Way Back To My Heart,So Long So Wrong,1997,211.74812,0.665145483773,0.425326121849,country,country; folk; bluegrass; country ballads female,246,120,26.981475,0,120.64096807772053,85.05369003001229,0.10631711253751536,0.23294764029343937,0.30083445009634635,Jack Johnson,Mudfootball (For Moe Lerner)
TRWVQND128F42335EE,SOSNIZO12A81C21477,ARD7I1Q1187B991550,Terra Naomi,New Song,Under The Influence,2004,269.7922,0.681531150733,0.408896033075,electronic,female vocalists; dance in a storm; ambient; sad but beautiful,290,132,34.263683,0,129.26439517662592,92.8668459794256,0.116083557474282,0.23272402216460272,0.29679865522139326,Jack Johnson,Mudfootball (For Moe Lerner)
TRLFYKX128F1493334,SOWTGSY12A6D4FA8D2,ARLMCKU1187FB3DE6A,Laura Fygi,I Wish You Love,Bewitched,2009,187.34975,0.581443513686,0.36518691996,jazz,jazz; Love; lounge; pop; female vocals,120,53,22.248595,0,72.04311201966374,65.009618610193,0.08126202326274125,0.3292798450167604,0.35234949232297286,Sufjan Stevens,Sister Winter
TRAPMUC128F92F3121,SONYKAZ12A8AE4579F,ARVA5B71187B9A0FCD,Incognito,Stone Cold Heart,Who Needs Love,2003,364.06812,0.693952590684,0.498625084813,r&b/soul,soul; georgia; acid jazz; UK soul; drjazzmrfunkmusic,283,82,42.391037,0,115.16622048911093,98.26273960345183,0.12282842450431479,0.2957681389749416,0.3287648244891755,Sufjan Stevens,Sister Winter
TRAMDDU128F4270B2D,SOSMNYF12CF530D594,ARTASUV1187B9A2B67,Frank Sinatra,Put Your Dreams Away,The Columbia Years 1943-1952            The V-Discs,1958,90.04363,0.825816294169,0.56266192634,jazz,easy listening; jazz; swing; pop; Dreamy,94,48,15.588457,0,59.796839305474165,53.21997859768873,0.06652497324711092,0.29848663434423195,0.32342425848096695,Sufjan Stevens,Sister Winter
TRFGWTJ128E0783A47,SOJDPYG12A6310E289,ARA1UU51187FB5A70B,The Misfits,Static Age,Legacy Of Brutality,1985,107.36281,0.85372585672,0.550991009241,punk,punk; horror punk; punk rock; Misfits; rock,106,30,17.378147,0,30.15433405091069,27.67155416559552,0.0345894427069944,0.29851900162013045,0.31613263462761815,Rufus Wainwright,In A Graveyard
TRRVIRD128F42AED3E,SOYIFDO12A8C13EB66,ARYXAJN1187FB40F84,T Bone Burnett,I'm Going On A Long Journey Never To Return,The True False Identity,2006,321.25342,0.5933910059,0.414709224072,blues,blues; americana; rock; Alt-country; singer-songwriter,409,93,68.724086,0,87.85682127637811,74.23851241785273,0.09279814052231591,0.27154424676810496,0.3058022175684991,Rufus Wainwright,In A Graveyard
TRTCOWO128F930C444,SONWWDY12A6D4F7FB1,ARIHE7O1187FB47DED,The Streets,Weak Become Heroes,Summer Sessions,0,494.54975,0.772909488109,0.527872236021,hip hop,british; Hip-Hop; garage; 00s; hip hop,754,262,96.337947,0,111.94654881792682,81.9580258121371,0.10244753226517136,0.24579356815098505,0.30042804062007905,Rufus Wainwright,In A Graveyard
TRNALTJ12903CEAB84,SOJSZPZ12A8C13D71B,ARYO9H11187FB57945,Old Crow Medicine Show,Fall On My Knees,Down Home Girl - EP,2003,133.85098,0.713425876942,0.556310079386,folk,folk; favorites; Miscellaneous; manatees and possums,229,75,38.781439,0,129.68486177760462,108.7086178870729,0.13588577235884114,0.3612814564853502,0.4027804369648622,Rufus Wainwright,Baby
TRALZXZ128F92E26EF,SOXZUMI12A58A77D7F,AR76DOS1187FB5AE78,The Jeff Healey Band,My Little Girl,LIVE AT MONTREUX,1988,223.92118,0.716854351769,0.414236247722,blues,blues rock; blues; rock; littlegirl; JeffHealey,218,73,37.403208,0,107.70078484505062,89.58250740720773,0.11197813425900965,0.3523246746114609,0.39532987816965026,Rufus Wainwright,Baby
TRDZDEZ128F930CC4D,SOXANJZ12A8C137903,ARAHQDS1187FB55275,Maysa,Love Won't Let Me Wait,Sweet Classic Soul,0,264.61995,0.616436885257,0.409464909228,r&b/soul,maysa; soul; funk; rnb; Incognito,198,95,28.442925,0,86.20394377845452,67.52080431366176,0.08440100539207719,0.29262828344824665,0.3455862656456467,Rufus Wainwright,Baby
TRFQNWX128F428531C,SOUZEOT12D021B3B83,ARYJSY01187B9B7C65,Dolly Parton,Daddy's Moonshine Still,RCA  Country Legends,1971,209.18812,0.765263787803,0.594469274524,country,country,352,163,38.522721,0,143.73433398328115,109.83453747398886,0.13729317184248607,0.28680644085783313,0.3424473443939046,Edward Sharpe & The Magnetic Zeros,Janglin
TRXWWEI128F428DFAB,SOWWXEP12A8C13B2A2,AR3DRZ71187B991073,The Unseen,Dead Weight Falls (Album Version),State Of Discontent,2005,170.68363,0.858677441848,0.472175553627,punk,The Unseen; punk; anarcho-punk; oi-,213,86,32.787193,0,94.46918283623275,79.64647308096022,0.09955809135120028,0.2878260719220306,0.3239903800367966,Edward Sharpe & The Magnetic Zeros,Janglin
TRSIBYX12903CCCB76,SOCQECF12AB0189E94,ARLZXMS1187B9895CA,Alborosie,Likkle Africa,Escape From Babylon,2009,53.99465,0.689400001386,0.451571514664,reggae,reggae,341,154,38.392708,0,126.62952332112418,99.26949071245411,0.12408686339056764,0.26439004931623067,0.3138151391571557,Edward Sharpe & The Magnetic Zeros,Janglin
TRUEZRF128F149599A,SOLVCLZ12A6D4FA377,ARQILMW1187B9890DA,Kitty Wells,Mommy For A Day,20th Century Masters: The Millennium Collection: Best of Kitty Wells,1993,152.47628,0.551476458338,0.380728239612,country,classic country; Real Country; all time great; country; tearfull,175,83,21.931712,0,131.00198438033746,93.89313870616817,0.11736642338271022,0.27547298557095135,0.3443253650467543,Bob Dylan,Ballad In Plain D
TRBDCAH128EF362D31,SOSTXYN12A6D4F67D4,AR82DJK1187B991107,The Pharcyde,Passin' Me By,Bizarre Ride II,1993,303.46404,0.756063870843,0.491468881637,hip hop,hip hop; 90s; rap; classic; songs about the opposite sex,697,235,90.465463,0,239.057533464894,133.2989070227161,0.16662363377839512,0.22565246717701665,0.3429570087615946,Bob Dylan,Ballad In Plain D
TRXNHEE128F934B422,SOETTER12A8C13471A,AR5Z3L01187B99C5A9,Cannibal Corpse,Nothing Left to Mutilate,The Wretched Spawn,2004,229.66812,0.659283468517,0.562819337042,metal,death metal; Brutal Death Metal; metal; cannibal corpse; thrash metal,208,99,28.337255,0,132.30281252072692,98.7755716303452,0.12346946453793149,0.28106162482340313,0.3399942274645225,Bob Dylan,Ballad In Plain D
TRFFGMF128F1490E68,SOKXYCI12A6D4FA0A8,AR2SMD91187B9B0582,The Mighty Mighty Bosstones,The Skeleton Song,Pay Attention,2000,182.83057,0.699262055776,0.475941289598,reggae,ska; ska punk; punk; skacore; 2000,280,115,31.38471,0,129.37822643770218,101.63640962608017,0.1270455120326002,0.31288566318869926,0.36687025271666296,Bob Dylan,One Of Us Must Know (Sooner Or Later)
TRFUJVJ128F426F2A2,SOONCPO12AF72A1986,AR8W8P31187B9A4063,Lauryn Hill,Interlude 5,MTV Unplugged No. 2.0,2002,734.48444,0.697206464376,0.580125198887,r&b/soul,ms hill; the realness; The Truth; true; rnb,1903,409,215.044182,0,343.3574837341741,193.6833889930494,0.24210423624131175,0.24333432591196064,0.3509503755085583,Bob Dylan,One Of Us Must Know (Sooner Or Later)
TREHMUM12903CA8188,SOEUYGW12AB0188531,ARYWN7S1187FB43A41,Bobby Bare,Numbers,American Idols - Bobby Bare,2007,286.79791,0.56374425735,0.387270400888,country,classic country; country; numbers; n; male country,411,177,40.162171,0,162.31606311795966,112.62243693521323,0.14077804616901654,0.2724572312670141,0.34935885692183566,Bob Dylan,One Of Us Must Know (Sooner Or Later)
TROJQJH128F935E5B4,SOMBNZR12A8C144861,AR7KSU71187B992D24,Anthony David,Stop Playin',The Red Clay Chronicles,2006,228.98893,0.581944370427,0.418836393435,r&b/soul,Neo-Soul; soul; rnb; antoni david; Weebu,331,100,49.959984,0,179.1518433760304,150.04974514919357,0.18756218143649195,0.29919241505587363,0.33726486448287507,James Taylor,It's Growing
TRECGEG128F42994F8,SOAIEEJ12A8C1420CF,AR2UWUD1187B9B3B01,Nina Simone,Blues Prelude,Nina Simone: The Tomato Collection,0,278.41261,0.661601101289,0.545536177337,jazz,jazz; blues; drjazzmrfunkmusic; singer-songwriter; piano,249,101,37.094474,0,165.85191728446898,136.34451979118603,0.17043064973898253,0.29576752098925124,0.3372592671691837,James Taylor,It's Growing
TRBDWRY128F427991E,SOQXGVE12CF5F86D20,ART3O5Z1187B9AB043,Stevie Ray Vaughan And Double Trouble,Tin Pan Alley (aka Roughest Place In Town),The Essential Stevie Ray Vaughan And Double Trouble,2005,551.91465,0.783037109548,0.544257505725,blues,blues; blues rock; guitar; stevie ray vaughan; Guitar Gods,180,82,24.698178,0,144.2515723832796,122.49717544594716,0.15312146930743395,0.30185205993086756,0.3372467412574842,James Taylor,It's Growing
TROHITX128F92D288C,SOITUBS12A8C144333,ARKG27B1187B99944A,Jolie Holland,Love Henry,The Living and The Dead,2008,305.47546,0.670135200337,0.414830885839,country,americana; Dreamy; oh yes; under the weeping willow tree,280,118,34.612137,0,117.31616812005399,96.7319001058687,0.12091487513233588,0.35209511028774126,0.39651264630031446,James Taylor,Oh_ Susannah (LP Version)
TRYMSOG128F423850C,SONGIBA12A8AE47D2F,ARN03F71187FB4E3F4,Ayo,Down On My Knees,Joyful,2006,243.01669,0.52259018455,0.390641235878,r&b/soul,soul; female vocalists; Ayo; blues; reggae,335,60,71.965269,0,103.70308033603803,90.7417049233188,0.11342713115414851,0.351812106080877,0.38260432040445475,James Taylor,Oh_ Susannah (LP Version)
TRFTCVG128F4231AB1,SONWKJV12A81356263,ARMKODX11F50C4BD1B,Ramones,Needles And Pins (Remastered Album Version ),Road To Ruin: Expanded and Remastered,0,141.50485,0.72683276389,0.495699489151,punk,punk; punk rock; Pop Songs,207,83,33.286634,0,89.67974121158466,75.31075842591632,0.0941384480323954,0.3275807713239281,0.3671005272113304,James Taylor,Oh_ Susannah (LP Version)
TRBYQEL128F427E807,SOEFSBB12A8C1370CB,ARL99WU1187B98FB1F,Skip James,Cherry Ball Blues,Skip James Live Vol. 2  Bloomington 1968 Part 1,1964,247.2224,0.623698243161,0.421795209615,blues,blues; delta blues; guitar; cool; Guitar Gods,214,71,30.967725,0,128.72908254052152,107.08629223643986,0.13385786529554983,0.33698464018217505,0.3780098941250011,James Taylor,Something In The Way She Moves
TRMRAFF128F92FB7D1,SOPHDCN12A6D4F7789,ARWT7VX1187FB54449,Little Walter,You're So Fine,From the Fields Into The Town - 18 Big Tracks,1953,181.18485,0.606725892937,0.408806119743,blues,blues; harmonica blues; Chicago Blues; ein super Song; blues rock,218,70,46.010868,0,133.64249343470573,108.4642176662347,0.13558027208279338,0.306561550825146,0.351721794442239,James Taylor,Something In The Way She Moves
TRPPTMD128F42ADC71,SOUEVWF12A8C140FE3,ARP7ILI1187B9AE9F7,Phantom Planet,By The Bed,Live 2004,2004,234.08281,0.76400336855,0.5423950935,rock,alternative; rock; indie; phantom planet; you love me so much,226,109,32.449961,0,129.09013083484425,92.95031889155882,0.11618789861444853,0.266564258577226,0.3353298635341032,James Taylor,Something In The Way She Moves
TRRXXQS128F14B027B,SOTCCIB12A6D4FB78D,AROWNZP1187FB3C028,Black Box,Strike It Up,Strike It Up,2007,141.66159,0.611726027445,0.361992288025,electronic,dance; 90s; House; eurodance; Black Box,344,88,49.819675,0,130.4439982918736,104.67779331771816,0.1308472416471477,0.2911785957889344,0.3385578381756162,David Gray,Draw The Line
TRQCXUL128E078A9D6,SOIAMAG12A6701DCFC,ARIHE7O1187FB47DED,The Streets,The Irony Of It All (Album Version),Original Pirate Material,0,208.92689,0.772909488109,0.562158308286,electronic,electronica,640,270,63.142696,0,161.5976513149349,99.19657870275041,0.12399572337843802,0.2140789222097967,0.3019286911961587,David Gray,Draw The Line
TRWJQPJ128F426F26E,SORCQJA12A8C131FB1,AR8W8P31187B9A4063,Lauryn Hill,Adam Lives In Theory,MTV Unplugged No. 2.0,2002,446.14485,0.697206464376,0.580125198887,r&b/soul,soul; rnb; lauryn hill; favorites; hip hop,538,216,58.983048,0,145.4129882315144,95.48053662338185,0.11935067077922731,0.2109632244633123,0.2874770452972278,David Gray,Draw The Line
TRWUSVJ128F92E296F,SOTVKDF12A6D4FADFA,ARDYR3C1187FB461CE,George Thorogood And The Destroyers,Give Me Back My Wig,THE HARD STUFF,0,265.1424,0.626181119413,0.457217169296,blues,blues rock; oreradio,148,51,25.96151,0,92.44305178281985,81.01350965109926,0.10126688706387407,0.3185958725761432,0.34701986458838346,David Gray,Sail Away
TRLKEBM128E0799ACC,SOEKJZN12A67ADA57A,ARR9XGB1187B9912E6,Boyz II Men,Never Go Away,Nathan Michael Shawn Wanya,2000,308.27057,0.790922847956,0.601184941794,r&b/soul,Love; soul; this my song,319,109,54.918121,0,124.37532855519464,96.75141630176559,0.12093927037720699,0.2720614123639025,0.3241112274294674,David Gray,Sail Away
TRPMHHP128F933DB50,SOBAVAD12AF72A5622,ARR9XGB1187B9912E6,Boyz II Men,Shining Star,Love,2009,244.21832,0.790922847956,0.601184941794,r&b/soul,Various bands; soul; 70s; funk,221,66,41.012193,0,113.29643406567307,93.32148748231062,0.11665185935288827,0.2768965031095688,0.31730949483214216,David Gray,Sail Away
TRAIBCE128F428F082,SOKWUAB12A8C1386FE,ARJ6G8F1187B9B724F,Fairground Attraction,Winter Rose,The Collection,1990,211.98322,0.559527172767,0.364942450101,folk,Scottish; folk; acoustic; chill; best,88,26,15.033296,0,50.83124047286508,48.04178081890596,0.06005222602363245,0.370264030028292,0.3813226439364804,David Gray,Stella The Artist
TRSAGIL128F42366CE,SOEVBYG12A8C1340A1,ARJDHQE11F4C83D7DE,Leadbelly,Keep Your Hands Off Her,Folkways: A Vision Revisited - The Original Peformances Of Leadbelly_ Woody Guthrie_ Pete Seeger,0,172.95628,0.728763184773,0.439617333915,blues,blues; Leadbelly; Folk Blues; pre-blues; stepping into muddy water,74,26,17.406895,0,52.664908342983836,48.08344074588997,0.060104300932362464,0.3160247809651968,0.3352663093334754,David Gray,Stella The Artist
TRNXTEY128F428B4D8,SOABAEK12A8C13E728,ARJQ36L1187FB5546F,Noe Venable,Prayer for Beauty,The Summer Storm Journals,2007,276.03546,0.521265234316,0.375456175998,r&b/soul,Favourites; soulmates; anartfuldodger2009; it hurts to touch; anartfuldodger2010,202,77,25.768197,0,69.01306086012687,57.93973964732175,0.07242467455915219,0.2723521936387089,0.3081853878406746,David Gray,Stella The Artist
TRZUMSX128E078F796,SOZIBTT12A58A7CE96,ARHRC7V1187FB4D274,Gary Allan,Bourbon Borderline,Smoke Rings In The Dark,1999,167.54893,0.849006448486,0.598677920185,country,country; linedance,165,68,34.0,0,117.6023533215672,95.95782963395125,0.11994728704243907,0.2935421918417275,0.33691334268878315,Rise Against,Swing Life Away (Acoustic)
TROBGJN128E0782FC9,SOGFBLZ12B0B809013,ARR76SY1187B9AD510,Kings Of Convenience,Summer On The West Hill,Quiet Is The New Loud,2001,273.99791,0.822860513449,0.55453885859,folk,acoustic; Mellow; folk; indie; pop,140,67,18.814888,0,89.22694621632738,73.38875464916084,0.09173594331145106,0.293141642391787,0.3345087140609897,Rise Against,Swing Life Away (Acoustic)
TRNHSZN128F930FF03,SOQOIDA12AF72A1430,ARMV0L61187B9B4964,Clawfinger,Revenge,A Whole Lot Of Nothing,2001,242.75546,0.661176989938,0.46190246429,metal,metal; rap; industrial; crossover; industrial metal,522,171,87.441409,0,161.2517563523649,110.73600625729551,0.1384200078216194,0.2556967666078362,0.3316314430806765,Rise Against,Swing Life Away (Acoustic)
TRMWYIH128E078DCA6,SOMTUPP12A6701FC38,ARCBD0U1187FB466EF,Nelly,St. Louie,Country Grammar,2000,269.16526,0.912368981478,0.787994622198,hip hop,rap; Nelly; hip hop; anthems; great song,644,201,71.505245,0,198.9758492949516,125.8142353288737,0.15726779416109213,0.22029748042856548,0.30874551175074394,Bob Dylan,Billy 4
TRIFVKW128F145C141,SOBCPJM12AF72A4F1D,ARDSWIE1187FB39056,Gang Starr,The Illest Brother,Daily Operation,1992,284.73424,0.705881776978,0.491178953749,hip hop,Hip-Hop; east coast hip-hop; 1992; DJ Premier Productions; rap,819,271,75.894664,0,199.76392556101845,106.32031978783289,0.13290039973479112,0.19084472720334844,0.3048027732187867,Bob Dylan,Billy 4
TRNZFGV128F92FCFEC,SOFEATS12AB01813BA,AR4JPOE1187FB412B3,Etta Jones,Something to remember you by,Don't Go To Strangers,1960,222.85016,0.511457786787,0.414338520755,jazz,vocal jazz; Something to remember you by,81,41,16.613248,0,66.73045295760878,53.77662580226405,0.06722078225283007,0.26130741612513647,0.3015859154017813,Bob Dylan,Billy 4
TRRMFJW128EF34FE5E,SOOKVDG12A6D2281E1,ARJB1XH1187FB3D6E2,Judge Dread,The Winkle Man,Big Six,1976,176.5873,0.586537108632,0.362627181231,reggae,skinhead reggae; ska; reggae; aaa; XAp,289,141,29.223278,0,211.42107005841552,142.330714955989,0.17791339369498627,0.2886813407677194,0.3755229974769261,Bob Dylan,Stuck Inside Of Mobile With The Memphis Blues Again
TRDMPXO128F424D2B9,SOBBCWQ12A8C130F91,ARYYCVC1187B9A8510,Bessie Smith,Beale Street Mama,Queen Of The Blues: Volume 1 A,1991,207.93424,0.637521050415,0.404798068262,blues,Classic Blues; jazz; blues; female vocalists; vocal jazz,176,90,22.956481,0,171.6725216028798,127.1826495480122,0.15897831193501524,0.30902903321048353,0.37337167038923647,Bob Dylan,Stuck Inside Of Mobile With The Memphis Blues Again
TRDPGXU128F9339C2A,SOELYON12AB01876A3,ARLHO5Z1187FB4C861,Beastie Boys,B-Boy Bouillabaisse: A.W.O.L. (2009 Digital Remaster),Paul's Boutique (20th Anniversary Remastered Edition),0,105.56036,0.853124523276,0.591628024008,hip hop,hip hop; leapsandbounds CDCollection,1746,505,153.652205,0,522.9782054898213,221.1368101947249,0.27642101274340614,0.2008086010797568,0.36492698974332194,Bob Dylan,Stuck Inside Of Mobile With The Memphis Blues Again
TRVTTKT128F148C6DA,SORJSSF12A6D4F8A4B,ARPUBU61187B98A4E6,John Mayall,My Pretty Girl,U.S.A. Union,1970,264.72444,0.680263752998,0.397517215821,blues,blues,108,42,21.702534,0,84.10202497267579,75.56231784312429,0.09445289730390537,0.29900585082802317,0.32134866948902635,Bob Dylan,Pretty Peggy-O
TRCLOOS128F4246376,SOMMSUS12A8C131179,AR9EINV1187FB5290C,Capdown,Truly Dead,Wind-Up Toys,2007,159.84281,0.630038644729,0.488854128006,reggae,ska; rock; punk; ska-punk; rockin,138,72,18.894444,0,78.17270331156561,66.07209499536933,0.08259011874421165,0.2824733116571006,0.31770425398265034,Bob Dylan,Pretty Peggy-O
TRQFRHF128C71968AA,SOEXTPL12A6310DF63,ARPKR191187B997EF2,The Charlatans,Dead Love,Up At The Lake,0,141.21751,0.726194154368,0.557194837705,rock,indie; indie pop; notmad; british; 2004,134,51,28.896367,0,56.52065579964338,48.90315517256705,0.06112894396570881,0.26500127350289265,0.2940379043455267,Bob Dylan,Pretty Peggy-O
TRLMDNM128F4292F74,SOVTXKL12A8C13A27E,ARFL93Y1187B98FAC3,Lee Roy Parnell,When A Woman Loves A Man,Hits And Highways Ahead,1995,223.50322,0.54780378668,0.372047444314,country,country; love songs; my favorite; beautiful; great song,200,84,28.160256,0,101.54782877607265,86.36212281520115,0.10795265351900143,0.3332674886073398,0.36999798545563456,Bob Dylan,She Belongs To Me
TRQCJFJ128F92EACF3,SORLZYF12A58A79D0C,ARFNZIJ12086C12473,Freshman 15,She's Everything,Throw Up Your Hands for One Night Stands,2009,199.02649,0.681722499995,0.397941838589,punk,pop punk,323,76,52.725705,0,132.85895973129308,113.5622084065817,0.14195276050822714,0.33082348991344085,0.36635724888955457,Bob Dylan,She Belongs To Me
TRHAKOR128F423772E,SOCGAMH12A81C228DD,AR3KFM11187FB51278,Fear,Beef Bologna,The Record,0,107.04934,0.582482934222,0.460773933465,punk,punk; hardcore; funny; experimental; punk rock,57,15,16.970563,0,36.043072604751075,34.155081197612176,0.04269385149701522,0.3531066923701631,0.3620963612877183,Bob Dylan,She Belongs To Me
TRZNEII128F93319A2,SOVDWUN12AB0188590,ARKLKQS11E2835CE89,Kristine W,Strings,The Power of Music,2009,248.89424,0.656139715602,0.408930434272,r&b/soul,soul; pop; female vocalists; love songs,489,114,67.549981,0,150.66062769838717,103.80321757392004,0.12975402196740005,0.23680904275617468,0.310412868537807,Bob Dylan,When The Deal Goes Down
TRBRSVP128F4216C2A,SOJYFKQ12A6D4FDB28,ARVA3051187FB4C455,Only Crime,Framed Then Failed,Virulence,2007,134.89587,0.724740748978,0.411682875473,punk,punk; hardcore; punk rock; guitar; american,200,122,18.083141,0,92.71177423350984,60.748322131073344,0.07593540266384168,0.20998382576324331,0.28854852779062706,Bob Dylan,When The Deal Goes Down
TRZTHTC128F423D121,SOIMEIT12A8C134F25,ARXIFDX1187B9B9A0E,Sally Shapiro,Hold Me So Tight,Felix Da Housecat: Milan,2006,360.46322,0.66544179309,0.411982738029,electronic,Italo Disco; electropop; swedish; electronic; female vocalists,191,90,27.495454,0,89.93357283201931,62.52994294969383,0.07816242868711729,0.21770267345211758,0.2853853559021894,Bob Dylan,When The Deal Goes Down
TRAIUPS128F92F2825,SOLECZU12AB017DAAC,ARUWB5W1187B98D7A1,Ensiferum,Into Battle,Iron,2004,352.49587,0.710203377403,0.514849879573,metal,folk metal; viking metal; metal; Melodic Death Metal; battle metal,271,110,35.341194,0,189.30284654727689,144.06166872490863,0.18007708590613578,0.30925524868878357,0.36928320413808374,Bob Dylan,With God On Our Side
TRJIBBZ128F425149A,SODNKEP12A8C134E4C,AR050VJ1187B9B13A7,Dead Kennedys,Kinky Sex Makes the World Go 'Round,Give Me Convenience or Give Me Death,1984,256.9922,0.737037558042,0.539245418349,punk,punk; 80s; political; GI joe does not approve; punk rock,491,222,45.299007,0,203.45439008318317,120.32082690576586,0.15040103363220733,0.23108360583435497,0.33594646805948497,Bob Dylan,With God On Our Side
TRLADEI128F932BBBA,SOSAJHT12AB0186AF8,AR183IH1187B9AC2F0,Funker Vogt,Thanks For Nothing,Warzone K17 - Live in Berlin,1996,323.81342,0.626485899941,0.495091227863,electronic,ebm; industrial; electronica; favorites; 90s,139,76,18.193405,0,99.70862014345242,75.72711383886681,0.09465889229858351,0.27472093586897617,0.3309623529481832,Bob Dylan,With God On Our Side
TRIKPWO128F4265FA9,SOIKZCP12A8C130073,AR9I1L41187FB37F0E,Harry Connick_ Jr.,We Are In Love,Harry Connick_ Jr./We Are In Love,1990,160.93995,0.691133728644,0.53105019318,jazz,jazz; swing; Big Band; harry connick jr; Love,253,73,40.0,0,86.70638986150979,76.08726994146704,0.0951090874268338,0.3126804278874649,0.3405502381904979,The Smashing Pumpkins,Terrapin
TRGSPTC128F92DEF01,SOBOKBX12D02191E53,ARJGQDS1187B99DDEA,Billie Holiday,Embraceable you,The Quintessence Vol.2 (New-York-Los Angeles),1988,196.72771,0.795691914662,0.580435109953,jazz,jazz; vocal jazz; blues; my little robin red breast; billie holiday,97,35,19.26136,0,42.025949957555774,38.39943553556497,0.04799929441945621,0.2879861140231171,0.30678418509416083,The Smashing Pumpkins,Terrapin
TRQNGIX12903CF36EB,SODHZEN12AC960DA00,AR60ODO1187FB4D9AB,Joan Baez,Black Is The Color,Rare_ Live And Classic,1959,148.27057,0.732261286176,0.455289243597,folk,folk; female vocalists; best songs ever; flawless; best of joanie baez,123,47,23.430749,0,63.376013017923924,57.326974708649175,0.07165871838581146,0.26373935917629543,0.28364089769936635,The Smashing Pumpkins,Terrapin
TRKTGZZ128F932A9E2,SODECSA12AB0183964,AR4JARH1187FB47284,Cinderella Effect,Standing,Pearls,2006,341.10649,0.525563952122,0.456866168865,electronic,darkwave; ambient; Gothic; electronic; female vocalists,319,111,39.471509,0,135.12545207269653,98.73830207366287,0.12342287759207858,0.23014125396275859,0.2903051082045201,James Taylor,On The 4th of July
TRHUDCG128EF3444D6,SOZXIPX12A67ADAC00,ARE66XI1187B9B8743,Ian McCulloch,Proud To Fall,Candleland & Mysterio [Extended Editions],1989,237.73995,0.552251870824,0.348348788233,punk,post-punk; alternative; 1980s; Good Stuff; indie,254,86,41.80909,0,124.64432412198978,95.70274210595996,0.11962842763244995,0.23498537299948974,0.28559622506650745,James Taylor,On The 4th of July
TROVKZW128F427CA18,SOZWTQN12A8C13EFBE,AR0IHVF1187B9A0E30,The Beautiful Mistake,Stavesail,Light A Match_ For I Deserve To Burn,2002,174.36689,0.610059002252,0.369850612163,punk,emo; screamo; post hardcore,69,30,13.416408,0,57.78797375074563,50.32796434768867,0.06290995543461084,0.25745495201199653,0.2818243511430992,James Taylor,On The 4th of July
TRXVKCF128F4233FDD,SONNBCG12A81C20957,AR0AJG11187FB51EFC,Faith No More,Chinese Arithmetic,Introduce Yourself,1987,277.55057,0.797193533333,0.493623373341,rock,rock; alternative; alternative metal; faith no more; alternative rock,225,130,24.596748,0,108.90662121567117,78.54012230007885,0.09817515287509856,0.27699508630571706,0.3465590161060667,James Taylor,Company Man
TRIOSDC128F931FF62,SOSSWMD12AB0184E2A,ARE7TQ91187FB5B721,Moe Bandy,The Strawberry Roan,Cowboy Songs,1998,207.51628,0.49255858687,0.343961407785,country,country; The strawberry Roan -Moe Bandy; western; purple sage; malesinger,498,199,58.5235,0,152.51730049881982,103.80435008540145,0.12975543760675182,0.2595802261312522,0.33862930449455925,James Taylor,Company Man
TRLXZCU128F4298B33,SOAJCWB12A8C13F7F8,ARU0QV31187FB4C04E,The Enemy,It's Not OK [Live From London],Live From London,0,216.18893,0.716612966945,0.521400961917,rock,indie rock; The Enemy,384,109,46.238512,0,119.13027148082021,88.94227087779782,0.11117783859724728,0.26065573667089637,0.3207353669122362,James Taylor,Company Man
TRTLLMP128F9307700,SOQMCNT12AB01852AE,ARKHPWK11F4C83D55D,Bellamy Brothers,Old Hippie,Best Of The Best ,0,239.98649,0.546474310497,0.467361067461,country,country; Old Hippie; country gold; bellamy bros; oldies,413,138,61.375891,0,232.1779608548861,172.78584417615778,0.21598230522019723,0.31662173364074697,0.38362618686552286,Jimmy Buffett,Ace
TRDUSIG12903CA5FCB,SOIWGDT12AB018A591,ARHDJIG1187B9AF524,Savatage,The Hourglass,Still The Orchestra Plays - Greatest Hits Volume 1 & 2,1997,486.97424,0.639999317102,0.507330127982,metal,Progressive metal; heavy metal; symphonic metal; savatage; metal,889,283,76.138033,0,323.9386871511196,198.4457765148332,0.2480572206435415,0.26402365611668216,0.36385316341363655,Jimmy Buffett,Ace
TRZARJN128F42BC8F8,SOGBCIL12A8C137779,ARJ8GM51187FB5557B,Boney M.,El Lute,Oceans Of Fantasy,1979,355.52608,0.686802810503,0.554093395926,pop,pop; Disco; oldies; Schlager; 70s,310,128,37.416574,0,191.31437649460733,141.38848972134684,0.17673561215168354,0.29355572247091055,0.3599028140978224,Jimmy Buffett,Ace
TRRPZRQ128F425E7C2,SOKQASI12A58A7CD01,ARRTIN91187FB4BC6F,Say Anything,Goodbye Young Tutor_ You've Now Outgrown Me,In Defense Of The Genre,0,260.10077,0.890873630843,0.555630814184,folk,acoustic; indie; my all time favorites; emo; alternative rock,150,69,27.64055,0,68.9869187975532,56.356722334313574,0.07044590291789196,0.26688680284851896,0.3082189258146438,Ryan Adams,How Do You Keep Love Alive
TRBOEMU128F92EAFF9,SOXJTYV12AB018331B,ARYSZMT1187FB46EE8,Disciple,Southern Hospitality,Southern Hospitality,0,209.08363,0.706315749155,0.499427559638,metal,groove metal; christian hard rock; xynod; 3-star,347,86,51.400389,0,146.89321417320215,118.17262864128155,0.14771578580160194,0.2604035376332658,0.3044232382263967,Ryan Adams,How Do You Keep Love Alive
TRJNANQ128F92D08C3,SOFZHCT12A6D4FA4F3,ARS73GR1187FB4AE00,Four Tops,Ain't No Woman (Like The One I've Got),Their Greatest Love Songs,0,188.94322,0.760812122473,0.460264221506,r&b/soul,soul; motown; 70s; oldies; smooth,355,107,47.159304,0,136.57074560555242,104.81173155950248,0.1310146644493781,0.2492333543615089,0.30169361603025696,Ryan Adams,How Do You Keep Love Alive
TRDGAJY128F4282EA6,SONRZHN12A8C13663D,ARMLR5X11C8A415A9F,Billie Holiday,Laughing At Life,Sony Jazz Trios,1991,174.34077,0.594809946544,0.0,jazz,77davez-all-tracks; jazz; billie holiday; vocal jazz; old school,125,47,19.924859,0,98.47703822003778,89.50865708826039,0.11188582136032549,0.3119937636937724,0.33257828305430354,Ryan Adams,When The Stars Go Blue
TRIFNZI128F931CC21,SOBTAZY12A8C13B377,ARTASUV1187B9A2B67,Frank Sinatra,In The Blue Of The Evening,Frank Sinatra,1998,174.70649,0.838940224158,0.56266192634,jazz,romantic; swing; frank sinatra; jazz crooner,90,50,14.422205,0,63.28965180009795,57.14189661244972,0.07142737076556215,0.30107552290689427,0.32264404441003725,Ryan Adams,When The Stars Go Blue
TRFGWTJ128E0783A47,SOJDPYG12A6310E289,ARA1UU51187FB5A70B,The Misfits,Static Age,Legacy Of Brutality,1985,107.36281,0.85372585672,0.550991009241,punk,punk; horror punk; punk rock; Misfits; rock,106,30,17.378147,0,44.84161149114527,41.875876093075355,0.05234484511634419,0.29591039699019306,0.31027805272004855,Ryan Adams,When The Stars Go Blue
TRVSEAY128F428EA5A,SOUMTGW12A8C13AE05,ARGMXQW1187FB54C34,Eliane Elias,Call Me,Dreamer,2004,250.17424,0.669726187566,0.427914246983,jazz,jazz; female vocalists; Bossa Nova; female jazz vocalist; brazil,274,68,54.120237,0,159.80430328362357,136.36919887532974,0.17046149859416218,0.36748838074108015,0.40505588430583983,Ray LaMontagne,Forever My Friend
TRVHPUD128F145FE04,SODPWFR12A6D4F7D1B,ARJ4UX411A348EFE0A,S Club,Straight From The Heart,Seeing Double,2002,223.18975,0.512954790153,0.336590606288,pop,pop; british; soft rock; sweet; 2002,354,96,54.616847,0,151.4770671808211,121.45895373603989,0.15182369217004987,0.301706888634368,0.3499223256279417,Ray LaMontagne,Forever My Friend
TRPSOTP128E0785533,SOOLLHO12A67020EE8,ARVKB9G1187B990C70,Keith Sweat,Make You Sweat (LP Version),I'll Give All My Love To You,1990,320.49587,0.740028701828,0.481818352667,jazz,new jack swing,402,91,70.851958,0,154.72640845767512,125.56247806160526,0.15695309757700657,0.2986080084941023,0.3440430201764325,Ray LaMontagne,Forever My Friend
TRPFCIB128F14B026B,SOYSZFQ12A58A7C2DD,AROWNZP1187FB3C028,Black Box,Everybody Everybody,Dreamland,1990,247.03955,0.611726027445,0.361992288025,electronic,House; everybody everybody; 1990; Black Box; eurodance,293,74,72.580989,0,142.66052327538682,117.81003825375397,0.14726254781719247,0.29616496287537386,0.33662323547432305,Ray LaMontagne,How Come [Acoustic Mix]
TRAYQIX128F92E8558,SOMINND12AAFF439E8,ARCEPUE1187FB52C94,Space,Begin Again,Tin Planet,0,191.18975,0.612623369034,0.376910281977,electronic,90s; 1990s; 1998; electronic; britpop,213,57,45.01111,0,106.78605715692099,89.38917394544539,0.11173646743180674,0.270271638289351,0.3049962657850116,Ray LaMontagne,How Come [Acoustic Mix]
TRGXGLD128F92EC261,SOVDTZJ12AB017F9AC,ARMW3B31187FB52A43,Reverend Bizarre,Demons Annoying Me,Death Is Glory... Now!,2004,1070.10567,0.590645173368,0.433183178421,metal,doom metal; Traditional Doom Metal; finland; traditional doom; Tema Increible,188,101,22.36068,0,88.78758896483569,64.83999410492189,0.08104999263115235,0.23296259094250651,0.2937303031933807,Ray LaMontagne,How Come [Acoustic Mix]
TRHOTSL128F933F864,SODURIG12AB0180D20,ARPT0RR1187FB527E1,Moby,One Time We Lived,One Time We Lived,2009,396.12036,0.788530660522,0.52912497163,electronic,electronic,338,70,67.253253,0,97.8818877659862,75.93495664608251,0.09491869580760313,0.2644055667479614,0.31641057223448305,Leonard Cohen,Chelsea Hotel #2
TRJACZG12903CB0C1D,SOCGJGQ12AB018AA78,ARVNNXD1187B9AE50D,Marvin Gaye,Come Get To This,Let's Get It On,1973,164.20526,0.780520618011,0.54084755902,r&b/soul,soul; marvin gaye; motown; smooth; come get to this,256,97,36.810325,0,102.29740579390452,77.64164239264434,0.09705205299080542,0.25617206348644495,0.3120572998879712,Leonard Cohen,Chelsea Hotel #2
TRTHDVP128F92E6B88,SOFSYNS12AB0181FA1,ARX78QU1187FB5CEF4,Ozark Henry,Weekenders,The Soft Machine,2006,242.70322,0.621426230396,0.443004879553,folk,singer-songwriter; pop; belgian; new wave; alternative,246,82,50.139805,0,90.70519542007857,70.80518322824094,0.08850647903530116,0.2607416555697284,0.31087330472812347,Leonard Cohen,Chelsea Hotel #2
TRQMYAZ128F146672E,SOZNYZV12A6D4F862A,ARRCBW21187B9B6183,Jon Secada,Take Me,Heart_ Soul & A Voice,1994,299.44118,0.656286161258,0.47604395532,pop,Mellow; easy listening; pop; top song radio; music to groove to,446,90,72.30491,0,166.48588382044713,136.81547925179018,0.17101934906473773,0.285905110742788,0.32721101496730176,We Are Scientists,Lethal Enforcer (Live From Union Chapel_ London)
TRAXPGM128F428BBA6,SOKHAHZ12A8C138045,ARBM4TC1187FB5CE98,Natalie Cole,Don't Get Around Much Anymore,Unforgettable: With Love,1991,154.61832,0.690447549773,0.507781667405,jazz,old timey; cover me; My Jazz; jazz tracks; Jazz Blues NPR,130,56,19.104973,0,109.72860819391848,93.76868510268692,0.11721085637835865,0.2697377041087065,0.30173705649693694,We Are Scientists,Lethal Enforcer (Live From Union Chapel_ London)
TRNHSZN128F930FF03,SOQOIDA12AF72A1430,ARMV0L61187B9B4964,Clawfinger,Revenge,A Whole Lot Of Nothing,2001,242.75546,0.661176989938,0.46190246429,metal,metal; rap; industrial; crossover; industrial metal,522,171,87.441409,0,150.1757486912226,108.41980920372566,0.1355247615046571,0.23615187976644267,0.29581358094206495,We Are Scientists,Lethal Enforcer (Live From Union Chapel_ London)
TRWVJVV128F1459AE5,SOZJITS12A6D4F7775,ARSUFX91187FB3B73E,Pillar,Hindsight,Fireproof,2002,183.58812,0.777585948483,0.556830136212,metal,Nu Metal; metal; alternative rock; christian hard rock; rock,372,103,53.833075,0,108.93682891386935,85.02594482456779,0.10628243103070974,0.2591675062999248,0.30944667414651855,KT Tunstall,Change
TRYKNBQ12903CB726F,SORORST12A8C144DFF,AR040JZ1187FB399A9,Sparks,Angst In My Pants,Angst In My Pants,1982,209.18812,0.65051584315,0.454671388657,electronic,80s; new wave; electronic; Gilmore Girls; Soundtrack,263,86,42.023803,0,80.51265046469474,63.8303594858102,0.07978794935726274,0.2615838571009437,0.30883564623422377,KT Tunstall,Change
TROHAHB128F4284DCA,SOFFZDC12A8C136C50,ARO5T1P1187B9AC680,Lou Reed,So Alone,Rock And Roll Diary 1967-1980,1980,251.61098,0.810696983072,0.481975849154,rock,rock; spoken word; lyrical; pronk,453,164,55.461698,0,144.48812724226448,99.79850389170534,0.12474812986463167,0.23707214294152565,0.3076142451483413,KT Tunstall,Change
TRVNXAG128E079098F,SOAMZHU12A670213BE,AR26X1C1187B9B0A1B,Conway Twitty,Where I Stand,The Road That I Walk,2004,131.00363,0.663231984801,0.493711076643,country,country; starter; Never Played,236,89,40.410395,0,92.82670322125877,74.66265823916899,0.09332832279896124,0.28095676535207537,0.3266202434482614,KT Tunstall,Under The Weather
TRHVAVY12903CB4417,SOCEAZO12A58A7CF92,ARO5P0H1187FB5BAD7,Pepper,Love 101,Pink Crustaceans and  Good Vibrations,2008,155.84608,0.765141417908,0.471493226676,reggae,ska; beachin; cool,180,85,23.280893,0,85.28140064952271,68.45425192185488,0.0855678149023186,0.25483491420019017,0.2986809839301343,KT Tunstall,Under The Weather
TRYRXYO128F92D1AC2,SOKJKPG12A8C144326,AR9YQN31187FB45B34,James Darren,I've Got You Under My Skin,This One's From The Heart,1999,193.67138,0.489280178632,0.343605382626,jazz,jazz; lounge; swing; James Darren,231,72,37.709415,0,92.89318785894532,76.36061775266236,0.09545077219082795,0.254442495345623,0.29336333914251805,KT Tunstall,Under The Weather
TRHDMWX128F427F0C7,SOCMDLQ12A8C1376BD,ARAOBIZ1187FB38574,Johnny Winter,Miss Ann,Second Winter,1969,219.16689,0.749711707474,0.452380503907,blues,blues; blues rock; guitar; Johnny Winter- Miss Ann; baby got the blues,241,57,38.923001,0,150.33871525987388,137.48114685029006,0.1718514335628626,0.42210459290201224,0.4439689821043742,The Verve,So Sister
TRIDXRJ128F932DB98,SOAETWT12A8C141E29,ARFLSLE1187B9AC75E,Isaac Hayes,By The Time I Get To Phoenix,Hot Buttered Soul,1969,406.7522,0.697631341423,0.454906291089,r&b/soul,soul; Isaac Hayes; 70s; funk; by the time I get to phoenix,128,69,21.071308,0,76.7155193367546,65.38505542833168,0.0817313192854146,0.30726924862419536,0.34196556281435625,The Verve,So Sister
TRPWHQK128F9326149,SOUOPUN12AB0181895,ARFJFNC1187FB5ABA7,Brett Dennen,When She's Gone,Hope For The Hopeless,2008,216.42404,0.756095620074,0.50883655989,folk,singer-songwriter; Brett Dennen; folk; Artists I like; rock,205,60,49.507575,0,94.09098374992115,82.95212107551794,0.10369015134439742,0.3084081991342537,0.3358923988742745,The Verve,So Sister
TRVWFVQ128F9316F97,SOBANVU12AB01879A7,ARDSMT71187FB52D10,Avant,Out of Character,Avant,2008,222.95465,0.850584461589,0.573337429721,blues,rhythum and blues tag; soul; rnb; avant; James Fauntleroy,387,121,60.712437,0,149.32575779798273,120.57631768283262,0.1507203971035408,0.3224391853096771,0.36952841685816323,Liz Phair,Lost Tonight
TRFQDHT128F4277E01,SOMCQVX12A8C134FCB,ARBVLCJ1187FB50E61,The Gaslight Anthem,Even Cowgirls Get The Blues,The '59 Sound / Even Cowgirls Get The Blues,2008,211.27791,0.727170464869,0.586481503114,rock,rock; indie; alternative rock; sexy; punk rock,226,93,33.719431,0,139.59461856352408,117.79818196269352,0.1472477274533669,0.31839041535362683,0.3562819584392378,Liz Phair,Lost Tonight
TREIBLK128F148642C,SOHGAWO12A6D4F8F9E,ARQ1QGC1187FB4D088,The Adicts,Disco,Sound of Music,1982,134.68689,0.723171832289,0.515688981481,punk,funny; punk; punk rock; Disco; British Punk,115,33,27.838822,0,80.45757527727378,73.09730788666151,0.09137163485832689,0.32123541601397343,0.3409413246821445,Liz Phair,Lost Tonight
TRXDUSE128F42229E3,SOFGYOY12A81C22D0D,ARDKL6M1187B98B444,Benny Goodman,On The Sunny Side Of The Street,The Greatest Jazz Clarinet,0,193.04444,0.662881752135,0.530120639716,jazz,jazz; chill; swing; chilled; pool,144,83,17.262677,0,56.07800459011148,45.17369811359836,0.056467122641997956,0.27309011966610836,0.31799403868380227,The Pogues,Sunnyside Of The Street
TRFZDVP128F149613F,SOSJXTY12A58A7B450,ARQCSP31187B9A17ED,Us3,Dead End Street,An Ordinary Day In An Unusual Place,2001,224.49587,0.686350895519,0.474644868283,jazz,acid jazz; jazz; funk; Hip-Hop; hip hop jazz,459,204,44.158804,0,113.68658894646954,77.00412514762702,0.09625515643453378,0.2427175935944449,0.31764186052616866,The Pogues,Sunnyside Of The Street
TRQTCKX128F422B17E,SOSJLXE12A58A75AD9,AREMGDO1187FB5C4A2,Scarlett Johansson,Fannin Street,Anywhere I Lay My Head,2008,306.12853,0.762050833966,0.501299425695,pop,pop; alternative; cover; american; rock,233,86,36.235342,0,68.74188766827,54.70625097490872,0.0683828137186359,0.2609215443077149,0.30726223554582344,The Pogues,Sunnyside Of The Street
TRHJAUP128F145E735,SOJXPFY12A6D4F80F7,ARYCP7D1187B99516B,Pat Travers,I La La La Love You,The Best Of Pat Travers,2000,214.77832,0.565971267271,0.384018128543,blues,blues rock; guitar; classic rock; Southern Rock; 80s,191,54,38.483763,0,205.9650969608873,172.67622851722913,0.2158452856465364,0.37837552715560224,0.4153785875852433,Kanye West,Can't Tell Me Nothing
TRFUJVJ128F426F2A2,SOONCPO12AF72A1986,AR8W8P31187B9A4063,Lauryn Hill,Interlude 5,MTV Unplugged No. 2.0,2002,734.48444,0.697206464376,0.580125198887,r&b/soul,ms hill; the realness; The Truth; true; rnb,1903,409,215.044182,0,550.3720678195742,282.3900346124449,0.3529875432655561,0.24068635754122286,0.3741944180327695,Kanye West,Can't Tell Me Nothing
TRXRJZZ128F42BC247,SOOMIBO12A8C142F94,ARN7POH1187B9B301E,Jessica Simpson,These Boots Are Made For Walkin',A Public Affair,2005,239.49016,0.772518285041,0.578790799175,pop,pop; Jessica Simpson; dance; sexy; Songs to dance to,381,134,44.31704,0,241.65867702904234,168.4589771386194,0.21057372142327424,0.2646784353908759,0.34007646393261337,Kanye West,Can't Tell Me Nothing
TRIUYFJ128F421FBCA,SOJTWQJ12AF729CEF8,ARHKLFI1187B9ADBC2,Immortal Technique,Crossing the Boundary,Revolutionary Vol. 2,2003,287.13751,0.791229365419,0.475612577311,hip hop,Hip-Hop; underground hip-hop; political; rap; hip hop,664,264,70.221079,0,200.66586973344945,139.95348813289465,0.17494186016611832,0.29001661486966335,0.36521901372601484,Kanye West,Graduation Day
TRKXFLD128F1479BC0,SOIUPEX12A6D4F8E02,ARG77LO1187FB48344,Remy Ma,I'm,There's Something About Remy-Based On A True Story,2006,247.19628,0.733673857877,0.381725111542,hip hop,rap; nice; hip hop; Hip-Hop; good,487,214,61.424751,0,146.2508229427064,105.3646302577248,0.131705787822156,0.2888753654112171,0.358441326470105,Kanye West,Graduation Day
TRJGMSL128F4230A6C,SOWYWPP12A81C20850,ARPBTRI1187FB52457,The Game,Black Opera,Born in the Bay (Clean Version),0,125.04771,0.927985931015,0.599859524967,classical,westcoast; Black Opera; gangstaa rap; hip hop; Hip-Hop,729,234,103.903802,0,221.67076618803418,157.76765333865973,0.19720956667332465,0.2746421624275712,0.345317199422533,Kanye West,Graduation Day
TRGUBSR128E0786082,SOOXHHT12AF72A3EAB,ARTE9CG1187B99B1AF,DMX,Keep Your Shit The Hardest,Flesh Of My Flesh_ Blood Of My Blood,1998,288.57424,0.683293641695,0.50881319501,hip hop,rap; Hip-Hop; dmx; 90s; hip hop,915,237,100.980196,0,212.93690720331963,155.73681814647284,0.19467102268309106,0.2626511236303784,0.32393165124225104,Kanye West,Wake Up Mr. West
TRACGHT128F9336DF8,SOPPTJO12AB017F01F,ARS56M31187B991A14,Billy Ray Cyrus,Like Nothing Else,Back To Tennessee,2009,264.6722,0.775610069859,0.489340019066,country,country; love song; possibles,237,93,35.846897,0,97.31193223827376,77.68807500185694,0.09711009375232119,0.27112787678819594,0.31754134722982386,Kanye West,Wake Up Mr. West
TRQDUMO128F92E3896,SOUZUFC12A8C14222C,ARFNJLY1187FB3E735,Binary Star,Honest Expression,Masters Of The Universe,1999,300.19873,0.633365676221,0.427067011815,hip hop,Hip-Hop; underground hip hop; hip hop; rap; Binary Star,933,334,87.749644,0,187.09766406023644,120.06661238270065,0.1500832654783758,0.22444659980520446,0.30134211639866,Kanye West,Wake Up Mr. West
TRQAWKR128F425EEC3,SOFHEBR12CF5F892C7,ARXPPEY1187FB51DF4,Michael Jackson,Man In The Mirror,HIStory - PAST_ PRESENT AND FUTURE - Book I,1987,319.29424,0.855245195586,0.899991594263,pop,pop; michael jackson; 80s; soul; king of pop,1543,135,200.024998,0,522.7680003150881,360.17517602651856,0.4502189700331482,0.3090608838777834,0.3911129450535213,Black Eyed Peas,A8
TRJRCCY128F930C12F,SOFHGOE12A8C139836,AR7GOC31187B9B2989,Kayah,Dla Niego,Yakayakayah,0,165.74649,0.587859353656,0.464698531888,pop,Love; pop; electronic; polish; 00s,36,15,3.162278,0,35.398441417081,33.36322434470357,0.04170403043087946,0.399997218562466,0.3872651133964597,Black Eyed Peas,A8
TROQUJK128F4254F90,SOIFRQN12A81C220D7,ARCLFWR1187B9AE7B2,Fun Lovin' Criminals,Blues For Suckers,Scooby Snacks - The Collection,1995,228.72771,0.683206040048,0.484876718954,blues,blues; alternative rock; finger-snappin; fun lovin; tracks i know,502,147,81.547532,0,343.3957048041879,248.98099464742347,0.31122624330927934,0.3169152115214731,0.3855891100447396,Black Eyed Peas,A8
TRYCZIW128F4299C5D,SOFEZKG12A8C13A62E,ARTV14V1187FB3A61D,Chris Murray,Steady Beat Convention,4-Trackaganza!,2001,143.93424,0.596123507012,0.396376637689,reggae,ska; 90s; traditional ska; music to start the day to,91,40,21.447611,0,111.91779899931511,103.22179308930956,0.12902724136163696,0.35794419863779664,0.3753633625505297,Black Eyed Peas,Boom Boom Guetta
TRGVOYR128F9336E5A,SOPWGZI12AB018332B,ARLHO5Z1187FB4C861,Beastie Boys,Pass The Mic (Pt. 2_ Skills To Pay The Bills) (2009 Digital Remaster),Check Your Head (Remastered Edition),0,263.02649,0.853124523276,0.603296081446,hip hop,hip hop,560,181,68.847658,0,233.68133198307217,184.66234770050409,0.23082793462563012,0.31690593910619086,0.36626254794469953,Black Eyed Peas,Boom Boom Guetta
TRFSCLD12903CD213F,SOENGNL12AB018E1BD,AR4L4WQ1187FB51996,The Prodigy,We Gonna Rock,What Evil Lurks,1991,282.30485,0.638614022451,0.601436482837,electronic,Rave; big beat; jungle; electronic; techno,312,10,141.703917,0,155.9959290535129,148.18055018298668,0.18522568772873335,0.3522051842223325,0.36062285156576557,Black Eyed Peas,Boom Boom Guetta
TRVUUKM128F425FB16,SOSSWOB12A8C1384FA,ARRQWQW1187FB49844,King Tee,Guitar Playin',Act A Fool,1988,322.19383,0.495738582877,0.372391990635,hip hop,DA REAL UNDERGROUND OLD SKOOL HIP HOP; da real old skool Hip Hop,605,223,59.439044,0,276.2686122018567,180.16556802141395,0.22520696002676743,0.28273611679629845,0.37522745041420497,Black Eyed Peas,Communication
TRBIFOK128EF362D20,SOIVWOX12CF5827585,AR82DJK1187B991107,The Pharcyde,I'm That Type Of Ni**a,Bizarre Ride II,0,315.97669,0.752853246449,0.511130465201,hip hop,Hip-Hop; hip hop; rap; underground hip-hop; The Pharcyde,907,284,97.816154,0,329.3148852511241,211.50693180212573,0.2643836647526572,0.27946053457534736,0.3745809447090176,Black Eyed Peas,Communication
TROOJPJ128F14A2A86,SOMPSML12A6D4FADB0,ARPR9W71187FB3723A,Brand Nubian,All For One (Explicit) (2006 Remastered LP Version),The Very Best Of Brand Nubian  [Explicit] [Digital Version],0,295.75791,0.625067374561,0.426656264996,hip hop,Hip-Hop; relax-hop mixtape,931,317,105.707143,0,305.59939594668015,181.1348553265858,0.22641856915823225,0.2639518803256546,0.3720189124198382,Black Eyed Peas,Communication
TRIFVKW128F145C141,SOBCPJM12AF72A4F1D,ARDSWIE1187FB39056,Gang Starr,The Illest Brother,Daily Operation,1992,284.73424,0.705881776978,0.491178953749,hip hop,Hip-Hop; east coast hip-hop; 1992; DJ Premier Productions; rap,819,271,75.894664,0,334.6807289712296,205.59794236708373,0.25699742795885466,0.26742980394943083,0.3700090890984881,Black Eyed Peas,One Tribe
TRRGWST128F930E4AE,SOSUUFB12AB017F629,AR3XOZN1187FB483F9,Sara Gazarek,Yours (Live),Live At The Jazz Bakery,2006,243.53914,0.605533447271,0.398221704019,jazz,jazz vocal,187,73,30.545049,0,150.42193810876807,116.77856220573078,0.14597320275716347,0.31104330413885145,0.3665958321901955,Black Eyed Peas,One Tribe
TRWMHCZ128F42AE295,SOPJZCC12A8C13FF7B,AR6J3X81187FB59A7B,Matisyahu,Jerusalem,Youth,2006,240.24771,0.83059250647,0.639798164281,reggae,reggae; jewish; Hip-Hop; Matisyahu; hasidic reggae,480,143,63.741666,0,233.16501136430196,171.03257307326217,0.2137907163415777,0.28891593213632044,0.356223689690997,Black Eyed Peas,One Tribe
TRJLMAI128F92EBB04,SOLMEOG12A8C142046,ARJT1PO1187FB52E7D,Marques Houston,Naked,Wendy Williams Brings The Heat Vol. 1,0,264.98567,0.740455341569,0.492729093193,r&b/soul,naked; rnb; sexy; Marques Houston - Naked; soul,516,145,64.621978,0,270.69900305778765,194.87642872275836,0.24359553590344796,0.32448925767758735,0.4001337402696864,Black Eyed Peas,Sexy
TRXTJGV12903CAC0F8,SOJYYAN12A58A790B1,ARLMXEA1187B9A7D04,R. Kelly,In The Kitchen,TP.3 Reloaded,2005,217.49506,0.811092052861,0.783843023046,r&b/soul,wjlb-FM; r kelly; urban; oo; King of RnB n Soul,398,101,48.579831,0,192.6895436157731,147.6246385572615,0.1845307981965769,0.3065441757656863,0.36508414239265813,Black Eyed Peas,Sexy
TRJPLTC128F1488490,SOMYTNE12A6D4F9199,ARH6Y6L1187B9B3D05,Unbelievable Truth,Let It Flow,Sorrythankyou,2000,215.40526,0.536145884805,0.35459396112,rock,indie; alternative,347,96,54.064776,0,205.06233852781446,156.68290060616582,0.19585362575770726,0.30182156890711936,0.3605266812966604,Black Eyed Peas,Sexy
TRGVOYR128F9336E5A,SOPWGZI12AB018332B,ARLHO5Z1187FB4C861,Beastie Boys,Pass The Mic (Pt. 2_ Skills To Pay The Bills) (2009 Digital Remaster),Check Your Head (Remastered Edition),0,263.02649,0.853124523276,0.603296081446,hip hop,hip hop,560,181,68.847658,0,283.04653162441576,200.60237795767472,0.2507529724470934,0.31321294830386437,0.39134923361739987,Black Eyed Peas,Tell Your Momma Come
TRKHTHW128E0784E05,SOQZJYN12A67020315,ARXFB7K1187B9B1E54,Missy Elliott,Back In The Day (Explicit LP Version),Under Construction,2002,296.07138,0.838519340174,0.580756044133,hip hop,hip hop,549,210,54.295488,0,296.57191741679776,201.15549427585003,0.25144436784481256,0.26536184799051876,0.34739681108190457,Black Eyed Peas,Tell Your Momma Come
TRJEAVP128F42B83F0,SOYBJUW12A8C142108,ARXRSO01187B98911C,Petey Pablo,Show Me The Money,Step Up Soundtrack,2006,224.67873,0.734533787005,0.445949816185,hip hop,Hip-Hop; Step Up; rap; dance; Soundtrack,469,160,70.256672,0,234.7022440875918,161.2067735774806,0.20150846697185074,0.26455379577883875,0.34369298154924893,Black Eyed Peas,Tell Your Momma Come
TRXWSOU128F42662B0,SOHYFRP12AF72A5859,ARS6YPA1187FB4D0DB,Above The Law,Flow On (Move Me No Mountain),Livin' Like Hustlers,1990,240.56118,0.60066026208,0.410275303548,hip hop,Mega booty bass; hip hop; West Coast Rap; 90s rap; kick ass hip2 the hop,646,247,58.463664,0,205.01821401120696,120.64989468605894,0.15081236835757367,0.21974127873007204,0.3199911118073196,Black Eyed Peas,The Apl Song
TRQWDRK128F4241A32,SOLEAYZ12A8AE4793E,ARSE5NP1187B9B98AB,Twista,Overdose (Album Version),Adrenaline Rush,1997,255.63383,0.889613554744,0.593808365175,hip hop,west coast; Hip-Hop; West Coast Rap; SLAPPERZ; north cal,1206,357,109.695032,0,291.47544514647984,166.5219648649986,0.20815245608124827,0.2125977854171643,0.316526151811777,Black Eyed Peas,The Apl Song
TRSZTKU128F148C558,SONJIBN12A6D4F9720,ARPANXO1187B9B468A,Public Enemy,Party For Your Right To Fight,Greatest Misses,1988,352.70485,0.73502984911,0.473501291523,hip hop,Hip-Hop; rap; political; 80s; hip hop,306,97,54.79051,0,164.5510239948844,131.1961720579002,0.16399521507237527,0.26962578203819443,0.31521886713615377,Black Eyed Peas,The Apl Song
TRXWSOU128F42662B0,SOHYFRP12AF72A5859,ARS6YPA1187FB4D0DB,Above The Law,Flow On (Move Me No Mountain),Livin' Like Hustlers,1990,240.56118,0.60066026208,0.410275303548,hip hop,Mega booty bass; hip hop; West Coast Rap; 90s rap; kick ass hip2 the hop,646,247,58.463664,0,398.32376272415013,217.11703636474903,0.2713962954559363,0.2702080088719458,0.40439292302874297,Kanye West,Diamonds From Sierra Leone
TRQDUMO128F92E3896,SOUZUFC12A8C14222C,ARFNJLY1187FB3E735,Binary Star,Honest Expression,Masters Of The Universe,1999,300.19873,0.633365676221,0.427067011815,hip hop,Hip-Hop; underground hip hop; hip hop; rap; Binary Star,933,334,87.749644,0,506.9659462958401,262.6987120339662,0.32837339004245775,0.25947694050688075,0.40290152786907835,Kanye West,Diamonds From Sierra Leone
TRFPLQD128F92FFB52,SOIRTUC12AB0182042,ARH0Z131187B9B69E9,Kool Moe Dee,Bad Mutha,Kool Moe Dee,1987,335.49016,0.545866608602,0.375362434357,hip hop,hiphop; hip hop; Hip-Hop; party; oldschool,768,283,85.252566,0,390.0167776346678,203.03505022971032,0.2537938127871379,0.24505144713914237,0.38394874279679825,Kanye West,Diamonds From Sierra Leone
TRPNIKB12903CE690B,SOFEZEP12AC468D10E,ARL99WU1187B98FB1F,Skip James,I'm So Glad,Roots Of Rock,1931,170.65751,0.623698243161,0.421795209615,blues,blues; Classic Blues; skip james; delta blues; guitar,247,15,73.525506,0,166.61618099513086,153.88877976942263,0.1923609747117783,0.4137507390428923,0.4133255028329054,Eminem,If I Had
TRQDUMO128F92E3896,SOUZUFC12A8C14222C,ARFNJLY1187FB3E735,Binary Star,Honest Expression,Masters Of The Universe,1999,300.19873,0.633365676221,0.427067011815,hip hop,Hip-Hop; underground hip hop; hip hop; rap; Binary Star,933,334,87.749644,0,453.69663628590706,233.78748354387568,0.2922343544298446,0.22708964872695372,0.3614953064923397,Eminem,If I Had
TRJVBYA128F93434FD,SOZACUR12AB017FEAF,ARHKLFI1187B9ADBC2,Immortal Technique,That's What It Is,The 3rd World,2008,240.50893,0.791229365419,0.475612577311,hip hop,Hip-Hop; hip hop; Immortal Technique,623,242,56.87706,0,312.9151656492715,187.44339117894808,0.2343042389736851,0.24797272398826137,0.3550304923918473,Eminem,If I Had
TRSLSWO128E0786285,SOQGHJU12A670203E4,ARXWAQQ1187B9AE954,Redman,Soopaman Luva 3,Muddy Waters,1996,251.68934,0.743129776148,0.493566842697,hip hop,Hip-Hop; Def Squad; east coast rap; Real hip-hop; one luv,756,287,79.259069,0,441.9765775781352,266.52209494191646,0.3331526186773956,0.3029909198779029,0.41833516763958356,Eminem,Ken Kaniff
TRQNKAB128F4278C15,SOVQDCR12A8C13BB65,ARV4KO21187FB38008,Del The Funky Homosapien,Faulty,Future Development,1998,187.27138,0.732661131912,0.458439468239,hip hop,is it bigger than a breadbox; BULBOUS ALSO TAPERED; awesome bass jam; has anyone seen my underwear; is it much to much to ask to hide behind the mask,360,171,40.099875,0,285.2531732609659,184.9198898856837,0.2311498623571046,0.2894186490026862,0.385632908775589,Eminem,Ken Kaniff
TRLVRJP128F93519FB,SOOENST12AC9E1344B,ARZYMH91187B99CEFC,Atmosphere,Hair,God Loves Ugly,0,1.82812,0.879475075015,0.607960565364,hip hop,Hip-Hop; rap; hip hop; underground hip-hop; leapsandleeloo,718,280,73.42343,0,379.23646084068025,197.6466330658792,0.247058291332349,0.24423836839703034,0.3808573634059858,Eminem,Ken Kaniff
TRIFVKW128F145C141,SOBCPJM12AF72A4F1D,ARDSWIE1187FB39056,Gang Starr,The Illest Brother,Daily Operation,1992,284.73424,0.705881776978,0.491178953749,hip hop,Hip-Hop; east coast hip-hop; 1992; DJ Premier Productions; rap,819,271,75.894664,0,494.4814266184969,244.91873417356564,0.30614841771695706,0.23651026924382196,0.3847686203755038,Eminem,My Darling
TRFUJVJ128F426F2A2,SOONCPO12AF72A1986,AR8W8P31187B9A4063,Lauryn Hill,Interlude 5,MTV Unplugged No. 2.0,2002,734.48444,0.697206464376,0.580125198887,r&b/soul,ms hill; the realness; The Truth; true; rnb,1903,409,215.044182,0,723.1319973716296,271.3432865886269,0.3391791082357836,0.1839607821118257,0.3736161495112069,Eminem,My Darling
TRQUYEY128F93148DF,SOGNGEM12AB017D94D,ARWHM281187FB3D381,Souls Of Mischief,Rock It Like That,No Man's Land,1993,250.90567,0.649157388233,0.469177429437,hip hop,underground hip hop; hip hop; accapella; souls; boooom,518,240,47.434165,0,403.5727639515522,206.15229111804226,0.25769036389755284,0.22883251596809343,0.36711741317097185,Eminem,My Darling
TREBQOW128F92C4549,SOLIKYJ12A8C13F7DA,AR54RGR1187FB51D10,Common,Book Of Life,thisisme then: the best of common,1994,306.85995,0.865128983978,0.53481975015,hip hop,Hip-Hop; hip hop; hiphop; rap; Jazz Hop,569,226,78.663842,0,474.01437730257885,241.35567441105022,0.3016945930138128,0.26356663871712194,0.41148368126406537,Eminem,8 Mile
TRXWSOU128F42662B0,SOHYFRP12AF72A5859,ARS6YPA1187FB4D0DB,Above The Law,Flow On (Move Me No Mountain),Livin' Like Hustlers,1990,240.56118,0.60066026208,0.410275303548,hip hop,Mega booty bass; hip hop; West Coast Rap; 90s rap; kick ass hip2 the hop,646,247,58.463664,0,517.6712811731073,244.67740556323955,0.30584675695404945,0.2438690621704771,0.40504518408583523,Eminem,8 Mile
TROYKQM128F428CCED,SOTGYAV12A8C139BF5,AR3MSAN1187B98F06B,OutKast,Mainstream,ATLiens,1996,320.23465,0.796420043773,0.574497025958,hip hop,outkast; hip hop; rap; southern hip-hop; 90s,863,310,83.114379,0,573.828714370295,257.30766295995636,0.32163457869994544,0.23354133923235348,0.40440463465023574,Eminem,8 Mile
TRDIYGM128F425B1F1,SOLLPDP12CF5F87EC1,ARMM6WZ1187FB4958D,Willie Nelson,All Of Me,16 Biggest Hits_ Volume 2,1978,235.67628,0.773806910964,0.629128001261,country,country; classic country; Willie Nelson; jazz standard; Outlaws and Gypsys,181,49,34.641016,0,123.55807696512056,106.50206863261775,0.1331275857907722,0.4000362648317432,0.43435644012143243,Usher,Love Was Here
TRYOUMI128E078F4DE,SOUCZAI12A6701DF5D,AR0MC4G1187B9AE836,K-Ci & JoJo,Baby Come Back,Love Always,1997,256.05179,0.645988951263,0.544614576924,blues,rhythm and blues,538,99,111.171039,0,214.0286699872103,171.56618243915113,0.21445772804893892,0.3485113833011931,0.4001418036204124,Usher,Love Was Here
TROTTNB128F4264052,SOLATUE12A58A78846,ARUTEVA1187B9AE391,Blackstreet,Billie Jean,No Diggity: The Very Best Of Blackstreet,2003,340.29669,0.6448673694,0.45609459619,r&b/soul,rnb; clean; blackstreet; billie jean; alicedday,370,108,63.945289,0,203.95986065314185,161.655459549893,0.20206932443736625,0.3456108664242984,0.3998678402798021,Usher,Love Was Here
TRDQNSS128F4240C31,SOOBIDA12A8AE474EA,ARWXRV91187B9AF9B9,Millencolin,Random I Am (Album Version),For Monkeys,1997,160.1824,0.7597877909,0.509833208839,punk,punk; emo; political; katie loves this,343,106,66.302338,0,158.17683992636884,124.38648861352812,0.15548311076691015,0.338357606069005,0.3939021939329245,Akon,Be With You
TRNHSZN128F930FF03,SOQOIDA12AF72A1430,ARMV0L61187B9B4964,Clawfinger,Revenge,A Whole Lot Of Nothing,2001,242.75546,0.661176989938,0.46190246429,metal,metal; rap; industrial; crossover; industrial metal,522,171,87.441409,0,196.44983167202398,138.20737269997727,0.1727592158749716,0.3063131486877203,0.3844994283652463,Akon,Be With You
TREIEOO128F42B0099,SOJPTRM12A8C14003B,ARXOTQH1187FB57084,Chris Brown,Ain't No Way (You Won't Love Me),Chris Brown,0,203.80689,0.892688611404,0.852186238402,r&b/soul,rnb; Chris Brown; Hip-Hop; young rnb; soul,514,127,84.581322,0,180.64120617043022,130.15214550418406,0.16269018188023007,0.29477585376520765,0.36690653277838253,Akon,Be With You
TRVVWII128F423EC88,SOZGJBC12AF72A3C56,ARCB10N1187B9AEB2F,KathrynWilliams,Room In My Head,Leave To Remain,2006,279.09179,0.620240461106,0.362242327516,folk,folk; hea; gently moving,134,42,27.055499,0,130.35754596687224,118.33046885213282,0.14791308606516604,0.3847069420807691,0.4059631184100473,Akon,Locked Up
TRIIVHH128F429133E,SOEDRKT12A6D4F7FD5,AR93D4D1187FB3ACAD,J.J. Cale,Shanghaid,Travel-Log,1989,155.19302,0.675771369617,0.435468898816,blues,blues; rock; 90s; blues-rock; rock 60s,198,98,31.559468,0,171.8091125662232,143.4388346441606,0.17929854330520076,0.3442588605352666,0.3860314013119454,Akon,Locked Up
TROQUJK128F4254F90,SOIFRQN12A81C220D7,ARCLFWR1187B9AE7B2,Fun Lovin' Criminals,Blues For Suckers,Scooby Snacks - The Collection,1995,228.72771,0.683206040048,0.484876718954,blues,blues; alternative rock; finger-snappin; fun lovin; tracks i know,502,147,81.547532,0,240.7525051510346,194.86908886900554,0.24358636108625692,0.2921969347249673,0.3377203504736942,Akon,Locked Up
TRISBQQ128F93217A2,SOSKAYL12AB01884DE,ARPXABO1187FB4D15F,2Pac,Strictly 4 My N.I.G.G.A.Z.,Strictly 4 My N.I.G.G.A.Z.,0,355.47383,0.873186809178,0.517255770086,hip hop,Hip-Hop; hardcore rap; west coast hip-hop; leapsandbounds tapecollection; kaudogg,921,288,104.316825,0,542.0826104732531,345.68487186231437,0.43210608982789295,0.34313769285090584,0.4498255833024883,Jay-Z,So Ghetto
TRSQUMU128F148CBBA,SOSVLMC12A58A7E294,ARSQDUN1187B98D7D7,EPMD,Right Now,Out Of Business,1999,231.44444,0.698291623658,0.453850265331,hip hop,underground hip-hop; rap; cool; Hip-Hop; 2000,529,200,49.819675,0,421.39071202267655,297.2238919406526,0.37152986492581574,0.3641965046853333,0.4477653630069481,Jay-Z,So Ghetto
TRJUUKB128F428E973,SOJKIAH12A8C138EC3,AR7C4PB1187B99315C,Soulja Slim,From What I Was Told,Give It 2 'Em Raw,1998,207.5424,0.676775293141,0.352774193912,hip hop,hotness; Da shit; rap; slim thug; webbie,717,283,65.779936,0,470.8642464992966,294.56260804113714,0.3682032600514214,0.32279282031371126,0.43205265625935885,Jay-Z,So Ghetto
TRISBQQ128F93217A2,SOSKAYL12AB01884DE,ARPXABO1187FB4D15F,2Pac,Strictly 4 My N.I.G.G.A.Z.,Strictly 4 My N.I.G.G.A.Z.,0,355.47383,0.873186809178,0.517255770086,hip hop,Hip-Hop; hardcore rap; west coast hip-hop; leapsandbounds tapecollection; kaudogg,921,288,104.316825,0,508.2067946789556,325.0968359011734,0.40637104487646675,0.3330407773873092,0.4376158769718299,Jay-Z,Heart Of The City (Ain't No Love)
TREWWOJ128F42742B2,SOAYKMF12A8C13A58A,AR1PL481187B9B3786,Westside Connection,Superstar (Double Murder = Double Platinum),Terrorist Threats,2003,254.45832,0.644207130208,0.457352422756,r&b/soul,G-funk; rnb; Gangsta Rap; westcoast; Ice Cube,599,222,58.146367,0,410.16998151121794,287.22145772798865,0.3590268221599858,0.34678162414826585,0.4310919691865736,Jay-Z,Heart Of The City (Ain't No Love)
TRHKGFY128F42ACC54,SODDVWG12A8C13F35B,ARY55LO1187B9A3F17,Three 6 Mafia,Who Run It,Most Known Hits,2000,249.23383,0.833590335097,0.556477414707,hip hop,rap; Dirty South; Hip-Hop; 3 6 Mafia; hip hop,855,239,81.455509,0,520.3858633632483,360.87747147374307,0.4510968393421788,0.3409511853551683,0.42718707527753125,Jay-Z,Heart Of The City (Ain't No Love)
TRYCBLK12903CE6A0E,SOWQRYJ12AB0189461,ARJ5LS21187B991003,Twiztid,She Ain't Afraid,Psychopathics From Outer Space,1998,361.50812,0.738651094386,0.490733207715,hip hop,psychopathic; Horrorcore; cocaine; Porno; porn,1102,277,117.826143,0,553.6878584430433,342.0892696728432,0.427611587091054,0.32747003470828073,0.44071994312826446,Eminem,Rabbit Run
TRQWDRK128F4241A32,SOLEAYZ12A8AE4793E,ARSE5NP1187B9B98AB,Twista,Overdose (Album Version),Adrenaline Rush,1997,255.63383,0.889613554744,0.593808365175,hip hop,west coast; Hip-Hop; West Coast Rap; SLAPPERZ; north cal,1206,357,109.695032,0,569.3920002358544,311.09004814883843,0.38886256018604803,0.27968095549182065,0.4150760737399663,Eminem,Rabbit Run
TROYKQM128F428CCED,SOTGYAV12A8C139BF5,AR3MSAN1187B98F06B,OutKast,Mainstream,ATLiens,1996,320.23465,0.796420043773,0.574497025958,hip hop,outkast; hip hop; rap; southern hip-hop; 90s,863,310,83.114379,0,431.17640083879917,228.96370236535176,0.2862046279566897,0.26741706073100047,0.4069055512699496,Eminem,Rabbit Run
TRLRCZU128F1475FBA,SOMPBDC12A6D4F9687,ARTVUER1187FB3905B,Juvenile,Around The Way [Explicit Album Version],Reality Check [Explicit Content],0,235.20608,0.822444116462,0.475828778217,hip hop,rap; music; RIP; The Art of Rap; Juvenile-AroundtheWay,736,235,74.659226,0,482.61553194323756,331.85095929717613,0.41481369912147015,0.35020189891468884,0.4393887957220053,Nelly,Splurge
TRGUBSR128E0786082,SOOXHHT12AF72A3EAB,ARTE9CG1187B99B1AF,DMX,Keep Your Shit The Hardest,Flesh Of My Flesh_ Blood Of My Blood,1998,288.57424,0.683293641695,0.50881319501,hip hop,rap; Hip-Hop; dmx; 90s; hip hop,915,237,100.980196,0,547.3862716930713,359.2102466144126,0.44901280826801576,0.30929992091007097,0.40560889434023917,Nelly,Splurge
TRFOGZN128F42882B5,SOGZIZN12A8C13836F,AR3MSAN1187B98F06B,OutKast,Claimin' True,Southernplayalisticadillacmuzik,1994,283.76771,0.796420043773,0.574497025958,hip hop,Hip-Hop; G-funk; hip hop; outkast; kaudogg,471,215,52.820451,0,364.0530297607436,233.61646357839376,0.2920205794729922,0.30234563294830497,0.40305984849637805,Nelly,Splurge
TRHXTHR128F145E864,SOTUHWK12A6310D7E5,ARCBD0U1187FB466EF,Nelly,Wrap Sumden,Country Grammar,2000,255.7122,0.912368981478,0.787994622198,hip hop,rap; Nelly; Hip-Hop; rnb; Walkin with a limp,468,208,51.652686,0,323.4344020713132,203.92842802537143,0.2549105350317143,0.26894679546508654,0.3681128943298217,Nelly,St. Louie
TRJUUKB128F428E973,SOJKIAH12A8C138EC3,AR7C4PB1187B99315C,Soulja Slim,From What I Was Told,Give It 2 'Em Raw,1998,207.5424,0.676775293141,0.352774193912,hip hop,hotness; Da shit; rap; slim thug; webbie,717,283,65.779936,0,386.3503474089209,231.51016264735514,0.28938770330919394,0.2590000129720826,0.3672398899284653,Nelly,St. Louie
TRQUACS128E0780F89,SORVRGP12A6310FF58,ARD39VZ1187B9B9A57,Lloyd Banks,Just Another Day,The Hunger For More,2004,209.18812,0.725843499395,0.601187377852,hip hop,rap,596,215,57.636794,0,334.17478130353174,214.20812668332522,0.2677601583541565,0.2683622659255869,0.36381581993370116,Nelly,St. Louie
TRRODLK128F934814F,SODERKP12A8C1360EC,AR6G29T1187B9A99F9,KMD,Contact Blitt,Bl_ck B_st_rds,2001,162.84689,0.587827035652,0.379980017386,hip hop,hip hop; Hip-Hop; underground hip-hop; mf doom; 2001,380,187,31.288976,0,270.4655357034629,179.5367335468526,0.22442091693356572,0.31964827866365275,0.4141790718805986,Nelly,Wrap Sumden
TRKGULH128F428C170,SOBNZZI12A8C139954,AREV2491187B9B017E,Mobb Deep,Trife Life,The Infamous,1995,320.15628,0.772272160928,0.500119335075,hip hop,rap; hip hop; East Coast; classic; gritty,877,310,74.993333,0,418.2965562588697,237.15552061252856,0.2964444007656607,0.28058653601411593,0.4066257782318279,Nelly,Wrap Sumden
TRQSIZR128EF362D3A,SOIIBZR12A6D4F67DC,AR82DJK1187B991107,The Pharcyde,Pack The Pipe,Bizarre Ride II,1992,303.96036,0.756063870843,0.491468881637,hip hop,Hip-Hop; hip hop; underground hip-hop; weed; The Pharcyde,694,261,58.514955,0,347.3805335622305,198.48129456080503,0.2481016182010063,0.280492828602946,0.4048388274591669,Nelly,Wrap Sumden
TRQSIZR128EF362D3A,SOIIBZR12A6D4F67DC,AR82DJK1187B991107,The Pharcyde,Pack The Pipe,Bizarre Ride II,1992,303.96036,0.756063870843,0.491468881637,hip hop,Hip-Hop; hip hop; underground hip-hop; weed; The Pharcyde,694,261,58.514955,0,416.58774237912945,219.17970528962763,0.27397463161203456,0.24807127261258669,0.38511114373547095,Jay-Z,Soon You'll Understand
TRFUJVJ128F426F2A2,SOONCPO12AF72A1986,AR8W8P31187B9A4063,Lauryn Hill,Interlude 5,MTV Unplugged No. 2.0,2002,734.48444,0.697206464376,0.580125198887,r&b/soul,ms hill; the realness; The Truth; true; rnb,1903,409,215.044182,0,646.2360206841573,279.8963158523884,0.3498703948154855,0.21277571368920914,0.38093323217520064,Jay-Z,Soon You'll Understand
TRIFVKW128F145C141,SOBCPJM12AF72A4F1D,ARDSWIE1187FB39056,Gang Starr,The Illest Brother,Daily Operation,1992,284.73424,0.705881776978,0.491178953749,hip hop,Hip-Hop; east coast hip-hop; 1992; DJ Premier Productions; rap,819,271,75.894664,0,417.44983025335046,215.08814899565525,0.26886018624456903,0.23289662011589327,0.37059844259562064,Jay-Z,Soon You'll Understand
TRQWDRK128F4241A32,SOLEAYZ12A8AE4793E,ARSE5NP1187B9B98AB,Twista,Overdose (Album Version),Adrenaline Rush,1997,255.63383,0.889613554744,0.593808365175,hip hop,west coast; Hip-Hop; West Coast Rap; SLAPPERZ; north cal,1206,357,109.695032,0,513.4109557142903,293.527713454281,0.36690964181785124,0.2857823422281862,0.4106762747919478,Jay-Z,Encore
TRLSQAR128F4263CBC,SOZOGEB12A8C13123A,AR4WHYC1187B9896E7,A Tribe Called Quest,Peace_ Prosperity & Paper,Hits_ Rarities & Remixes,0,239.882,0.770040694516,0.543681106661,hip hop,rap; Hip-Hop; test; poetry; underground hip hop,517,229,47.833043,0,306.57599825701874,188.03685586074556,0.23504606982593196,0.2968244464380927,0.40758776342548,Jay-Z,Encore
TRGVOYR128F9336E5A,SOPWGZI12AB018332B,ARLHO5Z1187FB4C861,Beastie Boys,Pass The Mic (Pt. 2_ Skills To Pay The Bills) (2009 Digital Remaster),Check Your Head (Remastered Edition),0,263.02649,0.853124523276,0.603296081446,hip hop,hip hop,560,181,68.847658,0,309.69133920506204,203.64985823341985,0.2545623227917748,0.30485016113240304,0.3997828554654359,Jay-Z,Encore
TRJJNLV128F92DF509,SOIEOOR12A8C144460,ARXF40D1187B9A3FB3,Tiziano Ferro,Universal Prayer,Unity - The Official ATHENS 2004 Olympic Games Album,0,244.27057,0.689757988323,0.548375918525,pop,pop; rnb; english; World Music; duet,446,128,55.136195,0,391.1522715408161,295.8245757050675,0.36978071963133435,0.3520153900850108,0.4171141906529641,Nelly,Say Now
TRGANKE128F4275BFF,SOZYNTT12A8C138164,ARCGQQ11187B994F5D,Sentidos Opuestos,Oh Na Na Na,Viento A Favor,1998,237.71383,0.574875061287,0.348204738246,latin,latin; pop; latin pop; mexico; group,56,8,38.026307,0,213.01929869807583,202.7002759150031,0.25337534489375385,0.4214321955222575,0.4139108990687238,Nelly,Say Now
TRPHTZZ128F429349E,SOFUKYO12A8C13C61D,ARUQSQI1187B9AEF6E,Tim Armstrong,Take This City,A Poets Life,2007,194.32444,0.583318690104,0.42274195089,reggae,ska; reggae; Rockin Summer; punk; Rancidy,287,120,44.553339,0,346.949226337758,265.2696482160856,0.33158706027010704,0.3499552715660019,0.4118609570578756,Nelly,Say Now
TRIFVKW128F145C141,SOBCPJM12AF72A4F1D,ARDSWIE1187FB39056,Gang Starr,The Illest Brother,Daily Operation,1992,284.73424,0.705881776978,0.491178953749,hip hop,Hip-Hop; east coast hip-hop; 1992; DJ Premier Productions; rap,819,271,75.894664,0,343.421882367471,186.95871068868544,0.2336983883608568,0.22753254109740617,0.3499569032375067,Dr. Dre,Been There Done That
TRSHSSK128F42829E0,SOCOTIV12A8C139CB2,ARBMJVY12454A52B84,WWE John Cena and Tha Trademarc,Just Another Day,You Can't See Me,0,238.00118,0.424167267901,0.369227880626,hip hop,white boy rap; great song; absolute garbage; this song sucks,719,232,87.738247,0,326.42366342049286,192.09541821385417,0.2401192727673177,0.23268249545991704,0.33998092912735045,Dr. Dre,Been There Done That
TRJSVVI12903CA8185,SOSHDIY12AB0188522,ARYWN7S1187FB43A41,Bobby Bare,Marie Laveau,American Idols - Bobby Bare,1981,183.30077,0.56374425735,0.387270400888,country,country; classic country; MARIE LAVEAU; jo; bobby bare,303,137,31.432467,0,233.48919715887223,155.76132571405506,0.19470165714256882,0.25585072018085936,0.3395500477647968,Dr. Dre,Been There Done That
TRWHWLL128F4264927,SOWJYSB12A8C131F92,ARWXN7M1187B98C47D,Babyface,I Love You Babe,A Collection Of His Greatest Hits,1989,249.49506,0.668786232311,0.553991396655,r&b/soul,soul; rnb; babyface productions; modern rnb; love songs,340,68,62.361847,0,183.53342882531783,156.40391408101675,0.19550489260127094,0.3653291821798357,0.4020713423377803,Sean Kingston,Magical
TRWXSWA128F1456793,SOCREJX12A6D4F7A4B,ARP4J5Q1187B99171D,Shai,Waiting For The Day,If I Ever Fall In Love,1992,285.12608,0.657823757354,0.420958744705,r&b/soul,r&b; new jack swing; rnb; 1993; 1990s,569,137,92.471617,0,176.4763134816158,133.4803727225707,0.1668504659032134,0.3163220156266807,0.3791005863240237,Sean Kingston,Magical
TRCTLQY128F92F1539,SOTGISK12D02193153,ARVK1GC1187FB58452,Next,I Still Love You,Platinum & Gold Collection,0,254.77179,0.692429970086,0.543021553721,r&b/soul,rnb; next; soul; pop; r&b,501,102,102.878569,0,178.31393431079442,139.31101771842427,0.17413877214803034,0.32139245884735124,0.3773877279247986,Sean Kingston,Magical
TREAGMV128F933A01E,SOASOKL12AB0185D12,ARHQ5R41187B98BE5E,Wall Of Voodoo,Do It Again,Happy Planet,1987,199.96689,0.596901241313,0.398453186576,pop,cover; 80s; covers; pop; new wave,296,82,50.249378,0,162.44830835783316,124.33621997455369,0.1554202749681921,0.276839361615239,0.3328399713462856,Sean Kingston,Over
TRUPCGD128F4282340,SOQWCBD12A8C137B09,AR7GVU91187B99F7E2,Omarion,I'm Gon' Change,O,2005,258.66404,0.82502799479,0.600131865098,r&b/soul,Love; rnb; Omarion; soul; hiphop,596,116,113.789279,0,245.2523556784121,179.77017114165045,0.22471271392706307,0.2630990481624743,0.32742581375005714,Sean Kingston,Over
TRJASND128F92E6260,SOZWLHR12A8C13F211,ARTOG9T1187B99074E,Will Smith,Switch,Ultimate R&B,2005,196.57098,0.775946377619,0.596233636089,hip hop,Hip-Hop; rap; dance; hip hop; pop,538,160,75.835348,0,243.06208644192054,167.2535356629977,0.20906691957874712,0.24458611221533005,0.3199370303302673,Sean Kingston,Over
TRLNRDG128F429C5E9,SOENAXE12A8C13C13A,ARZQ7QA1187B9AD08B,Prince,Jack U Off (LP Version),Controversy,1981,189.43955,0.831928948528,0.594627866944,r&b/soul,funk,272,93,49.040799,0,186.68481913138444,160.76086821175514,0.20095108526469393,0.32664084740057053,0.36007441766758524,Sean Kingston,Wrap U Around Me
TRJAQUQ128F426757B,SOMQTBN12A8C13A622,ART4QZC1187FB51612,Janet Jackson,Never Letchu Go,Discipline,2008,247.35302,0.681633362922,0.568201421807,r&b/soul,soul; rnb; sleek; RB; janet jackson,379,93,59.177699,0,188.24713618599625,156.0631374247736,0.195078921780967,0.3178811964109856,0.35982555765335034,Sean Kingston,Wrap U Around Me
TRBRNTL128F9328C50,SOJRESH12A8C138246,ARAYCK21187B98EBFD,John Lee Hooker,House Rent Boogie,Blues Brother,1950,180.6624,0.777911299757,0.471373274121,blues,blues; Classic Blues; americana; blues guitar; john lee hooker,126,67,19.104973,0,117.81433227614205,101.40777531380564,0.12675971914225706,0.325160511961229,0.35862532354552923,Sean Kingston,Wrap U Around Me
TRZARUP128F9348146,SOIUWJT12AB0184B9F,AR6G29T1187B9A99F9,KMD,Plumskinzz (Loose Hoe_ God & Cupid),Bl_ck B_st_rds,0,103.57506,0.587827035652,0.379980017386,hip hop,ripp-off; hip hop; Hip-Hop; new york; 90s,833,274,87.275426,0,248.24231857414597,165.27566452877377,0.20659458066096723,0.22700728383598293,0.30281707157227594,M.I.A.,Paper Planes
TRGBUXG128F428E684,SOHINVD12A8C13B74B,AREENKN1187B98F35D,Plasmatics,Monkey Suit,New Hope For The Wretched,1980,207.80363,0.557875168422,0.359324726504,punk,punk; 80s; 1980; female vocalists; gw punk rock,57,21,13.228757,0,53.35852262985975,47.588339512805575,0.05948542439100697,0.2798878473739053,0.30087560324504936,M.I.A.,Paper Planes
TRTQOTU128E0789689,SOPHTMG12A6701E609,ARNAQSX1187B9ADBE4,Van Morrison,Just Like Greta,Magic Time,2005,387.94404,0.838109230023,0.521188105725,folk,singer-songwriter; rock; van morrison; RockSoulRB; classic rock-baladas,230,100,35.594943,0,120.96886144433098,91.34440662398983,0.11418050827998728,0.2409074525254783,0.2958102184045927,M.I.A.,Paper Planes
TRXTAPD128F145A606,SOFJSZH12A6D4F5ED3,ARNH6Q11187FB40FDD,Jeru The Damaja,Physical Stamina,Wrath Of The Math,1996,185.10322,0.664574886059,0.429944149975,hip hop,Hip-Hop; hip hop; rap; da real old skool Hip Hop; STRICTLY FOR THE UNDERGOUND,417,199,40.533936,0,242.6989837633855,169.31237026873845,0.21164046283592305,0.2968060208998189,0.3766092669640641,Thousand Foot Krutch,Set It Off
TRDPGXU128F9339C2A,SOELYON12AB01876A3,ARLHO5Z1187FB4C861,Beastie Boys,B-Boy Bouillabaisse: A.W.O.L. (2009 Digital Remaster),Paul's Boutique (20th Anniversary Remastered Edition),0,105.56036,0.853124523276,0.591628024008,hip hop,hip hop; leapsandbounds CDCollection,1746,505,153.652205,0,467.24977970494945,237.00369276946324,0.29625461596182906,0.23204628322570373,0.3599277696502224,Thousand Foot Krutch,Set It Off
TRSQUMU128F148CBBA,SOSVLMC12A58A7E294,ARSQDUN1187B98D7D7,EPMD,Right Now,Out Of Business,1999,231.44444,0.698291623658,0.453850265331,hip hop,underground hip-hop; rap; cool; Hip-Hop; 2000,529,200,49.819675,0,266.6425692445928,180.83689530083706,0.22604611912604633,0.25904699308305745,0.340018640374285,Thousand Foot Krutch,Set It Off
TRQLSLN12903CA37C3,SOOTUPB12AB0187321,ARROWYU1187B9AB4BB,Big Bad Voodoo Daddy,Mambo Swing,Big Bad Voodoo Daddy,1998,307.46077,0.620995693213,0.521712405225,jazz,swing; mambo; jazz; Big Band; Neo-swing,267,58,74.726167,0,345.9327586687606,321.8354838837004,0.4022943548546255,0.49202348883306457,0.5067183426592576,Ludacris,Ho
TRTUWLC12903C94E7A,SOESZKG12AB0186E28,ARZ1PTN1187B9967D9,Gene Autry,Up On The House Top,Gene Autry's Christmas Cracker,1992,157.90975,0.583646434655,0.414589569693,country,christmas; country christmas; Gene Aurty Christmas,204,64,33.867388,0,264.19502140406803,239.6501902229495,0.29956273777868686,0.44283824697312135,0.4654088964974745,Ludacris,Ho
TRFWLYB128F4291502,SOVXVKS12A8C13AB8B,ARLB1N91187B99D823,Nina Hagen,Live On Mars,Nina Hagen,1989,299.49342,0.687294791628,0.44779064093,punk,Berlin; punk; dance; new wave; Indian,32,12,2.236068,0,53.041525999947424,50.583684228218026,0.06322960528527254,0.38161124812605457,0.38622985084522315,Ludacris,Ho
TRYHHXT128F4276F89,SOKMCHV12D02194FF6,AR23C041187FB4D534,50 Cent,Rowdy Rowdy,In Too Deep - Music From The Dimension Motion Picture Soundtrack,1999,221.12608,0.866535761941,0.61307200448,hip hop,rap; 50 Cent; G-Unit; Gangsta Rap; underground rap,500,222,48.228622,0,401.976809756234,278.57885378221624,0.3482235672277703,0.3782886616892728,0.46742216470323783,Wu-Tang Clan,The What
TRTNPZQ128F148C125,SOLMMHP12A6D4F814C,ARZH3SW1187B98C96E,Onyx,The Worst,Shut 'Em Down,1998,641.04444,0.636582379001,0.421287262511,hip hop,Hip-Hop; New York Rap; wu-tang; underground hip-hop; rap,769,356,60.423505,0,438.24396428147577,272.9831626136226,0.34122895326702823,0.33987123134123726,0.45181110393000284,Wu-Tang Clan,The What
TRISBQQ128F93217A2,SOSKAYL12AB01884DE,ARPXABO1187FB4D15F,2Pac,Strictly 4 My N.I.G.G.A.Z.,Strictly 4 My N.I.G.G.A.Z.,0,355.47383,0.873186809178,0.517255770086,hip hop,Hip-Hop; hardcore rap; west coast hip-hop; leapsandbounds tapecollection; kaudogg,921,288,104.316825,0,437.6361644197309,274.93825788021684,0.343672822350271,0.3343866756610015,0.4439715230399118,Wu-Tang Clan,The What
TRJUUKB128F428E973,SOJKIAH12A8C138EC3,AR7C4PB1187B99315C,Soulja Slim,From What I Was Told,Give It 2 'Em Raw,1998,207.5424,0.676775293141,0.352774193912,hip hop,hotness; Da shit; rap; slim thug; webbie,717,283,65.779936,0,538.250671784786,375.1061823492747,0.4688827279365934,0.4260191818170885,0.5149050984487226,50 Cent,Rowdy Rowdy
TRPWYWW128F422E08E,SOKUPXC12A81C232A6,AR0D6EL1187B9AF46B,Eazy-E,Real Muthaphuckkin' G's,Gangsta Memorial (Explicit),2002,332.5122,0.696030300715,0.529453452514,hip hop,wjlb-FM; Gangsta Rap,765,252,71.084457,0,591.5682891219,424.158040130255,0.5301975501628188,0.43038663957766865,0.5129386683653439,50 Cent,Rowdy Rowdy
TRAFLMU128F4274A4D,SOLYAYO12A8C13C04D,ARRXG5Y1187B9AA016,G-Unit,I Don't Want To Talk About It,T.O.S. (Terminate On Sight),0,274.78159,0.845373303812,0.534429713657,hip hop,rap; Hip-Hop; G-Unit; Gangsta Rap; 50 Cent,549,210,70.859015,0,488.69754152395785,361.98938125534335,0.4524867265691792,0.43531992236237976,0.5099434154693455,50 Cent,Rowdy Rowdy
TRBKQJB128F934EEF7,SOJZEVI12A58A7648A,AR5UHAH1187B9A0B92,Ying Yang Twins,1st Booty On Duty,Legendary Status: Ying Yang Twins Greatest Hits,2006,199.83628,0.851064726506,0.538187420144,hip hop,Hip-Hop; Dirty South; 1st Booty On Duty - Ying Yang Twinz; ying yang; yingyangtwins,1052,189,123.672956,0,579.7554700807657,447.57936890398094,0.5594742111299762,0.38466950808478934,0.44702145978825764,Snoop Dogg,Bang Out
TRMVPVK128F93462DE,SOREKHT12AB0186F11,ARS8KBY1187FB4BC7E,Kurupt,Ho's A Housewife,Tha Streetz Iz A Mutha,1998,284.05506,0.632852016575,0.411797826815,hip hop,rap; West Coast Rap; rock top; soul; funk,799,213,86.162637,0,439.3848207728599,318.96772031602035,0.39870965039502543,0.34830776440735944,0.4222220645091673,Snoop Dogg,Bang Out
TRCQOTP128F146300B,SOFLOGQ12A6D4F653E,ARSL5SP1187B9A7AE0,N.W.A.,Arrested (Insert) (Explicit),N.W.A. Greatest Hits (World),0,57.0771,0.74770866932,0.520407859726,hip hop,rap; old school,225,98,30.805844,0,248.32215560719578,203.07315397886995,0.2538414424735874,0.36548104046574725,0.412742697423962,Snoop Dogg,Bang Out
TRDPGXU128F9339C2A,SOELYON12AB01876A3,ARLHO5Z1187FB4C861,Beastie Boys,B-Boy Bouillabaisse: A.W.O.L. (2009 Digital Remaster),Paul's Boutique (20th Anniversary Remastered Edition),0,105.56036,0.853124523276,0.591628024008,hip hop,hip hop; leapsandbounds CDCollection,1746,505,153.652205,0,732.9143327058462,298.3676923595688,0.37295961544946105,0.244901634357325,0.44100442499833103,Snoop Dogg,Snoopafella (Edited)
TRSLSWO128E0786285,SOQGHJU12A670203E4,ARXWAQQ1187B9AE954,Redman,Soopaman Luva 3,Muddy Waters,1996,251.68934,0.743129776148,0.493566842697,hip hop,Hip-Hop; Def Squad; east coast rap; Real hip-hop; one luv,756,287,79.259069,0,538.9156106434829,289.69708252517364,0.36212135315646704,0.2951884812333105,0.43755482411448143,Snoop Dogg,Snoopafella (Edited)
TRBERRB128F932D534,SOIFEFO12AB017D3C3,ART0ATJ1187FB531D2,Dar Williams,Mortal City,Mortal City,1996,436.34893,0.760580860769,0.462231864926,folk,folk; female vocalists; Words escape me; singer-songwriter; narrative,667,240,59.974995,0,523.9113485511936,286.7990495594866,0.35849881194935823,0.2980303572762897,0.4361953181647443,Snoop Dogg,Snoopafella (Edited)
TRTDVZO128F146EB73,SOBKJLC12A6D4F83C4,AR4EUFM1187B99592B,Chicago,Caroline (Album Version),Chicago XXX,2006,218.5922,0.772094679029,0.568863547436,pop,pop,251,149,26.038433,0,237.37814775546448,141.11432948569046,0.1763929118571131,0.27569185676332264,0.3854716359191622,Atmosphere,Hair
TRSAGOE128F4260C77,SOZAXBV12A8AE48BEF,ARHDI7O1187B9B6850,John Legend,I Can Change,Live From Philadelphia,2005,193.35791,0.811698706458,0.570355261605,r&b/soul,soul; rnb; John Legend; r and b; male vocalists,570,157,92.449986,0,316.4875983749218,186.13300227511044,0.23266625284388806,0.2720298268672999,0.3839130484619704,Atmosphere,Hair
TRFUJVJ128F426F2A2,SOONCPO12AF72A1986,AR8W8P31187B9A4063,Lauryn Hill,Interlude 5,MTV Unplugged No. 2.0,2002,734.48444,0.697206464376,0.580125198887,r&b/soul,ms hill; the realness; The Truth; true; rnb,1903,409,215.044182,0,616.1442595917337,214.53645464708794,0.26817056830885994,0.1781436748875173,0.3829813479899179,Atmosphere,Hair
TRFUJVJ128F426F2A2,SOONCPO12AF72A1986,AR8W8P31187B9A4063,Lauryn Hill,Interlude 5,MTV Unplugged No. 2.0,2002,734.48444,0.697206464376,0.580125198887,r&b/soul,ms hill; the realness; The Truth; true; rnb,1903,409,215.044182,0,458.497633039977,192.3995075630719,0.24049938445383987,0.185539153899839,0.34728833197466,Atmosphere,Happymess
TRPIELK128F931F06C,SOMKNSW12A58A7750C,ARY9KT31187FB4C2FA,Amber Pacific,The Right to Write Me Off,The Possibility and the Promise (Deluxe Edition),2005,198.19057,0.73344359072,0.565508780783,punk,pop punk; rock; punk; amazing live; emo,409,108,53.674948,0,222.94374342336977,149.1637746806171,0.18645471835077138,0.25590066810672,0.3379200227400892,Atmosphere,Happymess
TRAQDFB128F4234E3B,SONBUCS12A81C20848,ARUCT3K1187FB4DED6,Example,Birthday Card,What We Made,2007,282.01751,0.723802272506,0.471996520259,hip hop,Hip-Hop; Lieblings-HipHop-Dingas,722,269,67.889616,0,247.42489220153587,126.90779162789256,0.1586347395348657,0.19490900283678939,0.32053530329972957,Atmosphere,Happymess
TRNZPAS128F148D3EB,SODLMGE12A6D4F8B22,ARK9IDJ1187FB4365F,Jesse Johnson,Love Struck,Ultimate Collection: Jesse Johnson,1988,321.2273,0.531554135646,0.352168588026,r&b/soul,soul; funk; pop; rock; Jesse Johnson  Love Struck,321,108,55.865911,0,94.80518369376477,75.27935685076467,0.09409919606345583,0.2591826205941863,0.30542687421315967,Michael Bublé,Put Your Head On My Shoulder (Album Version)
TRQZPJS12903CD6FFB,SOLGENH12A8C13E6D6,ARJGFOE1187FB490A7,Eddy Grant,Can't Get Enough Of You,Can't Get Enough,0,260.70159,0.527566792191,0.368342742663,reggae,reggae; 80s; pop; dance; RIO,223,102,29.597297,0,92.51207977790314,72.58430294954742,0.09073037868693427,0.2506943831933602,0.29842913286444517,Michael Bublé,Put Your Head On My Shoulder (Album Version)
TRFXTXA128F148206F,SOYTUDS12A6D4F7804,ARG0TXR1187FB4E708,The Spencer Davis Group,I Can't Stand It,Out Of Sight: More Sounds From The In Crowd,1965,128.522,0.649439361407,0.421518567267,blues,60s; mod; UK; rhythm and blues; classic rock,187,43,42.638011,0,71.2323358181977,62.30033295261665,0.07787541619077082,0.270731480888674,0.29738054296489475,Michael Bublé,Put Your Head On My Shoulder (Album Version)
TRPUCBD128F428BB20,SODRCYU12A8C13A553,ARCKUWP1187B9A2415,Westbound Train,When I Die,Transitions,2006,252.05506,0.645156618335,0.397183465315,reggae,ska; acusticoolz; Mellow; acoustic; reggae,356,146,46.184413,0,169.70587132456103,131.74130952100438,0.16467663690125547,0.3301207615411576,0.3875461070522859,Michael Bublé,Stuck In The Middle With You (Non-Album Track)
TRWTRMR128F1499D24,SOSNACR12A6D4FADE1,ARZJ49W1187B9A4A9B,Marvin Sease,Stuck In The Middle,20th Century Masters: The Millennium Collection: The Best Of Marvin Sease,2003,363.2322,0.522479408426,0.386440010644,blues,old skool; marvin sease; blues; soul; chitlin circuit,381,115,55.344376,0,175.2058850770245,140.10853139464888,0.1751356642433111,0.3010584128370501,0.350071978304412,Michael Bublé,Stuck In The Middle With You (Non-Album Track)
TRKEINR128F4258B98,SOMYBOF12A8C139A8D,ARPYJHS1187FB5BC03,Albert Hammond Jr,G Up,¿Como Te Llama?,2008,160.36526,0.573550714279,0.505604785489,rock,indie rock; rock; indie; alternative; helplessness,161,65,29.206164,0,101.13451314078377,83.20966520035432,0.1040120815004429,0.30537559397742714,0.3480347550559233,Michael Bublé,Stuck In The Middle With You (Non-Album Track)
TRFEEWH128F145174E,SOOTSBE12A6D4F737E,ARTMP681187B9B77CD,Everything But The Girl,Love Is Strange,Best Of Everything But The Girl,1992,202.9971,0.780526524811,0.476441299197,folk,acoustic; 77davez-all-tracks; Mellow; covers; AOR,174,50,28.354894,0,247.75106596047058,221.94448052333283,0.277430600654166,0.4200676021044329,0.44628072936220536,Michael Bublé,You'll Never Find Another Love Like Mine (Album Version)
TRGBRBV128F148194F,SOHBAJS12A6D4F7FE4,AREQIT21187B9AEB7F,Dusty Springfield,Some Of Your Lovin',Complete A's And B's,1965,191.16363,0.670854098371,0.50042382202,pop,pop; performed on top of the pops; 60s; soul; beautiful,273,70,53.740115,0,201.5363695630248,176.1709686518286,0.22021371081478575,0.36599796788556244,0.3973323321335875,Michael Bublé,You'll Never Find Another Love Like Mine (Album Version)
TRUICTA128F92F0AFB,SODRNQZ12A8C140D9C,AR25G5E1187B9911A8,Gene Vincent,Lotta Lovin',Be Bop A Lula,1982,131.86567,0.721727353795,0.452328206954,rock,rockabilly; 50s; Rock and Roll; oldies; rock n roll,227,47,52.440442,0,184.94775718173614,164.50198527167296,0.2056274815895912,0.35319720922305076,0.37922845577009395,Michael Bublé,You'll Never Find Another Love Like Mine (Album Version)
TRNZNSR128F429F04B,SOIFMOR12A8C13C0CD,AR20CFC1187B98A25D,Ray Charles,Don't You Know,The Best Of The Early Years,0,176.06485,0.759911216828,0.673207274956,r&b/soul,soul; blues; rnb; RCharles; classic RB,214,76,36.11094,0,103.06964675581963,89.33954323500454,0.11167442904375567,0.33780220262876154,0.3704057058398399,Ray Charles,Kiss me baby
TRJKRIH128F426697D,SOWAVSL12A8C136C8C,ARSEC9Q1187B98912D,Colin James,Sit Right Here,Colin James And The Little Big Band,1993,165.48526,0.523962423072,0.44086755723,blues,Canadian; BluesRockclub Radiostation; BRC Blues Band Karlsruhe; BRC Blues Band; Blues und Rockclub Karlsruhe,207,74,32.969683,0,110.68389845552373,93.75087545402926,0.11718859431753657,0.31816738236347536,0.3548686350946076,Ray Charles,Kiss me baby
TRYIILA128F4281F96,SOVDTXK12A8C137135,AR27AEB1187B98D39D,Bo Diddley,I'm Looking For A Woman,His Best,1962,151.84934,0.666186772457,0.461696963365,blues,Bo Diddley; rhythm and blues; rock'n'roll; rock; blues,134,61,21.400935,0,80.68212009235133,69.48145867498975,0.08685182334373719,0.30955539026736956,0.3423484893996136,Ray Charles,Kiss me baby
TREGVOT128F92F15C8,SOOKQDK12AF729E6F9,ARQT9SA1187B9AD3C7,Steely Dan,Don't Let Me In,Stone Piano,1987,250.122,0.659552079428,0.49426926379,jazz,jazz; soul; female vocalist; urban; Jazz-Pop,254,68,65.291653,0,54.86942825695818,47.66915664902233,0.05958644581127791,0.35279253745001754,0.38553598459381144,Ray Charles,Let's Go
TRLGCXQ128F1496464,SOOKKON12A6D4FA2D3,ARUM60L1187B9A7E1F,Stevie Wonder,If You Really Love Me,The Complete Stevie Wonder,1971,180.06159,0.757921011206,0.600265107973,r&b/soul,soul; motown; 70s; funk; Stevie Wonder,233,74,44.237993,0,68.60714618654002,58.88857233306646,0.07361071541633307,0.3375321963621297,0.3724648100934476,Ray Charles,Let's Go
TRRZMLV128F9314D5E,SOJGMRG12AB017F65F,ARBUBTM122E6447DC4,JLS,Beat Again,Here Comes The Weekend,2009,213.7073,0.725398020585,0.528106358938,pop,JLS; UK top 40; pop; 2009; favorite songs,401,102,59.941638,0,96.09232848450768,78.97410000274768,0.09871762500343459,0.30575055142300994,0.3483956121309203,Ray Charles,Let's Go
TROPMTP128F931C9D8,SOCHOVE12AB018024D,ARIJE1A1187B9A458D,Ella Fitzgerald,How High The Moon,Twelve Nights In Hollywood,1955,380.31628,0.805366988749,0.549956102927,jazz,jazz; ella fitzgerald; female vocalists; vocal jazz; the old kitchen radio on Avenue B,174,66,28.071338,0,84.62905631850757,75.28488345618521,0.09410610432023152,0.3336513628960418,0.36000752574789635,Ray Charles,Moon Over Miami
TREMWFU12903CEB28F,SOCJWJP12D021989D1,ARIJE1A1187B9A458D,Ella Fitzgerald,Russian Lullaby,The Complete Irving Berlin Songbook (Amazon Edition),1986,115.1473,0.799504075438,0.541654000136,jazz,jazz; female vocal; american; lullaby; music to soothe an aching head,188,48,36.551334,0,62.59380084289967,56.248713344226935,0.07031089168028366,0.3070768687671652,0.3302691545800409,Ray Charles,Moon Over Miami
TROLLRQ12903CF7205,SOFNZFQ12A8C13E749,ARSS4I01187FB400D9,Erin McKeown,Paper Moon,Sing You Sinners,2007,124.65587,0.644241924129,0.455378786837,jazz,fun; jazz day; what to do with this; mond; Whos Got The Clap,134,34,26.851443,0,41.12282070568875,36.980098134409324,0.04622512266801165,0.2781413566926949,0.2998663782212259,Ray Charles,Moon Over Miami
TRWLYED128E078A45F,SOLLIJW12A58A7C677,AR4K2P91187B9B2B35,Sam Cooke,Shake,Portrait Of A Legend,1965,170.60526,0.731466297206,0.568430226383,r&b/soul,soul; 60s; oldies; pop; RB,267,85,45.94562,0,129.95688072472586,113.4489164627029,0.14181114557837862,0.2870950873851761,0.31519848869596817,Nat King Cole,Hit That Jive Jack
TREAUPB128F4266117,SOUFKJQ12A58A77756,ARIBGNM1187B99A598,Nivea,Indian Dance,Complicated,2005,230.32118,0.792599115977,0.452532435995,r&b/soul,nivea; sexy; female vocalists; rnb; The-Dream,420,113,57.939624,0,167.829319199431,142.62642984310003,0.17828303730387504,0.27366083046950357,0.3059154032334079,Nat King Cole,Hit That Jive Jack
TRRHMRE12903CE73EE,SOQYSLB12AC4688A9E,ARPTWKQ1187B9B5634,Tommy Johnson,Big Fat Mama Blues,Masters Of The Delta Blues: The Friends Of Charlie,1929,192.46975,0.559257220147,0.344685562191,blues,blues; delta blues; Classic Blues,162,59,19.54482,0,115.56202650207366,102.54698005116036,0.12818372506395045,0.2785439229520721,0.30311225771656614,Nat King Cole,Hit That Jive Jack
TRCDUCG128F4262F0C,SOBTVBX12A8C131C20,ARS1PIB1187FB58AA6,Billy Gilman,The Christmas Song,Classic Christmas,0,238.41914,0.680665276616,0.382998716753,country,christmas; country christmas,101,80,10.723805,0,119.47036806497667,113.06551006182329,0.1413318875772791,0.952446184957978,0.9548660651850562,Nat King Cole,The Christmas Song
TRUNNVP128F147F8A9,SOEEVZS12A58A7CDE8,AR58PJ31187B9B2E0A,Seth Lakeman,The Colliers,Freedom Fields,2006,196.49261,0.621898377948,0.45726991697,folk,folk; rustycanuckforspp; political; guitar; party,202,100,21.424285,0,60.195908602917676,48.486114287994866,0.06060764285999358,0.2505799852691407,0.2931903874368352,Nat King Cole,The Christmas Song
TRPEWXU12903CE6EA2,SONLEKN12AC9618818,ARVOZXD12454A4CC66,Selena Gomez & The Scene,Tell Me Something I Don't Know,Kiss & Tell,2009,175.3073,0.635421665064,0.722649753313,pop,pop; Selena Gomez; giovanaog; fun; female vocalists,505,84,115.641688,0,76.4963664881589,61.615264589766205,0.07701908073720776,0.24309504073504898,0.28498008750579495,Nat King Cole,The Christmas Song
TRIQUNM128F4285A01,SOLWRIV12A8C137BF0,ARMBD941187FB532C0,The Partridge Family,It's You,Crossword Puzzle,1973,124.23791,0.568507555315,0.42624548675,pop,70s; pop; oldies; catchy; 1970s,242,78,46.540305,0,100.61600460753193,88.23203405705509,0.11029004257131886,0.3406095821699899,0.3703477402599053,Nat King Cole,Too Young
TRUFUBA128F14B0FA9,SOTSVOO12A58A77626,ARTB5PP1187FB523B7,Donny Hathaway,To Be Young_ Gifted And Black (LP Version),A Donny Hathaway Collection,1990,401.21424,0.657406765298,0.422472423243,r&b/soul,soul; funk; peteca blues; wedding blue song; smoth soul,144,73,20.371549,0,76.06484013905853,67.12782109642966,0.08390977637053706,0.32689527110034,0.3548767697506141,Nat King Cole,Too Young
TRSTSNL128E0781C06,SOPHCZO12A58A7A8A1,AR5BV3Y1187B9B4786,The Sundays,My Finest Hour,Reading Writing And Arithmetic,1990,238.23628,0.690206900181,0.425723667483,pop,dream pop; female vocalists; indie pop; alternative; indie,297,92,43.52011,0,87.58395593759101,72.8571575210126,0.09107144690126574,0.26870717858722826,0.30553763815636464,Nat King Cole,Too Young
TRARSWT12903CB735E,SOHBRIE12AB018A782,AROHF331187FB52FD9,Lloyd Price,Just Because,Lawdy,1988,164.04853,0.579393612652,0.419108149906,blues,oldies; blues; 50s; pop; catchy,160,67,24.310492,0,74.64090324494757,63.76536454530456,0.0797067056816307,0.2859773923756964,0.3191161754863027,Nat King Cole,Unforgettable
TRHOXSK128F145C9F9,SOLCRAY12A6D4F6095,AREIN101187FB5A5FA,Nat King Cole,The Very Thought Of You,Let's Fall In Love,1958,228.38812,0.764096099196,0.658441303099,jazz,nat king cole; romantic; jazz; 50s; Love,179,73,25.039968,0,63.439395873420274,54.16013771271883,0.06770017214089853,0.2796748748558143,0.3125682714754412,Nat King Cole,Unforgettable
TRBCZNE12903D09503,SOLKWCR12D021B4177,AR30R5E1187B9AD78A,Whitney Houston,You Give Good Love,Whitney Houston (The Deluxe Anniversary Edition),1985,275.3824,0.806577359886,0.612407694955,r&b/soul,soul; 80s; whitney houston; rnb; female vocalists,390,74,88.538127,0,85.10477034356892,71.72432827197689,0.08965541033997111,0.27207641767523355,0.3071044801976042,Nat King Cole,Unforgettable
TRBCVSA128E0792027,SOIKZHB12A6701D801,ARUM60L1187B9A7E1F,Stevie Wonder,Stay Gold,Ballad Collection,1992,214.02077,0.757921011206,0.600265107973,r&b/soul,soul; motown; Stay Gold; Stevie Wonder; relax,110,70,15.362291,0,55.238344884967816,44.21459135716382,0.05526823919645477,0.24073851846990713,0.28372341563579523,Nat King Cole,Autumn Leaves
TRPTSDT12903CF2175,SOLNGCK12A6D4F6657,ARFCLAO1187B9B2A4C,Kotipelto,Evening's Fall,Coldness,2004,236.19873,0.627436083314,0.361462011453,metal,Power metal; heavy metal,142,79,15.779734,0,55.564789774118836,43.12541672430288,0.0539067709053786,0.22548971156520747,0.2727691710732909,Nat King Cole,Autumn Leaves
TRJFPFY128F932B628,SOQMJOY12A6D4FA358,ARJ0AL61187B9A3F27,Katie Melua,All In My Head,Pictures,2007,243.59138,0.713617919141,0.513977593763,jazz,jazz; pop; blues; female vocalists; Katie Melua,224,81,34.94281,0,70.48287111842725,54.24033076722173,0.06780041345902715,0.2211402258048463,0.269477794761316,Nat King Cole,Autumn Leaves
TRWAYCE128F9304FDF,SOVKXWX12A8C142D66,ARCYXKG1187B98FCF6,Pnau,Lover,PNAU,2007,287.18975,0.671082066406,0.456053249128,electronic,electronic; dance; alternative; songs that i will still be listening to in a billion years; electro,68,25,14.696938,0,39.2096579569465,35.56130396347699,0.04445162995434623,0.27695216792644617,0.29652649480468934,Nat King Cole,Love Is A Many Splendored Thing
TRFTIBH12903CFB937,SOABFLW12D0219A135,AROQSCE1187B99F0FC,John Denver,For You,The Classics,1988,199.36608,0.754357090767,0.520456968764,country,country; wedding; John Denver; Love; romantic,195,69,35.930488,0,61.567850962587165,51.00918800949429,0.06376148501186786,0.24600431825826047,0.2820733998434845,Nat King Cole,Love Is A Many Splendored Thing
TREDTFM128F429484F,SOMGZNC12A8C13BE5B,AR8KYVG1187FB4983C,Blu Cantrell,Holding On To Love,Bittersweet,2003,225.93261,0.620038825716,0.396726899289,r&b/soul,soul; pop; rnb; female vocalists; love songs,259,77,37.802116,0,73.9435479483543,61.28176953502309,0.07660221191877886,0.24218596690777836,0.27790565008267726,Nat King Cole,Love Is A Many Splendored Thing
TRUSMEO128F1469319,SOZWHCF12AF729B304,ARIZODP1187B9AD272,Bryan Ferry,Smoke Gets In Your Eyes,More Than This - The Best Of Bryan Ferry And Roxy Music,1974,177.21424,0.694802519782,0.561830537939,folk,70s; bryan ferry; 80s; 1974; singer-songwriter,97,63,15.165751,0,211.53018990585545,200.2537382679046,0.25031717283488075,0.9445591376504993,0.9473557804305534,Nat King Cole,Smoke Gets in Your Eyes
TRCOIXB128F93451E0,SOZYCGI12AB0189CA4,ARF2SVO1187FB53E8F,Alison Krauss / Union Station,Find My Way Back To My Heart,So Long So Wrong,1997,211.74812,0.665145483773,0.425326121849,country,country; folk; bluegrass; country ballads female,246,120,26.981475,0,97.35103518559262,74.89049216454546,0.09361311520568183,0.2558382880846449,0.30739738863200733,Nat King Cole,Smoke Gets in Your Eyes
TRQLYMS12903CE81DD,SOQSRFG12AC468A4C0,AR4LKSS1187B9B2153,Leigh Nash,I've Gotta See You Smile,Because Of Winn-Dixie (Original Motion Picture Soundtrack),2005,187.79383,0.651716088654,0.469136122306,folk,singer-songwriter; pop; alternative; female vocalists,200,60,31.22499,0,87.58627325960056,73.05833753505652,0.09132292191882066,0.24122879883521334,0.27591021544381245,Nat King Cole,Smoke Gets in Your Eyes
TRQNQIX128F424EF1C,SOFDHQR12A8C1311D3,ARF799P1187B9A97D5,Róisín Murphy,Cry Baby,Overpowered,2007,354.01098,0.801408131596,0.560522590512,electronic,electronic; dance; female vocalists; Disco; pop,364,90,80.79604,0,100.74618436725302,85.79614440270483,0.10724518050338103,0.3143122954422875,0.3496488683673866,Nat King Cole,If You Can't Smile And Say Yes
TRKEINR128F4258B98,SOMYBOF12A8C139A8D,ARPYJHS1187FB5BC03,Albert Hammond Jr,G Up,¿Como Te Llama?,2008,160.36526,0.573550714279,0.505604785489,rock,indie rock; rock; indie; alternative; helplessness,161,65,29.206164,0,70.49247631131873,59.74290758494264,0.0746786344811783,0.2839524962985452,0.3186742712576989,Nat King Cole,If You Can't Smile And Say Yes
TRMOZFR128F425F610,SOEMKGM12A8AE46C30,ARD5ZH01187FB3C0E5,Fats Domino,Every Night About This Time,The Big Beat - The Early Hits Of Fats Domino,1958,127.55546,0.745575312839,0.491707370037,blues,rhythm and blues; blues; piano; 50s; Mellow,127,58,19.54482,0,60.195914242493124,51.07471881353253,0.06384339851691566,0.2794724295263669,0.3136748918696349,Nat King Cole,If You Can't Smile And Say Yes
TROSAQJ128F92D308C,SOVNMOR12A8C142419,ARMPCW71187B9B85C1,Charlie Wilson,What You Do To Me,Uncle Charlie,2008,205.322,0.697759493501,0.63251296416,r&b/soul,smooth groove; rnb; rhythm and blues; sage; slowjamz,436,105,82.352899,0,107.22402306385162,86.08894982898445,0.10761118728623056,0.3261590601894234,0.37540446642966824,Nat King Cole,She's Funny That Way
TROGOFF128F42827CE,SOZYIJW12A8C13D298,ARBM4TC1187FB5CE98,Natalie Cole,Your Eyes,Unpredictable,0,161.98485,0.690447549773,0.507781667405,r&b/soul,rnb; female; unpredictable; olskool; soul and rnb classics,374,81,62.537988,0,135.76900224601647,113.65753611121904,0.1420719201390238,0.31200961799873694,0.3513635367728779,Nat King Cole,She's Funny That Way
TRJKYAO128F427420D,SOSEWHU12A8AE484E5,ARKSZW81187B9B695D,Luther Vandross,Never Too Much,The Essential Luther Vandross,0,259.57832,0.74409695329,0.787005468689,r&b/soul,soul; 80s; luther vandross; rnb; rhythm and blues,349,119,51.836281,0,105.7713130371459,83.73411225369408,0.1046676403171176,0.29446422611235495,0.3447390790416458,Nat King Cole,She's Funny That Way
TRITESU128F425F778,SODZAAQ12A8AE47CCF,AR65T9K1187FB3842E,Paul Anka,Love Me Warm And Tender,The Definitive 60's (sixties),1982,137.37751,0.678166687453,0.47814664451,punk,oldies; Paul Anka; 60s; teen idol; memory,173,63,29.0,0,84.87687021965766,75.66958788300188,0.09458698485375235,0.32988320484919775,0.35571320494710923,Nat King Cole,The Ruby And The Pearl (2003 Digital Remaster)
TRSEDGR12903CF88B3,SOECURC12A67ADAB20,ARKAL321187B9AD4BE,The Gathering,Nighttime Birds,Nighttime Birds,0,421.40689,0.780309850685,0.503859512143,metal,Gothic Metal; symphonic metal; Female fronted metal; metal; melancholic,42,27,7.937254,0,39.11480925680524,36.15532484557757,0.04519415605697196,0.3206750306304618,0.33750823863195634,Nat King Cole,The Ruby And The Pearl (2003 Digital Remaster)
TRUKCBZ128F92F155C,SOUSBMR12AF72A15F7,ARJ6GR01187B98D64D,Lonestar,Summertime,Let's Be Us Again,2004,235.28444,0.753475620346,0.529915121495,country,country; band; male; Favorite; summertime,229,79,29.189039,0,67.8992256065498,58.31363599348375,0.07289204499185468,0.2664500434812058,0.29708746037679234,Nat King Cole,The Ruby And The Pearl (2003 Digital Remaster)
TREABTP128F424B802,SOMOVAP12CF5F89359,ARMM6WZ1187FB4958D,Willie Nelson,A Moment Isn't Very Long,The Anthology,1967,183.14404,0.773806910964,0.629128001261,country,country; Willie Nelson; Loved Artist; americana; singer-songwriter,180,64,26.832816,0,90.53047116786338,76.95794704210101,0.09619743380262627,0.2945076669280415,0.32934179795329754,Nat King Cole,The Very Thought Of You
TRTMJLR128F1463837,SOKXDXX12A6D4F971C,AREQIT21187B9AEB7F,Dusty Springfield,Meditation,Dusty... Definitely,2001,117.05424,0.670854098371,0.50042382202,jazz,jazz,207,89,30.870698,0,80.869608625729,64.76121355490926,0.08095151694363657,0.2713325733771626,0.31675302517399156,Nat King Cole,The Very Thought Of You
TRKBPHV128F92E3B2D,SOBHTSP12D021B0A27,AREIN101187FB5A5FA,Nat King Cole,Unforgettable,Cool Romance,1988,168.09751,0.790994596923,0.658441303099,jazz,jazz; oldies; 50s; swing; Love,117,59,17.888544,0,63.439395873420274,54.16013771271883,0.06770017214089853,0.2796748748558131,0.3125682714754412,Nat King Cole,The Very Thought Of You
TRDBNWO12903CC8E18,SOKLJDT12AB0189177,ARZ1PTN1187B9967D9,Gene Autry,Rudolph The Red Nosed Reindeer,The Greatest Hits Of Christmas,1987,177.3971,0.583646434655,0.414589569693,classical,christmas; xmas; Classical; rudolp the red nosed reindeer; christmas oldies,166,64,21.771541,0,142.13142448813338,128.0709081606833,0.16008863520085412,0.5576965726464583,0.5818717185198691,Bing Crosby,Rudolph The Red-Nosed Reindeer
TRSYGTC128F1483C4B,SOIPTAE12A6D4F7967,ARERLPG1187FB3BB39,Tom Waits,Reeperbahn,Alice,2002,242.83383,0.837588739924,0.554061589947,blues,blues; singer-songwriter; Tom Waits; experimental; rock,221,115,22.847319,0,109.17590008026237,85.10955069741073,0.10638693837176341,0.307411480889684,0.3627531179171238,Bing Crosby,Rudolph The Red-Nosed Reindeer
TRNVCTM128E0781AE2,SOODNXY12A6310E2EE,AR2114P1187FB4049A,Spearhead,Red Beans & Rice,Home,0,268.43383,0.567575130212,0.361022741285,hip hop,Hip-Hop; funk; hip hop; rap; political,499,213,57.017541,0,146.1820238986313,103.765262599977,0.12970657824997125,0.2690358543497108,0.3401306254319874,Bing Crosby,Rudolph The Red-Nosed Reindeer
TRDBOVM128F4268BB9,SOKQPSS12A8C136B9F,AR4FBUO1187B9B6072,Celtic Woman,May It Be,Celtic Woman,2005,225.88036,0.766132507012,0.527761030062,electronic,celtic; celtic woman; new age; female vocalists; irish,108,54,17.663522,0,70.02289826239813,61.30240424819737,0.07662800531024672,0.2801698622683543,0.30771820507282915,Norah Jones,December
TRLFYKX128F1493334,SOWTGSY12A6D4FA8D2,ARLMCKU1187FB3DE6A,Laura Fygi,I Wish You Love,Bewitched,2009,187.34975,0.581443513686,0.36518691996,jazz,jazz; Love; lounge; pop; female vocals,120,53,22.248595,0,59.65655342961931,52.64297916741037,0.06580372395926296,0.2741350681362353,0.2997115066124613,Norah Jones,December
TRNUBEN12903CB7896,SOBTJLO12AB01899CE,AR0CPVT1187FB3EF09,Koop,Words of Tranquility,Sons Of Koop,1997,313.46893,0.799092199521,0.554897207862,electronic,chillout; downtempo; ambient; koop; acid jazz,154,34,31.272992,0,51.12275759866358,46.34607657224994,0.057932595715312424,0.27865757029539173,0.29855661630114727,Norah Jones,December
TRXZGWQ128E078E781,SOHUDYH12A6701F64B,AROISRS11F43A69F49,B.B. King,Buzz Me,Let The Good Times Roll:  The Music Of Louis Jordan,1990,172.56444,0.641126734432,0.467666633846,blues,blues,178,73,28.124722,0,61.965263313980145,49.79218662025042,0.06224023327531302,0.25798063571227536,0.30189602931068865,Norah Jones,Don't Know Why (Live)
TRDZTFK12903D0CF13,SOSMJIB12AC468B82A,ARGEBE81187B9928F0,SFDK,Phantom,Los Veteranos,2007,253.93587,0.640125005659,0.496031917281,hip hop,spanish hip-hop,212,102,32.496154,0,63.4090230134184,48.30848697931961,0.06038560872414951,0.23730541869053465,0.28926625152096286,Norah Jones,Don't Know Why (Live)
TRFLWJZ128F425C9E4,SOZTZRR12A58A80C97,AR82DJK1187B991107,The Pharcyde,Otha Fish,Bizarre Ride II The Pharcyde,1992,321.43628,0.756063870843,0.491468881637,hip hop,Hip-Hop; hip hop; oldschool; rap; oldskool,997,247,147.895233,0,126.53968304300483,84.55325805175029,0.10569157256468786,0.2098421477759119,0.27977923731336235,Norah Jones,Don't Know Why (Live)
TRHTANU12903CF09E2,SOAJPIP12AC4688248,ARWP0MB1187B98F82B,Big Bill Broonzy,Saturday Evening Blues,Blues In My Shoes,2000,192.73098,0.627717985983,0.434121463469,blues,blues; big bill broonzy; like a fire,184,78,25.436195,0,118.73063000571398,94.95304288612898,0.11869130360766122,0.2641645321418266,0.3096789950541426,Norah Jones,Humble Me
TRPVLRW12903CE7217,SOPEOOD12AC9097E19,ARE2IB51187B98BD14,ERIC SARDINAS,Old Smyrna Road,BLACK PEARLS,2003,242.93832,0.606788624177,0.395534372849,blues,blues; rock; guitar; country; acoustic,177,84,27.748874,0,108.78128663960132,85.78386335060863,0.10722982918826078,0.2606058667796468,0.308843153303819,Norah Jones,Humble Me
TRNZNSR128F429F04B,SOIFMOR12A8C13C0CD,AR20CFC1187B98A25D,Ray Charles,Don't You Know,The Best Of The Early Years,0,176.06485,0.759911216828,0.673207274956,r&b/soul,soul; blues; rnb; RCharles; classic RB,214,76,36.11094,0,102.22456018646007,81.81210685576704,0.1022651335697088,0.26215362479978876,0.3072870541344014,Norah Jones,Humble Me
TRXKTZE128F1477152,SOLGHCW12A6D4FA445,AR3Q48J1187FB55278,The Rapture,Killing,House Of Jealous Lovers,2003,226.0371,0.749860753246,0.516535179673,punk,post-punk; indie rock; Electro-Punk; alternative; dance punk,188,43,37.496667,0,69.74047673446402,61.09558884643477,0.07636948605804346,0.30764042768716676,0.33587268526217356,Norah Jones,I've Got To See You Again
TRRIJBS128F92F733A,SORAYRE12AB01846B3,ARN03F71187FB4E3F4,Ayo,Better Days,Gravity At Last,2008,212.63628,0.52259018455,0.390641235878,r&b/soul,soul; female vocalists; sad; Ayo; Lyric,180,42,31.304952,0,82.85975866535036,71.88416535744946,0.08985520669681182,0.3047930233116988,0.3352845411299019,Norah Jones,I've Got To See You Again
TRBEWAM128F145CA91,SOHZVBU12A6D4F7524,ARAYR671187B9923E6,Shannon McNally,Down And Dirty,Jukebox Sparrows,2001,293.53751,0.696663943756,0.370858691752,blues,blues; queer as folk; female vocalists; f singer-songwriter; annymix,306,122,54.083269,0,90.29097917354954,70.28913592759605,0.08786141990949506,0.2791537460758242,0.3312362815570994,Norah Jones,I've Got To See You Again
TRMGLTT128F4275DDF,SOTGQLR12A8C13C7B4,AREENKN1187B98F35D,The Plasmatics,You're A Zombie,Maggots: The Record,2000,164.5971,0.557875168422,0.359324726504,punk,punk; the zombie radio; halloween; zombie dance party; gw punk rock,294,87,45.891176,0,107.47282673640564,89.31196872780798,0.11163996090975997,0.281070955712085,0.3193125281209023,Norah Jones,Sinkin' Soon (iTunes Live Session)
TRRRRDU128E0785197,SOESFRD12A67020489,ARG8DXO1187B9AF743,Less Than Jake,She's Gonna Break Soon (Radio Edit) (w/o Horns),She's Gonna Break Soon,2003,194.61179,0.843322339035,0.554564301721,reggae,third wave ska; 9F; drinking games,379,96,82.322536,0,143.64399822292893,122.80922869842281,0.15351153587302852,0.275545158686634,0.30786141108779413,Norah Jones,Sinkin' Soon (iTunes Live Session)
TRMCHAV128F9306B8D,SOCQFKW12AB01841B5,ARXRPXX1187B9B7251,Los Lobos,Bar Fight,Desperado - The Soundtrack,1995,113.8673,0.695520084213,0.486976082819,latin,Soundtrack; latin; Latin Rock; under 2 minutes long,45,40,6.557439,0,43.92426306632081,38.333121582043624,0.04791640197755453,0.25685315236668227,0.2835832604718127,Norah Jones,Sinkin' Soon (iTunes Live Session)
TRIJWAB128F148AA50,SOUFGAS12A58A7CBE2,AR5GRYQ1187B9B32D5,En Vogue,Love Don't Love You (LP Version),The Very Best Of En Vogue,2001,238.18404,0.65021287085,0.457574537711,r&b/soul,rnb; 90s; leapsandbounds CDCollection; Superior Female Groups; vocalization,399,113,80.074965,0,121.01687097625987,90.64468746386,0.113305859329825,0.27628467863691525,0.3375892898787896,Norah Jones,The Long Way Home
TRNTGCI128F145E95C,SOPWIUY12AB0182843,ARVNNXD1187B9AE50D,Marvin Gaye,You Sure Love To Ball,Let's Get It On,1973,284.13342,0.780520618011,0.54084755902,r&b/soul,soul; motown; sexy; 70s; You Sure Love To Ball,348,77,69.828361,0,116.49894610952818,94.57997319297586,0.11822496649121982,0.2722962562442294,0.31441920049645516,Norah Jones,The Long Way Home
TRKJSXZ128F148AF12,SOHXPUB12A6D4F89E5,ARPEUYM1187FB4A97A,Slim Harpo,One More Day,The Excello Singles Anthology,1993,147.17342,0.551565175468,0.371302546517,blues,blues,81,42,15.297059,0,55.776827852263,46.266511762317215,0.05783313970289652,0.2719312662550291,0.30874146751869147,Norah Jones,The Long Way Home
TRAGGSB128F932E323,SOEOCJO12AB018203B,ARMDA7X1187FB52EA8,The Derek Trucks Band,Sweet Inspiration,Already Free,2009,278.90893,0.695097638667,0.520184923642,blues,blues rock; blues; rock; jazz; american,151,60,30.643107,0,76.75975904329118,66.29107473442555,0.08286384341803193,0.2877980330153131,0.31841435012220815,Norah Jones,Those Sweet Words
TRLLIJZ128E0782FC2,SOTTGHP12AF72AD04C,ARR76SY1187B9AD510,Kings Of Convenience,Singing Softly To Me,Quiet Is The New Loud,2000,189.17832,0.822860513449,0.55453885859,folk,acoustic; indie; alternative; Mellow; folk,205,74,38.444766,0,76.75654603365463,63.970773818872885,0.0799634672735911,0.2702306523804899,0.3076033083888296,Norah Jones,Those Sweet Words
TRQHCRN128F425E7FC,SOABCHK12A8C13572B,AROQSCE1187B99F0FC,John Denver,The Chosen Ones,The John Denver Collection_ Vol. 3: Rocky Mountain High,1991,243.93098,0.792063891824,0.527654565966,blues,political; male vocalists; Modern Blues; writing list,183,115,16.911535,0,71.27858171098663,55.95801068292482,0.06994751335365602,0.25087724381541404,0.29871695234832357,Norah Jones,Those Sweet Words
TRBDCAH128EF362D31,SOSTXYN12A6D4F67D4,AR82DJK1187B991107,The Pharcyde,Passin' Me By,Bizarre Ride II,1993,303.46404,0.756063870843,0.491468881637,hip hop,hip hop; 90s; rap; classic; songs about the opposite sex,697,235,90.465463,0,168.8992798846032,119.93500638379643,0.14991875797974555,0.2846496772030625,0.3541483412183479,Norah Jones,Wish I Could (Live)
TREZLSG128F9322A53,SOEPPKW12A8C1310DF,ARWH3MR1187FB59E28,Amy MacDonald,Mr Rock & Roll,This Is The Life,2007,206.86322,0.735459590643,0.512156050561,pop,female vocalists; pop; rock; Scottish; indie,319,111,49.040799,0,133.47678077221897,106.15230969071065,0.13269038711338832,0.2980397701283239,0.34786413212667283,Norah Jones,Wish I Could (Live)
TRFPMSD128F427AB6B,SOGRZHT12A8C13CE02,ARSF6AM1187FB58133,Room Eleven,Swimmer,Mmm... Gumbo?,2008,190.48444,0.608620460178,0.452819712406,jazz,jazz; mmmgumbo; indie; touching; New Live,136,64,18.11077,0,77.18488967327048,64.3824417790564,0.08047805222382051,0.3029241802799024,0.34241079581772227,Norah Jones,Wish I Could (Live)
TRVDYZC128F4268761,SOHNMXF12A8C131DBC,ARJGQDS1187B99DDEA,Billie Holiday,Guilty,The Complete Original American Decca Recordings,1991,173.58322,0.747760115161,0.545349102739,jazz,77davez-all-tracks; jazz; blue note; Jazz female vocals; jazz vocal,169,41,32.357379,0,89.2889648577761,76.7216465934413,0.09590205824180163,0.3370657109376113,0.3696852347935626,Norah Jones,My Dear Country
TRPZYYZ128F4229F12,SOCJBJD12A8AE479C7,AR4WX0Z1187B99FBB5,Buck-O-Nine,Silence,Sustain,2007,167.8624,0.619571948882,0.372781562731,reggae,ska; ska-punk; ska punk; Like,282,148,61.587336,0,141.3638631818875,107.14829424526116,0.13393536780657644,0.277601151315981,0.3364244846424356,Norah Jones,My Dear Country
TRHCZNN12903CB1FFB,SOVBUSA12D02191F09,ARIJE1A1187B9A458D,Ella Fitzgerald,Let's Kiss and Make Up,Ella Sings The Gershwin Songbook Vol 2 - (Digitally Re-Mastered 2009),1985,230.16444,0.799504075438,0.541654000136,jazz,jazz; vocal; gershwin; female vocalists; 50s,228,101,31.416556,0,101.9589648610495,76.0876866207917,0.09510960827598963,0.2521987525241061,0.3112490197769911,Norah Jones,My Dear Country
TRONKCV128F92FA005,SOQGHAA12A8C144504,ARIJE1A1187B9A458D,Ella Fitzgerald,It's a Pity to Say Goodnight,That Old Feeling,1993,159.60771,0.805366988749,0.549956102927,jazz,jazz; jazz vocal; female vocalists; ella fitzgerald; easy listening,172,48,32.062439,0,93.0271223938049,81.20669223063517,0.10150836528829396,0.3131577852194523,0.3422549526618199,Dean Martin,I Love The Way You Say Goodnight
TRUWRTA128F92CEACE,SOIPSLZ12A8C140561,ARQT9SA1187B9AD3C7,Steely Dan,Cousin Dupree,The Definitive Collection,2000,326.39955,0.659552079428,0.505062403561,jazz,Jazz Rock; rock; classic rock; steely dan; soft rock,306,135,33.226495,0,111.77314979649029,85.06228821126032,0.10632786026407541,0.2643768793385392,0.3200169905892391,Dean Martin,I Love The Way You Say Goodnight
TROZSRO128F1456A12,SOENOLI12A6D4F7040,ARGKD4W1187B990E04,Brenda Lee,It's Never Too Late,Classic Brenda Lee - The Universal Masters Collection,1995,140.32934,0.669371501935,0.566912407282,country,oldies; country; rockabilly; female vocalists; romantic,168,55,30.479501,0,82.54097689392941,68.27691436589149,0.08534614295736435,0.2590459232033169,0.2968739863170214,Dean Martin,I Love The Way You Say Goodnight
TRGAKVA128F145FFC0,SOANUQC12A6D4F79CD,ARK84KY1187FB4599A,Keren Ann,Sur Le Fil,La Biographie De Luka Philipse,2000,278.17751,0.696528839249,0.447957204094,pop,world; french; female vocalists; chillout; Love,177,62,26.07681,0,253.65831906012548,236.06995087714532,0.29508743859643166,0.5104279133400911,0.5266704615144867,Dean Martin,White Christmas
TRQFLBS128F933B566,SOYDPTG12AB0185EE5,ARO9XCZ1187B99C255,Nolwenn Leroy,Le Rêve Des Filles,Histoires Naturelles,2005,306.442,0.69528382455,0.402583236459,pop,french; female vocalists; chillout; female vocalist; pop,199,98,23.600847,0,277.249643131767,251.09119976603785,0.3138639997075473,0.4557673172788901,0.4800116851029244,Dean Martin,White Christmas
TRDGOCB128F933B3C2,SOTSVWN12AB0185DA5,ARJW7KB1187FB47C36,Olivia Ruiz,Thérapie De Groupe,La Femme Chocolat,2005,200.88118,0.621201748405,0.374365680245,pop,french; chanson francaise; female vocalists; french pop; party,140,56,19.899749,0,215.2777155934867,197.02253475353527,0.24627816844191908,0.4432748850680468,0.46416970778075006,Dean Martin,White Christmas
TRYPZQG128E07999D6,SOKFMCV12A67AE0CBB,AR21YNH1187FB49649,Ms. Dynamite,Back Then,Judgement Days,2005,225.48853,0.589694605247,0.383863704328,hip hop,hip hop,407,103,55.244909,0,110.51522010627723,91.58405714169729,0.1144800714271216,0.2955054273349731,0.3356943483093002,Dean Martin,Memories Are Made Of This
TRIGZIY128F42348C1,SOWMAZE12A58A79390,ARACDPV1187FB58DF4,Motion City Soundtrack,Fell in Love Without You (Cd),Even If It Kills Me,2007,151.61424,0.823052186756,0.641018309394,punk,pop punk; rock; motion city soudtrack-fell in love without you; alternative; emo,188,58,32.817678,0,72.82137722804481,62.552583272431235,0.07819072909053905,0.2749075259139368,0.30615134610983813,Dean Martin,Memories Are Made Of This
TROASXG128F932E1CE,SOGZJZU12AF72A0D45,ARAFPO71187B9BA100,Cassandra Wilson,I Can't Stand the Rain,The History Of Blue Note - Volume 6: The New Era,1997,328.56771,0.752820830458,0.48071587352,jazz,jazz; female vocalists; vocal jazz; blues; cassandra wilson - i cant stand the rain,174,60,27.221315,0,77.83065291235481,66.39785336010775,0.08299731670013469,0.2569966601477285,0.2883951067603859,Dean Martin,Memories Are Made Of This
TRFPJDH128F93480A3,SOVBSIS12AB018608F,ARE3PRA1187FB39AB7,Lucinda Williams,Disgusted,Ramblin',1979,153.25995,0.664670901068,0.545487620869,blues,blues; acoustic; singer-songwriter; party; female vocalists,246,115,53.740115,0,117.78587606237267,94.00543277925429,0.11750679097406787,0.2642336899539629,0.3102302806007558,Norah Jones,Little Room
TRAUQNG128F429B062,SOHZCFB12A8C13E063,AR66J211187B99AA3F,Gatsbys American Dream,The Hunter,Volcano,2005,109.63546,0.607180698597,0.360914208119,punk,punk; Progressive rock; indie pop; indie rock; Mellow Rock,119,57,17.521415,0,59.46229221948419,47.903582302248374,0.05987947787781047,0.25173656512913867,0.2942601610088887,Norah Jones,Little Room
TRGJSOU128F4271EF3,SOUHBNB12B0B809347,ARXXK5G1187FB392EB,Mission Of Burma,Academy Fight Song,Signals_ Calls and Marches [Remastered],1980,189.77914,0.71386355883,0.405197757975,punk,post-punk; punk; indie; rock; plotters songs,164,70,29.427878,0,65.79556438323274,51.3351442341727,0.06416893029271588,0.23916976082444716,0.28711020104047363,Norah Jones,Little Room
TRIRGHL128F92C44F1,SOTNZIR12A8C143CA4,AR1SQSG1187B9AC782,Kent,Elefanter,Tillbaka Till Samtiden,0,321.17506,0.700570065019,0.487595647696,rock,rock; swedish; pop; alternative; Kent,125,36,15.033296,0,69.60021625773956,67.23640018605829,0.08404550023257286,0.3502123820604102,0.35310558699115824,The Puppini Sisters,Bei Mir Bist Du Schön
TRWDTRZ12903CB01D2,SOGQNZK12AB0184E50,AR0PYX81187FB3C438,Sondaschule,Lieber einen paffen,Rambazamba / Lieber einen paffen,2002,217.15546,0.609672274457,0.396302777763,reggae,german ska; ska punk; ich scheiss auf deutsche texte; trippy german pop songs,146,58,25.317978,0,170.59130326663072,153.5268308829232,0.191908538603654,0.29897728832522286,0.3206013578715477,The Puppini Sisters,Bei Mir Bist Du Schön
TRKFCPW128F149FABF,SORBBZK12A6D4FADEE,AR2AP901187FB3BE5B,Planlos,Es geht mir gut,Klartext,2005,158.17098,0.592068124699,0.439228464702,punk,punk rock,160,63,29.966648,0,187.76841472290474,168.51198441342825,0.2106399805167853,0.2953209488156342,0.31746538088242326,The Puppini Sisters,Bei Mir Bist Du Schön
TRDIOJU128F931BF15,SOPGSCU12D0219384E,ARRZUPG11F43A69EF7,Jackson 5,(You Were Made) Especially For Me,Dancing Machine / Moving Violation,1975,208.79628,0.790056889263,0.667375631808,r&b/soul,soul; lovely; boogie; Cute Michael,242,56,47.212287,0,201.39091191071603,185.43212234709623,0.23179015293387029,0.4009683534119487,0.4209489384911443,The Puppini Sisters,Don't Sit Under The Apple Tree
TREMJCL128F1484AB4,SONUKMU12A6D4F92D5,ARALUUG1187FB58696,Irma Thomas,Anyone Who Knows What Love Is (Will Understand),Straight From The Soul,1964,180.50567,0.623823767852,0.441106359144,r&b/soul,soul; female vocalists; drjazzmrfunkmusic; blues; rhythm and blues,139,59,26.944387,0,159.75715016531444,146.0992523809689,0.18262406547621113,0.3677570260987111,0.3887684890659625,The Puppini Sisters,Don't Sit Under The Apple Tree
TRLZUOM128F42854C5,SOBPBAV12A8C13837D,AR2UWUD1187B9B3B01,Nina Simone,In Love In Vain,Saga Of The Good Life and Hard Times,1970,147.06893,0.661601101289,0.538120543323,jazz,jazz; makes me wanna cry; nina simone; drjazzmrfunkmusic,85,51,13.416408,0,78.02836485439276,69.18823051899643,0.08648528814874554,0.29105419375340197,0.31645342151105915,The Puppini Sisters,Don't Sit Under The Apple Tree
TRLNQSB128F933844C,SOLTDSC12AB01811B7,AR3MVZ31187FB573C4,Danni Carlos,Falling In Love Again,"Rock""N'Road All Night By Danni Carlos",2005,173.60934,0.569189462456,0.422284008466,pop,pop; brazil; cover; pop dance,275,93,44.384682,0,336.288696476941,309.8496122495969,0.3873120153119961,0.9012429144252471,0.9081565629861236,The Puppini Sisters,Falling In Love Again
TRGBXNB128F428CC3B,SOHKVHV12A8C13A937,ARR57MZ1187FB5C275,Lisa Stansfield,Never Gonna Fall,The #1 Remixes,1997,431.64689,0.675730792169,0.382820411594,r&b/soul,soul; pop; fmera fave; sexy; RB,413,73,81.228074,0,153.6949484017203,129.19089318751645,0.16148861648439555,0.32483734402093545,0.3637861808791981,The Puppini Sisters,Falling In Love Again
TRXGRBD128F4261C72,SOCKBJS12A8C13110A,ARIJE1A1187B9A458D,Ella Fitzgerald,Taking A Chance On Love,Ella Fitzgerald 1936-1950 - CD D,1995,188.99546,0.805366988749,0.549956102927,jazz,jazz; Ella; 77davez-all-tracks; Love; female vocal,164,81,27.477263,0,102.05215472473036,85.61124040589071,0.10701405050736339,0.3219654558741999,0.3612235599543885,The Puppini Sisters,Falling In Love Again
TRALNTK12903CF4AF6,SOWLOEP12AC960DB6D,ARNW5721187FB38E9F,Eddie Rabbitt,I Wanna Dance With You,Number One Hits,1998,193.64526,0.587193954983,0.424063721255,country,Alt-country; country; country folk; My Country Selection,371,99,67.037303,0,196.20984127746667,165.63359393761826,0.2070419924220228,0.35557023000276355,0.3950745189465411,The Puppini Sisters,Heebie Jeebies
TRSFDTK12903CC189F,SORKCKM12AF72A39C9,ARZS76R1187FB41927,Stacey Kent,Shall We Dance,Collection III,2003,220.99546,0.647448070897,0.479312794466,jazz,jazz; vocal jazz; izmirme; cantanti jazz; swing revival,91,60,14.662878,0,103.00349323531074,90.76891222415732,0.11346114028019665,0.3588011237167537,0.38811355749478665,The Puppini Sisters,Heebie Jeebies
TRKNLOA128F4272646,SOGBSEU12B0B80BCC3,ARQ5CQ21187B9B855B,Telepopmusik,Dance Me,Genetic World,2001,213.75955,0.726678419005,0.465649009434,electronic,electronic; chillout; trip-hop; electronica; downtempo,97,9,53.376025,0,95.28934108412474,91.06181013150855,0.11382726266438568,0.3532927968277147,0.3586338059456363,The Puppini Sisters,Heebie Jeebies
TRFXHZR128F92F6BFF,SOWYNNV12AAF3B3327,ARUVX3M1187FB40668,Emanon,She Thinks,The Waiting Room,2005,200.01914,0.54696641878,0.382867727895,hip hop,USA west coast hip-hop; check back later,253,104,36.441734,0,170.1048387520032,121.96511652241323,0.15245639565301652,0.28253764490514305,0.3537150984198106,The Puppini Sisters,I Will Survive
TRTPFAP128F92FE92B,SOQAGLL12AB0182FF9,ARQOFR61187FB52F2E,Rhonda Vincent,Forever Ain't That Long Anymore,All American Bluegrass Girl,2006,209.31873,0.631351538686,0.438718088588,country,bluegrass; country; female vocalist; female; folk,173,79,24.103942,0,163.49065347253384,121.22689426962913,0.15153361783703642,0.2759234788262789,0.3375780162717361,The Puppini Sisters,I Will Survive
TRIFVKW128F145C141,SOBCPJM12AF72A4F1D,ARDSWIE1187FB39056,Gang Starr,The Illest Brother,Daily Operation,1992,284.73424,0.705881776978,0.491178953749,hip hop,Hip-Hop; east coast hip-hop; 1992; DJ Premier Productions; rap,819,271,75.894664,0,270.6498106640361,146.2275313473911,0.18278441418423888,0.21383932729438718,0.33332870019572786,The Puppini Sisters,I Will Survive
TRUSTCJ128F4259305,SODZGYL12A8C136614,ARZEOSL1187B9AC259,Joy Electric,The Cobbler,Old Wives Tales - EP,1996,191.34649,0.63260023273,0.512217399715,electronic,electronic; dance; synthpop; christian; Christian electronica,78,55,12.041595,0,67.42490241646492,56.0678032077916,0.0700847540097395,0.27791637170950007,0.31602390132826447,The Puppini Sisters,In The Mood
TRTPLZP128F426AC13,SOLPXGF12D02190755,ARBPIT91187B9ABC56,Bill Withers,Who Is He? (And What Is He To You?),Lovely Day: The Best Of...,1994,192.44363,0.777865052114,0.609645729187,r&b/soul,soul; funk; blues n soul; 70s; b funk,200,70,36.083237,0,90.33374851053614,72.87165925649616,0.0910895740706202,0.26827506659819633,0.3124110286490902,The Puppini Sisters,In The Mood
TRNEUEW128F9330D05,SONPHFD12AB018A6F4,ARG2UZ71187FB4FF5C,Porter Wagoner,Skid row Joe,Green_ Green Grass Of Home,1966,203.33669,0.592108229144,0.37206162812,country,classic country; country; american; male vocalists; 1965,365,164,45.486262,0,148.4304948521843,103.13420935617135,0.12891776169521418,0.23565863071729623,0.3053326303488863,The Puppini Sisters,In The Mood
TRFRWCW128F9316687,SOBSTGK12AF72A79B0,ARK36B71187FB589D2,Paul Potts,La Prima Volta (First Time Ever I Saw Your Face),Passione,2009,242.18077,0.690856950177,0.384766646253,classical,opera; choir; joni; LA PRIMA VOLTA; gmix12,144,59,22.0,0,145.36853504880824,120.95826000204985,0.15119782500256232,0.3306046369378191,0.3714665292725677,Dean Martin,Kiss
TRGHYGG12903CAC100,SORLWRB12D02199388,ARLMXEA1187B9A7D04,R. Kelly,Kickin' It With Your Girlfriend,TP.3 Reloaded,2005,214.12526,0.811506286892,0.796033968652,r&b/soul,rnb; r kelly; sad; Someone tagged this song as their favorite song; situations,642,146,92.639085,0,281.07472377394777,205.97312789596472,0.2574664098699559,0.29370746908886897,0.3615699065059031,Dean Martin,Kiss
TRIGERV128F1478764,SOCTCEF12A6D4F729F,ARRRWAI1187FB4070F,Con Funk Shun,Electric Lady,Definitive Collection,1985,234.78812,0.576539832864,0.38937334741,r&b/soul,funk; oldskool; 80dance; durock music,371,172,46.978719,0,217.0406642930443,152.99072042435094,0.19123840053043867,0.28011665325800567,0.3545377440867611,Dean Martin,Kiss
TRUAZZD128F932A9EB,SOOXYGA12AB0180A59,AR4JARH1187FB47284,Cinderella Effect,Clone Your Lover,Pearls,2006,231.10485,0.525563952122,0.456866168865,classical,darkwave; female vocalists; romantic; melancholic; majestic,207,46,41.218928,0,84.91546923971549,78.64090084388552,0.0983011260548569,0.38665309592148817,0.4049181566717205,Dean Martin,Let Me Go Lover
TRZUYPV12903CBA482,SOTURQA12AB0185CB9,ARZ0RS81187B98F252,Mercury Rev,The Climbing Rose,The Secret Migration,2005,197.95546,0.671630946827,0.464280987158,rock,alternative; psychedelic; beautiful; Dreamy; out of time,168,52,27.055499,0,73.30035083783189,66.67299527901079,0.08334124409876349,0.34576418212832494,0.36750114544241297,Dean Martin,Let Me Go Lover
TRNVHDM128F4257502,SOXAMPN12A8C136DFD,ARVALPV11F50C4E2A6,Gregory Isaac,My Only Lover,Greatest & Latest,0,139.38893,0.58210513162,0.41674372144,reggae,reggae; dub; roots reggae; lovers rock; A Love I Can Feel Riddim,171,53,26.095977,0,76.36285729034961,69.01883111625618,0.08627353889532023,0.33990997346302704,0.3629435727482471,Dean Martin,Let Me Go Lover
TRPBFRW128F42902F1,SOHUHPV12A8C138D9C,ARPD6WI1187FB4A3DA,Alessandro Safina,Canto La Vita,Musica Di Te,2003,227.26485,0.579060730696,0.385354013274,classical,italian; opera; Alessandro Safina; ambient; crossover,51,25,11.313708,0,94.91334627956999,90.32931857454513,0.1129116482181814,0.417399148298103,0.4253000673141658,Dean Martin,On An Evening In Roma (Sott'er Celo De Roma)
TRWKLLM12903CA67BA,SOQCBGL12AB01857FA,AR74Z811187B9B43DF,Après La Classe,Libero liberi libera,Un numero,2004,257.82812,0.536966848227,0.48110919158,reggae,reggae italiano; maschio; maschi; Voci maschili; voce maschile,121,58,16.613248,0,134.90764567369786,124.57424055884218,0.15571780069855273,0.381012548157579,0.39814471688683845,Dean Martin,On An Evening In Roma (Sott'er Celo De Roma)
TRISBOH128E0788AC8,SOMBFQQ12A6701F26A,AR0VQ8W1187FB4F4D9,Marlene Kuntz,Una Canzone Arresa,Ho Ucciso Paranoia,1999,271.25506,0.651612320406,0.454645184618,rock,italian; rock; italian rock; alternative rock; noise rock,68,40,11.045361,0,119.31536325578911,109.56590864519775,0.1369573858064972,0.37472921520331465,0.39336215525483,Dean Martin,On An Evening In Roma (Sott'er Celo De Roma)
TRBCLJB128F93423D0,SOWEBAM12AB01809EF,AR7LJ7N1187FB4AD1F,Ana Gabriel,Y Aqui Estoy,"Ana Gabriel ""En Vivo",1992,227.49995,0.671298832464,0.40255540553,latin,mexico; Ana Gabriel; spanish; Baladas; latin,137,59,19.748418,0,397.2806362126462,380.02722863512736,0.4750340357939092,0.6924078293239263,0.7017821726387734,Enrique Iglesias,No Puedo Mas Sin Ti (I'm Your Man)
TRKJMJN128EF34E2FC,SOPJMUU12A6D4F860A,AROF4LP1187FB41C51,Selena,Amame,Through The Years/ A Traves De Los Anos,0,219.11465,0.748320703067,0.54586591707,pop,pop; hot,86,50,12.922848,0,346.30273858480945,329.22006572310494,0.41152508215388117,0.6840645305424495,0.6947394440573372,Enrique Iglesias,No Puedo Mas Sin Ti (I'm Your Man)
TRENEPN128F148867B,SOLMOIY12A6D4F5FD1,AR7AE0W1187B98E40E,Intocable,Te Extrano,Crossroads- Cruce De Caminos,0,245.21098,0.803916456146,0.45433469671,latin,ERTAX MUSICA LATINA,339,86,53.851648,0,540.6673986932839,511.4927723594806,0.6393659654493508,0.6392266320320821,0.6516919550156205,Enrique Iglesias,No Puedo Mas Sin Ti (I'm Your Man)
TRDWJYF12903CB161A,SOJWGGR12AB0180261,ARUXOWB1187FB3F562,Alejandro Fernandez,Quisiera,Mas Romántico Que Nunca - Sus Grandes Exitos Románticos,2000,245.36771,0.756892025275,0.458763438863,latin,yo straight up my mom loves this; latin; latin pop; mexican; alejandro fernandez,147,56,26.645825,0,336.3671435451749,315.1672943128462,0.39395911789105775,0.5647559937441912,0.5806817989316969,Shakira,En Tus Pupilas
TREHRGV128F93071D3,SOPPXFS12AF729F10E,AR4ROY01187B9B021A,Yanni,Desire,Ultimate Yanni,1992,297.76934,0.749373156496,0.486996306516,classical,new age; Greek; classical crossover; yanni; ambient,224,68,32.710854,0,402.12081605498435,375.7719221808287,0.4697149027260359,0.5556290997237228,0.5722922006571778,Shakira,En Tus Pupilas
TRASSZL128F428FA5D,SOYRKAG12A8C13D7A0,AR0CZWN1187B9A47E2,Obie Bermudez,Celos,Solo Exitos,2004,220.78649,0.605116354918,0.347522826825,latin,latin pop,216,95,25.592968,0,319.1206172516686,295.53569407206766,0.36941961759008457,0.5467470514069417,0.5655323509964536,Shakira,En Tus Pupilas
TRNMIBF12903D1125E,SODBVZT12AC4688904,AR1ZHZ51187FB37FEC,Violadores del Verso,No Paseis Por Alto A Los Genios,Genios,1999,592.95302,0.658189532108,0.524275367928,hip hop,hiphop; rap; Hip-Hop; Spanish-hiphop,409,154,56.293872,0,523.0666629174099,488.6833125454633,0.6108541406818291,0.6631125907563213,0.6754144487201396,Shakira,Que Me Quedes Tu
TREIAZT128F425EEF4,SOQOUZD12A8C135E15,AR0KOAJ1187B9965A4,Los Jaivas,Pregon Para Iluminarse,Serie De Oro,2004,317.12608,0.560718716033,0.477205809016,folk,hermoso tema; folklor-latinoamericano; songs to be happy; re hippie,111,39,21.16601,0,299.8713379791697,287.2187644397724,0.3590234555497155,0.650209802763913,0.6599215533437214,Shakira,Que Me Quedes Tu
TRFGZHR128F92F3434,SOYFBYG12AB0182C3B,AR3XEVJ1187B9B972B,Diego Torres,Después De Ti,Andando,0,271.17669,0.614690486247,0.466902613397,latin,latin; latino; diego torres; spanish,199,61,33.060551,0,370.3517917461338,351.5788091272001,0.4394735114090001,0.6267547291218845,0.6387425998598528,Shakira,Que Me Quedes Tu
TRWHWCD128E0788AF3,SOQUNMV12A6701F291,ARGM4PB1187FB3DEFB,Luz Casal,No Te Vayas,Sencilla Alegria,2004,295.60118,0.599234463977,0.365033541043,blues,blues; romantico,119,62,17.464249,0,324.0193134194741,307.82464026623677,0.38478080033279594,0.6814284706921994,0.6924265393682872,Shakira,Sombra De Ti
TRFASPF128F4277844,SOZNZJS12A8C13C2F6,ARFJD5L1187B9A30BA,Los Van Van,Quien No Ha Dicho Una Mentira,Llego... Van Van,1999,229.56363,0.604414492162,0.400517950689,latin,salsa; cuba; timba; los van van; Los Van Van  Quien No Ha Dicho Una Mentira,140,66,20.273135,0,387.78940446598074,365.42718532597553,0.4567839816574694,0.6717903022509181,0.6846491784216401,Shakira,Sombra De Ti
TRMYHXH128F14A232D,SONXYLK12A6D4FA637,AR821OM1187B9B55C4,Karamelo Santo,Tu Pa Mi,Haciendo Bulla,2004,241.76281,0.583423136737,0.413953494959,reggae,ska; argentina; top pop songs; Retro; hi fidelity,168,79,24.248711,0,394.638846780943,370.7301991835369,0.46341274897942114,0.626099668165253,0.6405520044617258,Shakira,Sombra De Ti
TRAWUCS128F92FAA8E,SOLNPSC12AB017B9C6,ARMEW4Q1187FB57238,Gilberto Santa Rosa,Amor Mio No Te Vayas,Perdoname...¡Exitos!,1991,342.12526,0.646581908134,0.410093448379,latin,salsa; latin; great; tropical; almetlatino,300,101,49.396356,0,467.15078088974155,440.45158321226575,0.5505644790153322,0.6623525617907087,0.6752684264573231,Shakira,Te Dejo Madrid
TRUDLAI128F9317944,SOPYNFP12AB01876AC,AR81YYA1187B9B996F,Elvis Crespo,Suavemente,The Remixes,1998,335.17669,0.678823686354,0.483348702679,latin,merengue; latin; salsa; Elvis Crespo; dance,182,60,27.549955,0,381.9949523630534,364.0207970009464,0.455025996251183,0.6629825712352921,0.6735461987718506,Shakira,Te Dejo Madrid
TRAXMWV128F14612AB,SOXAMTJ12A58A7CD18,ARB5S4L1187FB4AD20,Carlos Ponce,Quiero,Ponce,2002,240.3522,0.603550951818,0.303618163119,latin,latin; pop,216,61,40.595566,0,424.7623666227748,403.0242013890202,0.5037802517362753,0.6513864493830906,0.6632043856193672,Shakira,Te Dejo Madrid
TRPMUDQ128F425218E,SOIRNOF12A58A7D623,ARLAWDD1187FB48367,Carlos Vives,19 De Noviembre,El Amor De Mi Tierra,1999,276.94975,0.62096398106,0.413254693459,latin,Colombia; vallenato; latin; bailable; worldfolkz,177,58,30.88689,0,299.6851711123373,284.72162326612886,0.35590202908266105,0.6891727606286939,0.6999615367476244,Shakira,Tú
TRIKCWM128F92E54E7,SOSUTTK12A8C140440,AR81DGA1187B9A0A43,Reik,Sin Conocerte,Secuencia,0,195.63057,0.648878031936,0.580683445284,pop,pop; latin pop; koli; empalagosingas,304,102,40.472213,0,393.937823367857,367.1789874623294,0.4589737343279118,0.6719805154396677,0.6865415217265854,Shakira,Tú
TRKJMJN128EF34E2FC,SOPJMUU12A6D4F860A,AROF4LP1187FB41C51,Selena,Amame,Through The Years/ A Traves De Los Anos,0,219.11465,0.748320703067,0.54586591707,pop,pop; hot,86,50,12.922848,0,220.52264007523695,207.85732065977587,0.2598216508247198,0.6490408852721408,0.6623917883948305,Shakira,Tú
TRMGUNA128F92E4CC0,SOJOBCM12AB017F347,ARUXOWB1187FB3F562,Alejandro Fernandez,Eres,Viento A Favor,2007,235.38893,0.756892025275,0.458763438863,latin,latin pop; latin; dance; español; spanish,291,73,57.087652,0,360.2250141007931,341.35859469899424,0.4266982433737428,0.6198634849108725,0.6322514615168908,Enrique Iglesias,La Chica De Ayer
TRNJDFC128F146D619,SOIZDTA12A6D4F6BF0,ARCUJ1T1187B997B07,Vittorio Grigolo,Magia De Amor,In The Hands Of Love,2006,244.92363,0.444128992615,0.395701272286,classical,Classical; vittorio grigolo; male vocalist; e radio; popera,128,52,18.973666,0,217.4564175243082,207.73561325420607,0.2596695165677576,0.6123551028383805,0.6231420141522386,Enrique Iglesias,La Chica De Ayer
TRXSALV128F4242795,SOEVGMI12A8AE488AA,ARAIJG51187B9B97A4,Café Quijano,Lágrimas De Miel,La Extraordinaria Paradoja Del Sonido Quijano,1999,210.36363,0.551682526284,0.352338667915,latin,latin,125,46,23.727621,0,192.3644838794851,183.9487683053515,0.2299359603816894,0.6119070219564968,0.6224459282742609,Enrique Iglesias,La Chica De Ayer
TRFSCEK128F4279179,SOIDMSX12A8C13AE9E,ARS4KT21187B9B9438,Fito Paez,Giros,Cronica,1985,229.27628,0.65782688564,0.458730806359,pop,fito paez; 80s; pop; girosss; popularsoul,79,52,9.949874,0,240.57120170145927,227.86612986669476,0.28483266233336846,0.660659127559904,0.6724019377162346,Enrique Iglesias,Adicto
TRHUUVG128F92E68D6,SORZAKM12AB01817B4,ARZJYD61187B995F0B,David Bisbal,Como La Primera Vez,Premonición Live,2006,241.08363,0.712299998148,0.553229063362,latin,spanish; david bisbal; latin; pop; favourite,218,79,30.740852,0,388.56618160470214,364.6602777063677,0.45582534713295964,0.6371207169393883,0.6516504705102006,Enrique Iglesias,Adicto
TRUGDLC128F428EA24,SOHISDA12A6D4FAC4A,ARL4W6Q1187FB4713C,Aventura,Obsesion (English Remix_ Album Version),We Broke The Rules,2002,250.61832,0.88611681811,0.509478411938,latin,bachata; latin; dancing; Bachatas; good,318,114,49.909919,0,468.6917822364027,433.328843416375,0.5416610542704687,0.6312853416833478,0.6489083663155616,Enrique Iglesias,Adicto
TROIVHS128F931D5F0,SOAPDHT12A8C13D219,ARZPJIE12086C17821,Fanny Lu,Es Por Ti,Lagrimas Calidas - Edicion Especial,2005,203.12771,0.686673055537,0.395559837838,latin,fanny lu; latin; pop; Pop Latino; jjl-latin,291,94,52.839379,0,399.1905717128483,375.74018122224464,0.4696752265278058,0.6451261608532682,0.6578551361465542,Enrique Iglesias,Al Despertar
TRFCKGO128F92F0C78,SOHOFFI12AF729D16A,ARJHT3I1187B9A2EA6,Bebe,La Coqueta,Urban International Presents,0,196.57098,0.679332222331,0.519293238981,latin,spanish; female vocalists; latin; feli; reggae,292,76,45.066617,0,394.46756234135313,373.1682572993902,0.46646032162423773,0.6421706129433173,0.6544101259840046,Enrique Iglesias,Al Despertar
TRJHDIB128F92E5849,SOVJQJJ12A8C1448E7,AR6PJ8R1187FB5AD70,Shakira,Te Necesito,Pies Descalzos,1995,240.22159,0.83317856089,0.682263176764,latin,latin; Shakira; spanish; pop; my first love,197,81,26.70206,0,319.2950087923932,300.37653202472137,0.3754706650309017,0.6269854773035012,0.6403206781469308,Enrique Iglesias,Al Despertar
TRPHJVT128EF34217F,SODULJV12A67ADC9C6,AR7TDQ4119B86684AF,Juan Luis Guerra,Como Yo,La Llave De Mi Corazon,0,205.73995,0.687700751923,0.548225849363,latin,merengue; latin; salsa; Como Yo; pop,252,53,55.090834,0,354.90925252834194,338.4991661646719,0.4231239577058399,0.5960682529795691,0.607412704875065,Enrique Iglesias,Alguien Como Tú
TRAGDLM128F4233397,SOKNFFM12A81C216F3,AR7ZI7Z1187B98BF55,Mago de Oz,Desde mi cielo,Gaia II,2005,380.682,0.629751605102,0.53141175199,metal,heavy metal; metal; spanish; MAGO DE OZ; folk metal,255,89,36.986484,0,399.93335310642306,376.15268515195095,0.4701908564399387,0.5853540844380022,0.5995042988745182,Enrique Iglesias,Alguien Como Tú
TRZVCFO128F9309204,SOTFGTY12AB01818F9,AR0JURX1187FB3C8FF,Illya Kuryaki And The Valderramas,Virgen De Riña,Ninja Mental - Unplugged MTV,1993,316.99546,0.587630679956,0.366157944895,hip hop,Hip Hop Rock,113,37,20.445048,0,237.84718481257016,227.24184135582985,0.2840523016947873,0.5832154169347268,0.5942338765420896,Enrique Iglesias,Alguien Como Tú
TRNJNHB128EF346571,SORLGGD12A67AD9129,AR7YD6B1187B99210E,Ekhymosis,Una Flor En El Desierto,Unplugged,1996,262.21669,0.664648052993,0.389553529137,latin,latin; spanish; chill-out; Unplugged; colombian,251,49,48.476799,0,251.9986653999509,240.83758165497653,0.3010469770687207,0.5721245144670901,0.5829532100580483,Enrique Iglesias,Inalcanzable
TRRXYNM128F4285058,SOLYSUF12A8C138D41,AR5UX9Q1187FB3F696,José José,Cosas Imposibles,El Principe Con Trio Vol. 2,0,174.81098,0.567421174433,0.410757045366,latin,latin pop; Jose Jose; mexicanbalada; xolo69,74,39,12.369317,0,137.55661224037274,132.35615661030488,0.1654451957628811,0.572724889164668,0.5821276762865142,Enrique Iglesias,Inalcanzable
TRYDDZE128F92F3B79,SOFBLLI12A58A7D19C,ARDCFNZ1187FB3DDB0,Enrique Iglesias,Adicto,Addicted,2003,252.39465,0.827357260054,0.752927890401,latin,Latin Ballads,209,70,26.627054,0,231.4124739511734,219.1879756466662,0.27398496955833274,0.5577129660614902,0.5701178800382924,Enrique Iglesias,Inalcanzable
TRQXUSM128F4223ED1,SOGSEQJ12AF72A7253,ARQXE3O1187B99BB7F,Terranova,De Oro,Salsa Y Merengue / Sin Fronteras,0,278.90893,0.745508109356,0.419544594375,electronic,downtempo; latino; chillout; charming; gold,211,72,38.118237,0,474.09090004436115,449.7845386018825,0.5622306732523531,0.6755204085118487,0.6869241022781765,Enrique Iglesias,Lloro Por Ti
TRNKQFR128F93425A3,SORCGUJ12AB017DBA5,ARLUF1T1187FB3603B,Ricardo Arjona,Amor de Tele,Historias,1997,199.67955,0.630550568413,0.545571961211,latin,ricardo arjona; melancolica; cantautor; latina; melancolia,149,68,24.718414,0,331.66766100467134,316.2904623653773,0.39536307795672165,0.6764560627698851,0.6867212848594236,Enrique Iglesias,Lloro Por Ti
TRIXDIY128F425CDB4,SOHQIPH12A8C136127,AR939461187B9B60E1,Sanalejo,Mujer Calavera,Alma Y Locura,2005,221.20444,0.617651354151,0.401848463239,latin,latin; Colombia; español; Latino Pop,176,73,27.712813,0,402.59926608824566,379.82190517332197,0.47477738146665244,0.6580741153541644,0.6708682614746574,Enrique Iglesias,Lloro Por Ti
TRZVPJH128F931D774,SOXMTJO12AB0183607,ARBJ3VU1187B9B472D,Love Of Lesbian,El ectoplasta,1999,2009,225.95873,0.674219378776,0.453906852886,pop,pop,191,95,21.817424,0,317.1312606450563,297.3829468928984,0.37172868361612305,0.6222484293748536,0.6370280155657482,Enrique Iglesias,Mamacita
TROOZEZ128F4243798,SOMJPQG12A6D4FBFEA,ARPM0ZK1187B98F5EA,Buena Vista Social Club,Buena Vista Social Club,Buena Vista Social Club,1997,292.85832,0.712255151287,0.533263405091,latin,latin; cuban; jazz; world; cuba,364,125,44.94441,0,461.57916537478354,429.1159262934087,0.5363949078667608,0.6180435538211035,0.6342197512876276,Enrique Iglesias,Mamacita
TRFLKNV128F9319FD1,SOUAMDH12AB0185573,AR81YYA1187B9B996F,Elvis Crespo,Vuelve Conmigo,Pintame,1999,292.70159,0.678823686354,0.483348702679,latin,merengue; latin; latino; other; salsa,85,49,11.445523,0,199.1957785095855,189.21199076109508,0.23651498845136884,0.6208946174224579,0.6328223184113303,Enrique Iglesias,Mamacita
TRDRHRG128F428BBDB,SOLXQHT12A8C13BE14,ARN9Q881187FB3D951,The Dells,I Miss You,Standing Ovation - The Very Best Of The Dells,1997,261.45914,0.591696068822,0.387333145782,r&b/soul,soul; rnb; smooth; Old School soul; oldie,293,107,59.059292,0,192.71701253401685,163.48336157797416,0.2043542019724677,0.3272562921640206,0.3639132352569434,Enrique Iglesias,Miss You
TRHDMWX128F427F0C7,SOCMDLQ12A8C1376BD,ARAOBIZ1187FB38574,Johnny Winter,Miss Ann,Second Winter,1969,219.16689,0.749711707474,0.452380503907,blues,blues; blues rock; guitar; Johnny Winter- Miss Ann; baby got the blues,241,57,38.923001,0,188.7740360105968,167.75763915144316,0.20969704893930394,0.3240747126688524,0.35033720547282005,Enrique Iglesias,Miss You
TRDQZEL128F92FCDC3,SOUSISF12AB017E401,ARCLPC51187FB52F2D,Joe Nichols,Freedom Feels Like Lonely,III,2005,189.54404,0.773862106713,0.584486137446,country,Brems Tagg radio; moderm country,147,76,19.899749,0,140.32007715853152,120.10787150595725,0.15013483938244657,0.30046433658370875,0.33406981705643635,Enrique Iglesias,Miss You
TREGBAS128F145EC8B,SOERVFF12A6D4F790F,ARDCFNZ1187FB3DDB0,Enrique Iglesias,Al Despertar,Vivir,1997,254.92853,0.827357260054,0.752927890401,latin,latin; Love; spanish; vivir,152,42,27.513633,0,342.1482245256045,325.31424364450197,0.40664280455562746,0.5990443938940726,0.6110944718647309,Enrique Iglesias,Para De Jugar
TRNONNX128F42903F6,SOCRGOZ12A8C141174,AR4BH7C1187B98D9EB,Pablo Milanés,Te Quiero Porque Te Quiero,Antología,2002,195.70893,0.594887876993,0.428090442245,latin,trova; latino; salsa; cuba,191,67,33.496268,0,405.76112974039205,382.80895697084554,0.4785111962135569,0.5887818825699982,0.6026928529157017,Enrique Iglesias,Para De Jugar
TROOIOM128F423D00D,SOPLGUC12A58A7F4E3,ARM6T8I1187FB36CC8,Luis Miguel,La Media Vuelta,Grandes Exitos - 2 CD-worldwide,1994,161.04444,0.65361038709,0.506611027924,latin,Baladas; spanish; luis miguel; romance; latin,104,47,20.469489,0,269.7565651230031,256.85593181811765,0.32106991477264707,0.5880556124211049,0.5998291718701698,Enrique Iglesias,Para De Jugar
TRVRZZI128F426846B,SOSTFFD12A8C13780C,ART1XOT1187B99A298,Billy Squier,She's A Runner (24-Bit Digitally Remastered 02),Absolute Hits,2005,245.02812,0.612842077257,0.456170748019,rock,rock; 70sbsquier,240,105,36.193922,0,139.78832158417566,109.17933118364449,0.1364741639795556,0.30991021282681436,0.3649983035001175,Enrique Iglesias,She Be The One
TRBVPVV128F425F14F,SOOHYOB12CF5F87A28,ARF8HTQ1187B9AE693,Daft Punk,Touch It / Technologic,Alive 2007,2007,329.45587,0.844450642835,1.01049028868,electronic,electronic; dance; techno; House; Daft Punk,687,175,153.756301,0,265.78029827393806,202.83450166024045,0.2535431270753006,0.3028105146037182,0.3623595611154397,Enrique Iglesias,She Be The One
TRMQQGH128F9301E4B,SONZTKX12A6D4FB006,ARIX1PC1187FB5608F,Mutya Buena,Not Your Baby,Real Girl,2007,208.53506,0.685487251348,0.423959313935,pop,pop; female vocalists; catchy; british babes; Energetic,402,104,61.171889,0,168.0680994800752,128.37602640046413,0.16047003300058016,0.28766695632238215,0.3457210153670118,Enrique Iglesias,She Be The One
TREGRRQ128F145EC8D,SOMRUDM12A6D4F7911,ARDCFNZ1187FB3DDB0,Enrique Iglesias,Tu Vacio,Vivir,1997,234.94485,0.827357260054,0.752927890401,latin,latin; pop; spanish; latin pop; favourite,234,76,38.961519,0,421.4240190640192,397.73715980012804,0.49717144975016003,0.6682789261642983,0.6808043370759881,Enrique Iglesias,Trapecista
TRHACES128F427CCDE,SOUWGAD12A8C139401,ARZ3U0K1187B999BF4,Cabas,Guacamaya,Puro Cabas,0,207.12444,0.606267926942,0.397414663377,latin,latin; cumbia; upbeat; 00s; male vocalists,84,40,14.282857,0,260.1878814494025,247.66508741318827,0.30958135926648533,0.6501883104449918,0.6612664327844339,Enrique Iglesias,Trapecista
TRNPAZE128F42AF411,SOSZXRC12CF5F89242,AR7C6G11187B9B4C1E,Jennifer Lopez,Amarte Es Todo,Como Ama Una Mujer,2007,239.3073,0.816842853789,0.567889145462,latin,latin; pop; spanish; female vocalists; jennifer lopez,140,53,25.119713,0,268.1784672327652,254.68565320358184,0.3183570665044773,0.6060662873861397,0.6182321103674419,Enrique Iglesias,Trapecista
TRFVAJQ128F427CCE4,SOMIYEJ12A8A9D6B61,ARZ3U0K1187B999BF4,Cabas,Llega La Noche,Puro Cabas,0,215.58812,0.606267926942,0.397414663377,latin,latin; spanish; colombian; llega la noche,211,56,38.131352,0,425.240170903323,403.06957559771047,0.5038369694971381,0.6715122135644364,0.6827817358016455,Enrique Iglesias,Tu Vacio
TRLRQUX128F932ECC5,SOKVPCR12AB017D810,ARMEW4Q1187FB57238,Gilberto Santa Rosa,Desde Que No Estas,Oro Salsero,2000,284.39465,0.646581908134,0.435618239882,latin,salsa,360,90,63.285069,0,528.4956355090301,494.71087292228833,0.6183885911528604,0.6678594511173639,0.6823420432306128,Enrique Iglesias,Tu Vacio
TRQMXBD128F145ECA2,SONBQQE12A6D4F7922,ARDCFNZ1187FB3DDB0,Enrique Iglesias,Trapecista,Enrique Iglesias,1995,265.35138,0.827357260054,0.752927890401,latin,latin pop; latin; enrique; favourite; pop,182,57,32.124757,0,421.4240190640192,397.73715980012804,0.49717144975016003,0.6682789261642947,0.6808043370759881,Enrique Iglesias,Tu Vacio
TRUGDLC128F428EA24,SOHISDA12A6D4FAC4A,ARL4W6Q1187FB4713C,Aventura,Obsesion (English Remix_ Album Version),We Broke The Rules,2002,250.61832,0.88611681811,0.509478411938,latin,bachata; latin; dancing; Bachatas; good,318,114,49.909919,0,516.0527646106835,480.7979503805774,0.6009974379757217,0.6418605955588544,0.6569922372070511,Enrique Iglesias,Volveré
TRMYHXH128F14A232D,SONXYLK12A6D4FA637,AR821OM1187B9B55C4,Karamelo Santo,Tu Pa Mi,Haciendo Bulla,2004,241.76281,0.583423136737,0.413953494959,reggae,ska; argentina; top pop songs; Retro; hi fidelity,168,79,24.248711,0,367.9555592842803,346.18665067047846,0.43273331333809806,0.6301343500534929,0.6441376638517081,Enrique Iglesias,Volveré
TRWQZXS128F92DB731,SOLJOIC12A8C145316,ARVH6PU1187FB46B3F,Victor Manuelle,Lloré Lloré,Historia De Un Sonero,0,308.50567,0.668543746567,0.490615493311,latin,salsa; great to dance,365,79,77.369245,0,488.1932435817742,460.9560320843917,0.5761950401054896,0.6306676021631102,0.6439278459689816,Enrique Iglesias,Volveré
TRJNFUT128F933AF9F,SOSBMOC12AB0183672,ARAXZGI1187FB3EB5F,Ana Carolina,Rosas,"Multishow Ao Vivo Ana Carolina ""Dois Quartos",2006,218.3571,0.62867985052,0.411510567434,pop,mpb; female vocalists; brasil; brazilian; s2,224,57,31.654384,0,372.0106568266397,362.35034125726736,0.4529379265715842,0.7325840236254932,0.7377059163417733,Shakira,Estoy Aquí
TRMWWQC128F1495ABB,SOLZMEP12A58A77F59,AR3THYK1187B999F1F,João Gilberto,Sampa,Joao,1991,301.87057,0.645192338747,0.471224329919,latin,latin; brasil; Bossa Nova; brazilian; male vocalists,140,53,22.181073,0,270.41599731604623,263.8859137382126,0.3298573921727657,0.7218503651989491,0.7266937143011741,Shakira,Estoy Aquí
TRUEPMU128F424951E,SODIVZG12A58A7B95E,ARB26AL1187B9AB3F2,Mombojó,splash shine,Nadadenovo,2004,137.92608,0.620354708057,0.420521459932,rock,manguebeat; mpb; brasileira; rock alternativo; Mombojo,106,36,11.313708,0,193.2283326721852,188.94085791813654,0.2361760723976707,0.6711360967146442,0.6757869014859792,Shakira,Estoy Aquí
TRPRGEY128F42466DB,SOZQCGI12A6D4F8DFA,AR4ZNBW1187FB554B8,Tony Bennett,Because Of You,BECAUSE OF YOU,1951,178.442,0.760454726721,0.549138581538,jazz,jazz; Love; My Favorites; 50s; oldies,137,65,22.649503,0,54.82793899064857,48.5077594571782,0.06063469932147275,0.32192216124396045,0.3491656802503125,Santana,Life Is Anew
TRMLWXO128F1484DEB,SOIVWJH12A6D4F99E2,ART4QZC1187FB51612,Janet Jackson,Because Of Love,Janet,1993,260.88444,0.881694731307,0.568201421807,r&b/soul,rnb; 90s; soul; janet jackson; female vocalist,354,74,83.282651,0,80.98910919850822,69.52171134165451,0.08690213917706814,0.28392740851245496,0.31569575969516206,Santana,Life Is Anew
TRNGTLR128F931B4AB,SOVXEMW12AB017ED69,ARF2SVO1187FB53E8F,Alison Krauss / Union Station,New Favorite,New Favorite,2001,274.23302,0.665145483773,0.425326121849,country,bluegrass; country; female vocalists; americana; Alt-country,84,39,16.217275,0,35.08008887198262,31.14847821322743,0.03893559776653429,0.27823765122175786,0.3026862316162802,Santana,Life Is Anew
TRLLFVB128F92C3138,SOVXATE12A8C142551,ARBHW3X1187B999013,La Oreja de Van Gogh,El 28,La Oreja De Van Gogh En Directo,1998,281.49506,0.711084313899,0.543817650184,pop,spanish; pop; la oreja de van gogh; ellos cantan en espanol; 90s,120,61,16.217275,0,275.0622160151088,261.56922209273677,0.32696152761592095,0.6508918446409944,0.6621457430135216,Shakira,Donde Estas Corazon
TRYFBLW128F428A81A,SOBSQNN12A8C138A0B,ARYPRT21187FB4BBC6,Joan Manuel Serrat,Mediterraneo,Serrat En Directo,2001,247.66649,0.619641392566,0.421641763559,folk,spanish; cantautor; singer-songwriter; food for the soul; Cantautores,186,94,26.589472,0,369.1260199755098,344.5708313713236,0.4307135392141545,0.6203156484983402,0.635953561416606,Shakira,Donde Estas Corazon
TRPMUDQ128F425218E,SOIRNOF12A58A7D623,ARLAWDD1187FB48367,Carlos Vives,19 De Noviembre,El Amor De Mi Tierra,1999,276.94975,0.62096398106,0.413254693459,latin,Colombia; vallenato; latin; bailable; worldfolkz,177,58,30.88689,0,352.4536593994051,333.5635616064484,0.41695445200806047,0.6192916517465946,0.6321674594857195,Shakira,Donde Estas Corazon
TRIOIZQ128F42BBC6C,SOTFISL12A58A79FA3,AR51UQA1187FB4E651,Malu,Agua De Mayo,Desafío,0,217.65179,0.547520172816,0.483384259351,latin,spanish; latin pop; sexy; beauty; pop dance,194,69,27.184554,0,331.24288093480993,314.68521783259064,0.3933565222907383,0.6688911126719416,0.6801457129128257,Shakira,Octavo Día
TRJZGFP128F92F342E,SOTNSDQ12AB0182C27,AR3XEVJ1187B9B972B,Diego Torres,Como Un Haz De Luna,Andando,0,255.76444,0.614690486247,0.466902613397,latin,latin; pop; argentinos; Maria; Ana Gabriel,181,55,27.982137,0,291.8448465926854,277.9762932233692,0.34747036652921154,0.6461925807348868,0.6571378849581354,Shakira,Octavo Día
TRIJHLY12903D0CE4D,SOAEBYL12AC468B119,AR1ZHZ51187FB37FEC,Violadores del Verso,Cantando,Vivir Para Contarlo,2006,312.92036,0.658189532108,0.503436953654,hip hop,Hip-Hop; spanish hip-hop; rap; spanish; hip hop,671,209,83.660026,0,579.4883671178757,533.7143171243604,0.6671428964054504,0.6344350247190784,0.6504470858217082,Shakira,Octavo Día
TROIVHS128F931D5F0,SOAPDHT12A8C13D219,ARZPJIE12086C17821,Fanny Lu,Es Por Ti,Lagrimas Calidas - Edicion Especial,2005,203.12771,0.686673055537,0.395559837838,latin,fanny lu; latin; pop; Pop Latino; jjl-latin,291,94,52.839379,0,466.48446635846454,433.36805685740995,0.5417100710717624,0.6877816258448308,0.7033654595182293,Shakira,Te Necesito
TRLLFVB128F92C3138,SOVXATE12A8C142551,ARBHW3X1187B999013,La Oreja de Van Gogh,El 28,La Oreja De Van Gogh En Directo,1998,281.49506,0.711084313899,0.543817650184,pop,spanish; pop; la oreja de van gogh; ellos cantan en espanol; 90s,120,61,16.217275,0,265.4144028224593,250.42198040151345,0.3130274755018918,0.66384810665225,0.6758529700819925,Shakira,Te Necesito
TRYFBLW128F428A81A,SOBSQNN12A8C138A0B,ARYPRT21187FB4BBC6,Joan Manuel Serrat,Mediterraneo,Serrat En Directo,2001,247.66649,0.619641392566,0.421641763559,folk,spanish; cantautor; singer-songwriter; food for the soul; Cantautores,186,94,26.589472,0,365.9200917743884,338.6361722604479,0.42329521532555986,0.6494439251220312,0.6668713910900347,Shakira,Te Necesito
TRTZPUX128F930F5CB,SOHCNXP12AB017D97B,AR6IHPG1187FB55C49,Swans,Can't Find My Way Home,Various Failures,1989,288.93995,0.621786487332,0.46337678985,punk,post-punk; female vocals; cover; melancholic; folk rock,139,52,26.095977,0,79.8574509198936,68.03178990827615,0.08503973738534519,0.29385765057314345,0.3280646875267458,Santana,Evil Ways
TRLGCXQ128F1496464,SOOKKON12A6D4FA2D3,ARUM60L1187B9A7E1F,Stevie Wonder,If You Really Love Me,The Complete Stevie Wonder,1971,180.06159,0.757921011206,0.600265107973,r&b/soul,soul; motown; 70s; funk; Stevie Wonder,233,74,44.237993,0,85.78334865811334,71.08080015149743,0.08885100018937178,0.2806653310247613,0.3201334983780426,Santana,Evil Ways
TRITWYU128F42922FA,SOROJQK12A8C138FF5,ARF39J21187B9A72F7,Shannon Curfman,If You Change Your Mind,Loud Guitars_ Big Suspicions,1999,263.10485,0.58294653385,0.334965823071,blues,female vocalists; Contemporary Blues; blues rock; blues; rock,197,79,36.783148,0,81.59413123251912,66.009226298991,0.08251153287373875,0.2728850477368209,0.31678359451428456,Santana,Evil Ways
TRQPNOU128F429488E,SOVWVPM12A8C13BDC6,AR0JIRC1187FB3CAE8,Mecano,La Estación,En Concierto,0,222.27546,0.65219925792,0.439071691933,latin,mecano; latin; pop; electronic; World Music,94,38,28.0,0,126.57160500370694,113.7963914779918,0.14224548934748976,0.3524321647866583,0.37377380447353953,Pink Martini,Anna (el negro zumbon)
TRPGDLF128F9340FAA,SORYVXN12AB0186258,AR7PARM1187FB52B76,El sueño de Morfeo,Ven,Cosas que nos hacen sentir bien,2009,187.34975,0.54811484852,0.356559153165,pop,pop; spanish; Sousaphonic AOTM 201102,130,57,17.549929,0,189.5874205367931,167.2549330373314,0.20906866629666424,0.34400466904813576,0.3705493564961002,Pink Martini,Anna (el negro zumbon)
TRJWWFP128F934D169,SODSQNU12AB018911A,ARVTCS91187FB44DF6,Thievery Corporation,Exilio,Babylon Rewound,2004,341.86404,0.778079975476,0.561861499693,latin,musica latina; trip hop; garden279; latinbeat1; Thievery Corporation,114,28,34.249088,0,202.6499708397496,188.80616136864873,0.23600770171081092,0.3503214473198558,0.36057672921489586,Pink Martini,Anna (el negro zumbon)
TRFGZHR128F92F3434,SOYFBYG12AB0182C3B,AR3XEVJ1187B9B972B,Diego Torres,Después De Ti,Andando,0,271.17669,0.614690486247,0.466902613397,latin,latin; latino; diego torres; spanish,199,61,33.060551,0,236.11476496077645,225.2804724118036,0.2816005905147545,0.5745798259226288,0.5853672521757632,Chavela Vargas,Piensa en mi
TRXBTXI128F42BBC74,SOMQKSF12A8C13FA85,AR51UQA1187FB4E651,Malu,No Voy A Cambiar,Desafío,0,223.32036,0.547520172816,0.483384259351,latin,spanish; latin; Malu - No voy a cambiar; no; voy,274,96,41.593269,0,232.59159002080244,219.00245988757868,0.27375307485947337,0.5181850029085576,0.5316012248324076,Chavela Vargas,Piensa en mi
TROOGTK128F421BBE5,SOMVWGK12A6D4FE90E,AR75G5G1187B9B6758,Frank Reyes,Que Voy A hacer Sin Tí,Dosis De Amor,2005,262.922,0.684446254089,0.392301378163,latin,Latin Flow,297,92,43.104524,0,272.9363310905544,256.02672654406825,0.3200334081800853,0.5123498962388294,0.5262454487487807,Chavela Vargas,Piensa en mi
TRQXFBU128F92C30CD,SOISYEP12A8C1427ED,ARZ4Y2H1187FB3C36F,Estopa,Gulere Gulere,Voces De Ultrarumba,2005,205.84444,0.62682132694,0.388752603404,latin,Estopa; Allgemein; spanish; salsa; Espanol,181,57,34.510868,0,245.76983025442905,227.8672958717908,0.2848341198397385,0.48559781959256876,0.5044347592419145,Santana,Esperando
TRIFNHB128F426A5A3,SOETBKR12A58A7D93F,ARUNARY1187FB49C60,Tito Rojas,He Chocado Con La Vida,Exitos Tito Rojas - 10th Anniversario,1993,311.06567,0.58695794964,0.385719206607,latin,salsa; world; tito rojas,31,22,6.78233,0,74.76028644759849,70.81941680489324,0.08852427100611654,0.45200274545036856,0.464014456583115,Santana,Esperando
TRVIQQH128F930E704,SOLTJJX12AB017FF5D,AR4YYCG1187B9BA09E,Aterciopelados,El Diablo,El Dorado,1995,272.16934,0.65418890419,0.529467568895,latin,latin; spanish; rock; female; Rock en Espanol,242,80,36.083237,0,212.91981451757087,193.98737557584957,0.24248421946981197,0.42270121667298116,0.44557295688255455,Santana,Esperando
TRIJHLY12903D0CE4D,SOAEBYL12AC468B119,AR1ZHZ51187FB37FEC,Violadores del Verso,Cantando,Vivir Para Contarlo,2006,312.92036,0.658189532108,0.503436953654,hip hop,Hip-Hop; spanish hip-hop; rap; spanish; hip hop,671,209,83.660026,0,697.4056678718886,638.0718942956316,0.7975898678695396,0.5954234141488508,0.6141373226798931,Beyoncé,Beautiful Liar (Bello Embustero)
TRMAYJY128F4281A3C,SOJTASV12A8C13AFBA,ARK985C1187FB3D3B9,Grupo Niche,Buenaventura Y Caney,Virtual Hits,1981,324.25751,0.638088313045,0.459060537559,latin,salsa; tropical; latin; rumba; comprar,165,89,20.760539,0,370.82455357877075,345.1692109000161,0.4314615136250201,0.5779098551616819,0.5950309300704897,Beyoncé,Beautiful Liar (Bello Embustero)
TRUSLBO128F42B234E,SORTUNZ12A8C140996,AR5UAYF1187FB3D8D8,Ana Torroja,Cruz De Navajas,Me Cuesta Tanto Olvidarte,2006,309.41995,0.587630302254,0.41313111697,pop,pop; spanish; ana torroja; mujer; 80s spanish,180,78,25.119713,0,360.84126644345656,337.8003685005939,0.42225046062574234,0.5665776161505132,0.5826842547496371,Beyoncé,Beautiful Liar (Bello Embustero)
TRATDIZ128F4242796,SORVFBF12A8AE488AE,ARAIJG51187B9B97A4,Café Quijano,En Algún Rincón,La Extraordinaria Paradoja Del Sonido Quijano,1999,255.39873,0.551682526284,0.352338667915,latin,latin,197,70,32.634338,0,387.85241082604267,367.6927266403386,0.45961590830042326,0.602904323863715,0.6156095776277264,Juanes,Rosario Tijeras
TRTSYZZ128F14A234C,SOPIUPG12A6D4FB478,AR1OPC51187B99B860,Abuela Coca,Se Duerme,El Cuarto De La Abuela,2005,294.922,0.513562852232,0.407898391659,reggae,ska,124,63,17.0,0,318.82253815991703,301.7472637350413,0.37718407966880163,0.602213909922942,0.6153066080890784,Juanes,Rosario Tijeras
TRAJKDR128F42270D6,SOLVCLH12A58A7A269,ARL4W6Q1187FB4713C,Aventura,Me Voy,Love & Hate,2003,251.71546,0.88611681811,0.509478411938,latin,bachata,231,86,30.643107,0,433.47312566136,404.33051919783225,0.5054131489972903,0.5846476537705618,0.600692101569626,Juanes,Rosario Tijeras
TRJGMCS128F42941DD,SOHWNSS12A8C13BCF2,ARY60GE1187B98F97B,Natalia Oreiro,Rio De La Plata,Tu Veneno,2000,272.06485,0.578389328726,0.368551818937,latin,latin pop; natalia oreiro; favourite; pop; hot,256,77,40.533936,0,425.5907273771693,402.2455624602863,0.5028069530753578,0.6926384762320448,0.704463283976811,Ricardo Arjona,Animal Nocturno
TRQFRJM128F92F0EB8,SOIFYRU12AB01842C2,ARANB8N1187B9940A3,Silvio Rodríguez,Santiago de Chile,Silvio Rodríguez en Chile  CD 2,1992,295.49669,0.63247198633,0.438575963455,latin,cuba; silvio rodriguez; nueva trova; nueva trova cubana; folclor latinoamericano,126,67,17.349352,0,255.61399743845888,243.22382284197894,0.3040297785524737,0.6874526487361813,0.697562385480217,Ricardo Arjona,Animal Nocturno
TRZKNKR128F146B508,SOYGSYT12A6D4F8485,ARJRQL51187FB541AB,Juan Carlos Baglietto,Cuando,Luz Quitapenas,1996,221.80526,0.540881349196,0.38663083651,latin,argentina; latin; Juan Carlos Baglietto; rock argento; Baglietto,181,78,28.879058,0,351.8828325106238,331.04110367878627,0.41380137959848284,0.6834787577813486,0.6965366846398285,Ricardo Arjona,Animal Nocturno
TRVRPTI128F92EB390,SOCREBZ12AB017CA05,ARNJ9LU1187B9A56A6,Il Divo,Enamorado,The Promise,2008,193.72363,0.769757193856,0.579216383633,classical,Classical; romantic; Il Divo; enamorado; ll Divo,74,45,13.190906,0,345.99549634595604,332.27723442458444,0.41534654303073054,0.7029116094570586,0.7107875507710657,Camila,Alejate De Mi
TRGDVMS128F9334F25,SOUPCLX12AB01875BF,ARL4W6Q1187FB4713C,Aventura,Enséñame A Olvidar,Sold Out At Madison Square Garden,2002,412.70812,0.88611681811,0.509478411938,latin,bachata; latin; spanish; aventura; un beso,370,136,44.034078,0,615.5413533388582,571.068926547738,0.7138361581846725,0.6311031066707778,0.6470741923482867,Camila,Alejate De Mi
TRZVCFO128F9309204,SOTFGTY12AB01818F9,AR0JURX1187FB3C8FF,Illya Kuryaki And The Valderramas,Virgen De Riña,Ninja Mental - Unplugged MTV,1993,316.99546,0.587630679956,0.366157944895,hip hop,Hip Hop Rock,113,37,20.445048,0,331.2532821766939,315.6516733865396,0.3945645917331745,0.6188521107908567,0.6298890993072591,Camila,Alejate De Mi
TRUQGGJ128F427E02B,SOOHKUS12A8C13AB12,ARDCFNZ1187FB3DDB0,Enrique Iglesias,Lloro Por Ti,UNO (95/08),2008,247.40526,0.827357260054,0.752927890401,latin,latin; latin pop; balada; favourite; Ballad,229,56,44.136153,0,411.4105848917453,391.94156180354975,0.48992695225443716,0.654788357727551,0.6656133421366833,Camila,Entre Tus Alas
TRQXAVO128F42BBC77,SOFQTCI12A8C13FA8A,AR51UQA1187FB4E651,Malu,Llanto Lloro,Desafío,0,196.12689,0.547520172816,0.483384259351,latin,latin pop; gostei; desafio; nenayei; Maluuuuuu,283,71,51.097945,0,394.0984081094993,374.05769986291904,0.4675721248286488,0.6375971955512365,0.6494213925497083,Camila,Entre Tus Alas
TRQWLTN128F4289D77,SODXLDP12A8C13B9AE,ARM6T8I1187FB36CC8,Luis Miguel,Pensar En Ti,Aries,1993,257.38404,0.65361038709,0.506611027924,latin,Romantica; latin; 90s,128,55,22.605309,0,308.20496710533456,294.25426277669544,0.3678178284708693,0.6351750253989957,0.6458396748942069,Camila,Entre Tus Alas
TRYBLUI12903CED189,SOZWYES12AC3DF9C48,ARD5MIK1187B98ED8C,Julieta Venegas,Despedida,Despedida,2010,203.57179,0.742203697252,0.511123529487,latin,mexican; mexican female vocal; spanish; latin pop; Espanol,148,59,23.979158,0,296.11909645508433,281.26225245691967,0.3515778155711496,0.5888646223001975,0.6012606478596212,Camila,Me Basto
TRKRVZL128F427F848,SONAVUN12A8C13AAAB,AR963OZ1187B98B821,Nena Daconte,Pierdo El Tiempo,He Perdido Los Zapatos,2006,167.96689,0.569409090715,0.465232661105,pop,spanish; pop; Espanol; female vocalists; kissfm,98,59,14.142136,0,221.45404835006312,209.80387452653014,0.26225484315816266,0.5687796372661668,0.5819665112003407,Camila,Me Basto
TRUSJCP128F9302495,SOLKQOB12AB018272A,ARBJ8QE1187B9902D3,Rey Ruiz,No Me Acostumbro,Lo Esencial,1992,289.64526,0.624563277054,0.422191582694,latin,salsa; latin; cuba grande; Canciones inolvidables; rey ruiz,279,102,47.634021,0,333.68410804854426,312.6971962503827,0.3908714953129784,0.5665460635048939,0.5818873963841845,Camila,Me Basto
TRTFDDQ128F932252E,SOHNJYW12AB017FA58,ARRQA7F1187B99DA71,Moenia,Manto Estelar,Hits Live,0,283.89832,0.637473239397,0.423598205132,electronic,electronic; synthpop; latin pop; Rock en Espanol; spanish,186,41,43.27817,0,387.46412692180803,368.95540034246983,0.46119425042808726,0.5684671369065991,0.5802999489086782,Camila,Va Para Ti
TRNONNX128F42903F6,SOCRGOZ12A8C141174,AR4BH7C1187B98D9EB,Pablo Milanés,Te Quiero Porque Te Quiero,Antología,2002,195.70893,0.594887876993,0.428090442245,latin,trova; latino; salsa; cuba,191,67,33.496268,0,390.7493363546198,370.2485671000462,0.46281070887505776,0.5661098627150448,0.5788657412155469,Camila,Va Para Ti
TRXSRCA128F4234DA5,SOQPLSG12A81C22C0C,ARXCS291187FB360A5,Ricardo Montaner,La Novia Del Sol (La Canción de Evaluna),Sueño Repetido,0,266.4224,0.647721231196,0.390631287495,latin,latin; slow,183,68,24.63737,0,357.5425368187913,337.7476226015276,0.4221845282519095,0.5509446050991966,0.5644360761008821,Camila,Va Para Ti
TRIRWZI128F933FDE3,SOZCDAT12AF72A5467,ARBJ8QE1187B9902D3,Rey Ruiz,Enamorado,Mis 30 Mejores Canciones,1992,277.7073,0.624563277054,0.422191582694,latin,salsa; latino; salsa romantica; orsettamv,124,64,15.937377,0,212.8338943171429,201.7966059825699,0.2522457574782124,0.6331108672025886,0.64509503881579,Reik,Fui
TRGJXTC128F4278ECC,SONTHAL12A8C135908,AR6PJ8R1187FB5AD70,Shakira,Que Me Quedes Tu,Laundry Service,2003,289.98485,0.83317856089,0.804219797447,latin,latin; pop; Shakira; female vocalists; spanish,190,51,37.589892,0,270.4072092139291,257.81423896040263,0.3222677987005033,0.6097328357048564,0.6210171953931092,Reik,Fui
TRHPSHA128F92EFD94,SOMMTTC12A8C13FB33,ARNJ9LU1187B9A56A6,Il Divo,Por Ti Seré (You Raise Me Up),Ancora,2005,239.98649,0.769757193856,0.579216383633,classical,Il Divo; opera; classical crossover; male vocal; international,144,38,27.820855,0,249.35837128319446,239.1173661672631,0.2988967077090789,0.6110990751704145,0.6209211958474123,Reik,Fui
TRVCMJB128F1484281,SOMGBQL12A6D4F8EFC,AR5Z97E1187FB36169,Tego Calderon,Llévatelo Todo (Album Version),The Underdog/El Subestimado,0,144.1171,0.631219639983,0.450950881507,hip hop,happy; latin hip-hop; tego; Viliina - Me Gusta; Giii Rap,218,84,31.638584,0,334.09020817204754,310.9268944393547,0.3886586180491934,0.5483926738138745,0.5660923637469066,Reik,Ilusionado
TRQYCDU128F14725AA,SOQLGXS12A6D4F8883,ARAK3X11187B98FCB1,Plastilina Mosh,Enzo,Tasty + B Sides,2003,222.51057,0.67432654736,0.447374831175,latin,Rock Latino; electropop; mexican pop; Alternativo; drum and trip,227,82,47.180504,0,355.14425860007157,330.2832630285693,0.4128540787857116,0.5461572418553018,0.564044907338392,Reik,Ilusionado
TRMTPJG128F428F66B,SOZBGQD12A8C13A6E8,ARBNXYA1187FB51C50,Daddy Yankee,Todos Quieren A Raymond,El Cartel: The Big Boss,2007,281.70404,0.90898429564,0.562506672289,reggae,Reggaeton; Daddy Yankee; Makes me dance; the songs I love; againagain,577,167,68.220232,0,518.7700244854651,468.11294593201177,0.5851411824150147,0.5258586497662169,0.5493372599216735,Reik,Ilusionado
TRNTYGF128F9302BD8,SONWNHF12A8C1401FD,ARYN2M61187B995BD6,Juanes,Tu Y Yo,La Vida Es Un Ratico En Vivo,2007,266.50077,0.666216159368,0.549761225457,latin,latin; spanish; Latin Rock; rock; romantic,369,92,59.682493,0,501.13955845446355,470.396649864089,0.5879958123301112,0.5947861029355367,0.6086665967351881,Reik,Piel De Ciudad
TRZVPJH128F931D774,SOXMTJO12AB0183607,ARBJ3VU1187B9B472D,Love Of Lesbian,El ectoplasta,1999,2009,225.95873,0.674219378776,0.453906852886,pop,pop,191,95,21.817424,0,327.1519810282962,307.65107518409565,0.38456384398011956,0.5695655748500451,0.5838625717078454,Reik,Piel De Ciudad
TRDJOQZ128F42AF0BD,SOBKRQP12A8C13F7D8,ARVH6PU1187FB46B3F,Victor Manuelle,Hazme Sentir,Decision Unanime,0,290.95138,0.668543746567,0.490615493311,latin,salsa puertoriquena,250,85,36.386811,0,385.58522833138943,362.2251020623447,0.4527813775779309,0.5432521587330618,0.5581996756059194,Reik,Piel De Ciudad
TRXBTXI128F42BBC74,SOMQKSF12A8C13FA85,AR51UQA1187FB4E651,Malu,No Voy A Cambiar,Desafío,0,223.32036,0.547520172816,0.483384259351,latin,spanish; latin; Malu - No voy a cambiar; no; voy,274,96,41.593269,0,420.3633139319615,392.517419706358,0.4906467746329475,0.6176564652515395,0.63348150638916,Reik,Quedate
TRXCVRQ128F92DE6A5,SOHGHUW12A8C143D85,AR6GJDZ1187B991E46,KALIMBA,Se Te Olvido,Mi Otro Yo,2008,269.34812,0.697887822017,0.435144671678,latin,latin; rock; pop; romantic; Justin,258,76,45.243784,0,442.66037749755424,413.28852203482904,0.5166106525435363,0.6068583945847895,0.6229438610763681,Reik,Quedate
TRFLKNV128F9319FD1,SOUAMDH12AB0185573,AR81YYA1187B9B996F,Elvis Crespo,Vuelve Conmigo,Pintame,1999,292.70159,0.678823686354,0.483348702679,latin,merengue; latin; latino; other; salsa,85,49,11.445523,0,213.11410446943373,201.86359920097226,0.2523294990012153,0.6049318609216741,0.6176540748472196,Reik,Quedate
TRDQART128F149E047,SOLVNFS12A6D4FA3C0,ARWSCEB1187B992364,Praga Khan,Far Beyond The Sun,Twenty First Century Skin,1999,328.51546,0.517919587054,0.3902663981,electronic,dance; House,151,66,23.30236,0,64.33644850596214,57.694056325090195,0.07211757040636274,0.30979067075742267,0.3335434323969931,Animal Collective,Brother Sport
TRWWVGC12903CB5C50,SOBSJQH12AB01876C3,AR6LZB61187B9AF431,Depeche Mode,Freestate,Ultra,1997,403.33016,0.814319340519,0.606338757713,electronic,electronic; Depeche Mode; new wave; synthpop; synth pop,136,65,20.736441,0,67.33306584651027,59.78413732449796,0.07473017165562246,0.2934927291620102,0.31869172821185393,Animal Collective,Brother Sport
TRHDFNW12903CCD371,SOXUYLC12AB018E1DF,ARBJ5U71187FB52A76,Buddy Holly,Door To My Heart,Rave On: The Very Best Of &,1965,141.76608,0.686669419343,0.512312380865,country,oldies; country; rockabilly; american; 60s,96,40,17.349352,0,48.3136305237882,43.84248224329452,0.054803102804118146,0.287230534968967,0.30742956653482373,Animal Collective,Brother Sport
TRYBBGR12903CB1675,SOVCTNM12AB0185553,ARZYJO61187B98F4B9,Stoa,I Wish You Could Smile,Zal,1994,276.06159,0.576769758844,0.396900575545,classical,neoclassical; Dream; Dreamy; piano; magical,62,34,16.155494,0,46.85633399507621,41.260604220207156,0.05157575527525895,0.3004128858315708,0.3271254765486023,Metallica,The Prince
TRJTHGK12903CB120B,SOTUGQG12AB01862D2,ARZYJO61187B98F4B9,Stoa,Autumn,Urthona,1993,207.51628,0.576769758844,0.396900575545,classical,neoclassic; ethereal; neo-classical; warcraft; eveningair,66,40,12.0,0,42.301222343826595,37.525460730243104,0.04690682591280388,0.2882397721550184,0.31240439812272036,Metallica,The Prince
TRKHOOZ128F42387D7,SOYGDVU12A8AE4847F,ARY20CG1187B9B0C14,Scapegoat,Marry the Devil,Let Our Violins Be Heard,0,206.34077,0.643734870442,0.376949332107,punk,emocore,267,123,28.757608,0,100.53805683009152,77.5994670935744,0.096999333866968,0.2380288482544647,0.2877019097825169,Metallica,The Prince
TRVADAK12903CDDEEB,SOXGJUM12A58A816BA,ARH69GN1187B997256,Wolverine,Towards Loss,The Window Purpose,2001,355.10812,0.552724476049,0.372336194248,metal,metal; Progressive metal; swedish; melancholic; NGD,296,130,31.0,0,163.26222948469183,116.86971618529107,0.14608714523161384,0.298926078858726,0.37320690406730817,Avenged Sevenfold,Second Heartbeat
TRWNSHP128F42424E8,SORGRQU12A8AE48E71,ARUIO0J1187FB3D7D7,Mest,Can't Take This (Album Version),Photographs,2005,208.87465,0.690809096186,0.450093382351,punk,emo; sad; Drum; Mest; slow,243,79,45.519227,0,126.35595233938015,95.66275307678399,0.11957844134597999,0.28087445677578854,0.3397763094237898,Avenged Sevenfold,Second Heartbeat
TRPNFBQ128F9319B2B,SOQHZJL12A58A7DE4D,ARRP6571187B9A0DE3,Keith Whitley,A Day In The Life Of A Fool,Don't Close Your Eyes,1988,221.49179,0.625823115023,0.409706822874,country,country; keith,184,80,23.430749,0,104.81302936973533,78.92066913569005,0.09865083641961256,0.27923385932594,0.33925422320934795,Avenged Sevenfold,Second Heartbeat
TRZEEDN128F427F141,SOARVYQ12A8C136AE1,ARBM4TC1187FB5CE98,Natalie Cole,Ev'ry Time We Say Goodbye,De-Lovely Music From The Motion Picture,2004,223.84281,0.690447549773,0.507781667405,jazz,jazz; easy listening; Standards; cole porter; jazz tracks,121,53,16.03122,0,34.064202135414654,31.100260047557118,0.038875325059446394,0.29995611128631333,0.31895803663368844,Avenged Sevenfold,To End The Rapture
TRDFTPP128F427550C,SOWOPHG12A8C13DB44,ARGVJPK1187B9909EA,Josh Groban,It Came Upon A Midnight Clear (Album Version),Noel,0,253.07383,0.765357013064,0.755149913058,classical,christmas; Josh Groban; classic; Classical; male vocalist,144,44,35.341194,0,43.67713846339686,40.32029534244046,0.050400369178050575,0.2697911884305311,0.28581163166305346,Avenged Sevenfold,To End The Rapture
TRBDCVT128F428CB03,SOCKMWD12A8C13FA5D,AR22EGJ1187B989781,Incantation,Apocalyptic Destroyer of Angels,Infernal Storm,0,199.60118,0.586045655621,0.507237247155,metal,death metal; USA,71,48,10.954451,0,20.880913313410915,19.14497450331588,0.023931218129144848,0.2681799951685522,0.2854666337091701,Avenged Sevenfold,To End The Rapture
TRVGTSJ128F92DF8E2,SOPZSQG12A8C145726,ARAEX7Y1187FB42D36,Toni Braxton,Breathe Again,The Pop Years 1994 - 1995,1993,267.33669,0.7379725284,0.555968803752,r&b/soul,rnb; soul; female vocalists; 90s; pop,447,78,84.864598,0,157.02138669792757,129.31944894767994,0.16164931118459994,0.287409222688501,0.328735930585923,blessthefall,Witness
TREAJPF128F429E1E2,SOVMWBZ12A8C13F641,ARYG6CU1187FB3852B,Milk Inc.,Breathe Without You,The Best Of (without Sunrise),2003,217.05098,0.652801354921,0.443098946532,electronic,trance; dance; vocal trance; techno; euro trance,150,54,33.985291,0,107.17753020521195,93.15354187135537,0.11644192733919422,0.2930829531069865,0.32226887145713873,blessthefall,Witness
TRMUKCM128F42731D1,SOQLWZF12A8C132AAB,ARJ8MZP1187B9AF422,Beverley Craven,Say You're Sorry,Mixed Emotions,1999,268.59057,0.582181762656,0.371316711892,jazz,Mellow; jazzy; Love; singer-songwriter; female vocalists,228,85,42.76681,0,120.7463174757504,98.91910160843103,0.1236488770105388,0.27251282932316884,0.3137751586764972,blessthefall,Witness
TRXNMLB128F92ED60B,SOBOLPJ12A8C14403E,ARPJ41Z1187B989CE7,Keith Anderson,Lost In This Moment,C'MON!,0,273.71057,0.703009129887,0.483916829483,country,country; country rock; Keith Anderson; modern country; l,313,95,47.296934,0,155.15467997718423,133.24034783960883,0.16655043479951104,0.3472237984133604,0.3820945757753572,HIM,Heartache Every Moment
TRMVVDP128E0787806,SOTQRPK12A67020473,ARGVJPK1187B9909EA,Josh Groban,When You Say You Love Me (Album Version),Closer,2003,272.37832,0.765357013064,0.755149913058,classical,Josh Groban; Classical; Ballad; male vocalists; pop,271,99,45.055521,0,103.21266013037489,83.69796794690632,0.1046224599336329,0.274523905166022,0.3172713853942507,HIM,Heartache Every Moment
TRTZHIZ12903CAEC08,SOOOZOZ12AB0188F59,ARB4ZRM1187B993147,Dark Fortress,Hirudineans,Ylem,2010,295.96689,0.633932725779,0.416529399637,metal,melodic black metal,196,113,17.435596,0,87.66487416452317,71.47928445814092,0.08934910557267615,0.2720585584365118,0.31364176532809396,HIM,Heartache Every Moment
TRXZVAD128E078F34E,SOAPLMT12A58A7CE6C,AREHK7O1187B9ADDD7,The Cardigans,Explode,Gran Turismo,1998,244.89751,0.74987636719,0.528302262284,pop,pop; female vocalists; rock; alternative; the cardigans,153,58,29.715316,0,67.48910395232971,59.73977042511203,0.07467471303139003,0.31614831031258805,0.3430875046438105,HIM,Sigillum Diaboli
TRIKPWO128F4265FA9,SOIKZCP12A8C130073,AR9I1L41187FB37F0E,Harry Connick_ Jr.,We Are In Love,Harry Connick_ Jr./We Are In Love,1990,160.93995,0.691133728644,0.53105019318,jazz,jazz; swing; Big Band; harry connick jr; Love,253,73,40.0,0,87.78679636513614,74.93053550675721,0.09366316938344652,0.296232696945575,0.32995856658807343,HIM,Sigillum Diaboli
TRHJXVO128F9308F9F,SOIZCFT12A8C143F35,ARDKBON122BCFCC434,The Mick Fleetwood Blues Band,Black Magic Woman,Blue Again,2008,518.5824,0.288823568646,0.0,blues,Fleetwood Mac; blues rock; British Blues,189,58,34.510868,0,79.33469517985137,68.8879955301075,0.08610999441263438,0.28487640572782125,0.31448073864894466,HIM,Sigillum Diaboli
TRNOOJX128F14570D2,SOEAYHH12A6D4F6373,AREFVTN1187FB40ACA,Juice Newton,Lay Back In The Arms Of Someone,Juice Newton's Greatest Hits,1987,212.58404,0.635427332025,0.40055980488,country,Alt-country; female; rock; favourite; country,267,67,50.537115,0,51.00385519263834,45.52745416954791,0.05690931771193489,0.30282805996842643,0.3271515133529805,As I Lay Dying,Refined By Your Embrace
TRHOONO128E0786019,SOMMEMK12A6701BF30,AR24K5Z1187B9B4BFC,Patrizio Buanne,A Man Without Love,The Italian,2004,204.59057,0.62559072072,0.426757169605,pop,Patrizio Buanne; romantic; Love; pop; male vocalists,257,82,44.339599,0,52.55538052249886,45.323124025688784,0.05665390503211098,0.2781708970132006,0.30794804319753805,As I Lay Dying,Refined By Your Embrace
TRUYHIL128F92E4B2C,SOKDXMC12A8C1445CD,ARTMSN91187FB3A3B7,Annihilator,Hunter killer,Carnival diablos,2002,550.03383,0.684727703014,0.524428336239,metal,thrash metal; thrash; Blackened,238,66,46.368092,0,36.60159264439386,32.22377649405038,0.04027972061756297,0.27678856069330143,0.30276101972543623,As I Lay Dying,Refined By Your Embrace
TRRZAFM128F92CFFA4,SOJOBMX12A8C141260,ARX94AN1187FB4B54B,Hollywood Undead,Pain,Swan Songs,2009,161.25342,0.703475783381,0.576625773695,hip hop,rapcore; alternative rock; hollywood undead; rap; experimental,371,124,56.044625,0,109.28505766146198,89.96560961875251,0.11245701202344063,0.31244510449372437,0.354463764727756,As I Lay Dying,The Innocence Spilled
TRNOEST128F422AD89,SOGOAVW12A81C22D0A,ARW5R811187B98BC96,My Dying Bride,Grace Unhearing,Like Gods Of The Sun,1996,439.19628,0.689400989548,0.485309388229,metal,doom metal; metal; My Dying Bride; Doom; slow deep n hard,210,80,36.180105,0,86.54553072885733,73.78209621569367,0.09222762026961709,0.304404622551737,0.3391252081267467,As I Lay Dying,The Innocence Spilled
TRAUYZG12903CDA4E9,SOFZXTF12AB018D64B,ARDVZTE1187FB5A0A1,Bon Jovi,This Ain't A Love Song,These Days- Special Edition,1995,432.97914,0.839297677568,0.71889145567,rock,rock; bon jovi; hard rock; rock ballads; 90s,399,119,60.959003,0,94.16354893178477,74.41454257040776,0.0930181782130097,0.26859565740675917,0.3156780898318001,As I Lay Dying,The Innocence Spilled
TRLCONT128F421FF97,SONDMQY12A8AE471EB,ARFTMW71187B98E9E4,Knapsack,Simple Favor,Day Three of My New Life,1997,182.96118,0.57892707101,0.371790109077,punk,emo; knapsack,125,52,20.469489,0,57.32316517742325,50.590211359150786,0.06323776419893848,0.2946910602492789,0.32121950414190975,August Burns Red,An American Dream
TRCWVLO128F421A0B2,SOAVFQC12A6D4FCAE5,AR6A1DO1187FB4821F,Good Riddance,Torches and Tragedies,My Republic,2006,87.90159,0.649598343701,0.490569819253,punk,punk rock; punk; melodycore,185,112,19.949937,0,59.700964089549714,47.27390601534382,0.059092382519179774,0.24009614529238618,0.2842193240610487,August Burns Red,An American Dream
TRLMNJK128F4243FBA,SOPKWQR12A6D4FCE17,ARROR541187B9B0BBE,Lard,Moths,Pure Chewing Satisfaction,1997,297.40363,0.568173075512,0.39470194226,punk,industrial; industrial punk; industrial metal; jello biafra; heavy bottom end,184,124,16.186414,0,60.19637874255044,48.13673162552144,0.0601709145319018,0.23669231760248982,0.2788006075204048,August Burns Red,An American Dream
TRPLRVY128F1473EBE,SOTCEXG12A6D4F60FE,AREACYD1187FB566DE,Enya,Someone Said Goodbye,Amarantine,2005,240.69179,0.80737460672,0.578931037104,electronic,new age; celtic; female vocalists; ambient; folk,234,69,41.279535,0,92.04366437661143,72.30677232466113,0.09038346540582641,0.24806183363252915,0.29521137992683744,Underoath,The Changing Of Times
TRTBBGQ128E078FE63,SOKFCFL12A67020A05,ARIVLZV1187B9AB4DB,Kelly Price,Don't Say Goodbye,Soul Of A Woman,0,268.85179,0.677729080915,0.494205188785,r&b/soul,rnb; kelly price; slow jams; soul; chill,381,98,60.967204,0,113.52238960664084,82.9181825829668,0.1036477282287085,0.2328854569275591,0.2936033595812697,Underoath,The Changing Of Times
TRXDRNU128F42743CE,SOVDJKC12AF72AADB0,ARL1AFK1187FB3B05B,REO Speedwagon,Wherever You're Goin' (It's Alright),Best Foot Forward,1985,304.45669,0.74260176225,0.528005282886,pop,80s; pop; Soundtrack; american,289,91,41.42463,0,108.82044191140389,83.84071583724959,0.10480089479656199,0.23983047750367723,0.2901893491617044,Underoath,The Changing Of Times
TRSMEAQ128F931801D,SOOKISG12A58A7DD94,ARUJHA21187FB57316,Jupiter Jones,Auf das Leben,Leise,2008,479.39873,0.596861228241,0.409242227626,folk,acoustic; german; punk rock; me; simply awesome,154,48,24.677925,0,307.1318244468566,295.64722370736706,0.36955902963420884,0.6502841048949571,0.6588487267524257,Haste The Day,Autumn
TRTDIKN128F932C08B,SOVCVON12A81C234BB,ARDI8UK1187FB369FB,Ohrbooten,Dschungelpartei,Spieltrieb,2005,235.83302,0.633048227746,0.489189878515,reggae,reggae; german; dancehall; ska; Favourites,255,78,46.054316,0,287.59066291136986,276.99230923583553,0.34624038654479444,0.6201010646471303,0.6287589858984453,Haste The Day,Autumn
TRPBCPV128F9302770,SODADBO12AB0186903,ARWAQTR1187FB38810,Rammstein,ROSENROT,ROSENROT,2005,234.65751,0.869176123612,0.580252216155,metal,industrial metal; metal; industrial; german; Rammstein,183,47,36.783148,0,276.6252778026202,265.70778564696536,0.3321347320587067,0.5876243824916733,0.5972369020175765,Haste The Day,Autumn
TRDFTPP128F427550C,SOWOPHG12A8C13DB44,ARGVJPK1187B9909EA,Josh Groban,It Came Upon A Midnight Clear (Album Version),Noel,0,253.07383,0.765357013064,0.755149913058,classical,christmas; Josh Groban; classic; Classical; male vocalist,144,44,35.341194,0,201.45265804122465,178.97322803178582,0.22371653503973227,0.28605924516687187,0.3100323398642787,Haste The Day,Chorus Of Angels
TRTAZFF128F425A282,SOAYVBE12A58A7BF08,AROFZYA1187B9AC863,Lemar,Lullaby,Dedicated,2003,204.042,0.644606789212,0.428514820477,r&b/soul,male vocalists; rnb; judely favourites; BEST MARTACAL; slowjamz,292,98,41.267421,0,198.06982351044186,158.84815833665834,0.19856019792082294,0.26104095466141614,0.30544901608623437,Haste The Day,Chorus Of Angels
TRESEJT128F4271B69,SORTJFD12B34F1C6D0,ARLNMV01187FB3ECA8,Little Big Town,From This Dream,Little Big Town,2002,267.80689,0.751328179205,0.62706073959,country,country; Little Big Town; Favourite Songs; From this dream,180,67,36.262929,0,142.4121391319672,120.21151901856359,0.1502643987732045,0.26979734112443493,0.30442831603746406,Haste The Day,Chorus Of Angels
TRNHPYS128F1460FAD,SONACBR12AF729D8D4,ART18T21187B98D04F,Cross Canadian Ragweed,17,Cross Canadian Ragweed,2002,319.242,0.739230337,0.515177401196,country,Alt-country; texas country; country; cross canadian ragweed -texas music; 17,299,125,43.451122,0,143.43863542910378,118.93466525250807,0.14866833156563508,0.33546639224869407,0.37680243779419564,Demon Hunter,Follow The Wolves
TRPFUBG128F934AD31,SOUXYDI12AB0184512,ARGSXDC1187FB3EFC4,Amon Amarth,Abandoned,Once Sent From The Golden Hall,1998,359.81016,0.833043696851,0.500403123485,metal,Melodic Death Metal; viking metal; death metal; swedish; Viking Death Metal,242,124,28.982753,0,120.66981848256815,98.0579640428757,0.12257245505359463,0.28595177456489923,0.3290833905961347,Demon Hunter,Follow The Wolves
TREBGVR12903CFB56B,SOZOJYV12AC468D2F6,AR98AOE1187B9AC952,Dismantled,Extirpation,Dismantled,2001,373.9424,0.540902390705,0.37589328673,electronic,electronic; industrial; ebm,111,72,11.18034,0,76.36466047551444,65.47257911721906,0.08184072389652382,0.27760799650924145,0.3094926735779371,Demon Hunter,Follow The Wolves
TRHJYWA12903CF0831,SOVRJZN12AB0180DEA,AREH0O41187FB4C405,Skinlab,No Sympathy (for The Devil),Disembody : The New Flesh,1999,227.65669,0.729867325353,0.417882034272,metal,metal; metalcore; thrash metal; daves; Aeldbren,112,17,28.248894,0,101.04453204169519,95.05233987322272,0.1188154248415284,0.3463201609645728,0.35744887934532726,Demon Hunter,I Am You
TRTKAVS128F93096FD,SOWFFAB12AB01805A1,ARYE9E71187B9AA1B3,Flobots,Rise,Rise,2007,252.36853,0.823548644775,0.559270388355,hip hop,Hip-Hop; alternative; hip hop; alternative rap; rap,370,142,71.770467,0,189.16711404380203,158.37398421918863,0.19796748027398578,0.3105405463170898,0.3495283964705548,Demon Hunter,I Am You
TRWPSUL128F934AF4E,SOOAVFU12AB0187C2E,AR5Z3L01187B99C5A9,Cannibal Corpse,Sentenced to Burn,Gallery Of Suicide,1998,186.01751,0.659283468517,0.562819337042,metal,death metal; Brutal Death Metal; grindcore; metal; really fucking good,234,82,24.718414,0,135.92494863564963,116.64823397889118,0.145810292473614,0.28890496158877127,0.321278154643634,Demon Hunter,I Am You
TRMIVIX128F42731D4,SOEFCUV12A8C133AB2,ARJ8MZP1187B9AF422,Beverley Craven,Phoenix From The Fire,Mixed Emotions,1999,226.53342,0.582181762656,0.371316711892,folk,Mellow; singer-songwriter; vocal; jazzy; female vocalists,245,74,41.182521,0,90.28563234253699,73.56768625792395,0.09195960782240493,0.26874607657498556,0.3108174752756853,Demon Hunter,The Science Of Lies
TRWWVGC12903CB5C50,SOBSJQH12AB01876C3,AR6LZB61187B9AF431,Depeche Mode,Freestate,Ultra,1997,403.33016,0.814319340519,0.606338757713,electronic,electronic; Depeche Mode; new wave; synthpop; synth pop,136,65,20.736441,0,82.02385479128522,69.15253109727254,0.08644066387159068,0.2738895618092068,0.30874698251049293,Demon Hunter,The Science Of Lies
TREISQD128F9302F47,SOZTVJS12AB018493D,ARHILS61187FB3C363,Nothingface,Incarnadine,Skeletons,2003,224.41751,0.626826234766,0.391805183618,metal,alternative metal; metal; rock; hard rock; Nu-metal,357,155,35.383612,0,133.33401656328098,94.80130282785031,0.11850162853481289,0.24286035675673512,0.30846553058903103,Demon Hunter,The Science Of Lies
TRVADAK12903CDDEEB,SOXGJUM12A58A816BA,ARH69GN1187B997256,Wolverine,Towards Loss,The Window Purpose,2001,355.10812,0.552724476049,0.372336194248,metal,metal; Progressive metal; swedish; melancholic; NGD,296,130,31.0,0,162.06616732626026,122.23791016735227,0.15279738770919032,0.26648264949065664,0.3233351987910357,Ozzy Osbourne,Slow Down
TRPOKET12903CB2D00,SOISVPQ12AB0184D33,ARNF13I1187FB562A5,Massive Attack,Saturday Come Slow,Heligoland,2010,223.65995,0.773048027297,0.577617539889,electronic,trip-hop; damon albarn; electronic; british; 2010,86,33,19.157244,0,59.884671299490925,53.06476937194693,0.06633096171493366,0.27308114225768443,0.29636764645409075,Ozzy Osbourne,Slow Down
TRFPMSD128F427AB6B,SOGRZHT12A8C13CE02,ARSF6AM1187FB58133,Room Eleven,Swimmer,Mmm... Gumbo?,2008,190.48444,0.608620460178,0.452819712406,jazz,jazz; mmmgumbo; indie; touching; New Live,136,64,18.11077,0,92.20049118334362,74.94194043154017,0.09367742553942522,0.24521644368448578,0.2855448676968478,Ozzy Osbourne,Slow Down
TRDIJWJ128F147F282,SOQFJCD12A6D4F7F50,ARC87OG1187B99F540,Julie Roberts,That Ain't A Crime,Men & Mascara,2006,210.05016,0.711497240423,0.421595992043,country,country; female; heartache; country pop; muyeres,158,58,28.740216,0,64.50018242976641,54.716871800427086,0.06839608975053385,0.2739722165472109,0.3078758364927148,Ozzy Osbourne,Steal Away (The Night)
TRZUSDT128F4264391,SOENLCN12A8C131B1E,ARAEX7Y1187FB42D36,Toni Braxton,Snowflakes Of Love,Snowflakes,2001,276.79302,0.7379725284,0.555968803752,jazz,holiday; christmas; Winter Wonderland; Christmas tag; jazzysxmas,178,87,25.980762,0,68.13793270166242,56.008851776395254,0.07001106472049407,0.25971269987909906,0.2990072217284643,Ozzy Osbourne,Steal Away (The Night)
TRRZZOH128F42ADA09,SOOUWSW12A8C140009,ARL7YU61187B9B85D7,G4,Remember Me,G4 And Friends,2005,244.63628,0.592374984203,0.382277100792,classical,classical crossover; G4 Remember Me; vocal; male vocalists; chorus,186,96,23.579652,0,67.8859766855454,53.77845311193427,0.06722306638991783,0.24703530120997308,0.2922491542402075,Ozzy Osbourne,Steal Away (The Night)
TRQNGIX12903CF36EB,SODHZEN12AC960DA00,AR60ODO1187FB4D9AB,Joan Baez,Black Is The Color,Rare_ Live And Classic,1959,148.27057,0.732261286176,0.455289243597,folk,folk; female vocalists; best songs ever; flawless; best of joanie baez,123,47,23.430749,0,88.54692472175152,79.32592379997935,0.09915740474997418,0.3383101776021643,0.36205170063141234,Megadeth,Black Curtains (2004 Digital Remaster)
TROFTGV128F1458F77,SOFXFVR12A6D4F792C,ARDG9Z71187B997023,Public Image Ltd,Bags,Compact Disc,1985,327.57506,0.684994896581,0.41551708286,punk,Post punk; rock; 3 stars; Public Image Ltd; seen performed live,131,55,19.874607,0,74.12176152864309,65.5517408873842,0.08193967610923025,0.3014616545966657,0.3267888346396581,Megadeth,Black Curtains (2004 Digital Remaster)
TRWXPSX12903CEB577,SOZNHOP12A67ADB12D,AR8S6R11187B9B0407,Nevermore,C.b.f.,Nevermore,1995,362.1873,0.667327003914,0.45403627739,metal,Progressive metal; thrash metal; progressive thrash metal; metal; contains eternal truths,174,90,19.0,0,79.10096322892164,62.92076343709852,0.07865095429637316,0.2613624996242542,0.30779648944062227,Megadeth,Black Curtains (2004 Digital Remaster)
TRSWSPD12903D01A14,SOGASNS12AF72A5AEF,ARNVVXC1187FB392EE,Poisonblack,Never Enough,Lust Stained Despair,2006,254.22322,0.668171464089,0.483574938149,metal,Gothic Metal; metal; finnish; finnish metal; rock,203,59,37.067506,0,132.43104359653742,114.70276979658854,0.14337846224573567,0.32471283504079684,0.3567792661604271,Megadeth,Die Dead Enough
TRYEMUJ128F92E0392,SODSJPM12AB017B07F,ARK8EHO1187B9B71D1,Shamen,Lightspan,En-Tact,1990,276.21832,0.605880471066,0.393660867924,electronic,techno; tribal; electronic; Acid; club,34,8,12.165525,0,49.184975787059315,46.237289168482626,0.05779661146060328,0.31112360782229764,0.3205644288783518,Megadeth,Die Dead Enough
TROBKGY128F42644E4,SOBRDAF12A6D4F9081,ARUTVKN1187B9A3120,Chris Garneau,Hymn,Music For Tourists,2007,102.08608,0.682576639888,0.450919185064,folk,singer-songwriter; Mellow; indie; Love; american,52,29,11.357817,0,60.61599025720685,53.97678788972562,0.06747098486215702,0.2896841928032936,0.31279323227913175,Megadeth,Die Dead Enough
TRJLMAI128F92EBB04,SOLMEOG12A8C142046,ARJT1PO1187FB52E7D,Marques Houston,Naked,Wendy Williams Brings The Heat Vol. 1,0,264.98567,0.740455341569,0.492729093193,r&b/soul,naked; rnb; sexy; Marques Houston - Naked; soul,516,145,64.621978,0,227.42104463046087,182.4645366646753,0.22808067083084413,0.2746487022894317,0.3160502844539314,Drowning Pool,Bodies
TRHHMHF128F423F004,SOTWZMD12A58A767D3,AR01HKT1187B996F26,Mountain Goats,Have To Explode,Tallahassee,2002,201.56036,0.715941051837,0.520010994102,rock,indie; I SPEAK IN SMOKE SIGNALS AND YOU SPEAK IN CODE; folk; indie rock; makes you a tiny boat in the middle of a massive sea,137,92,12.961481,0,119.46210087139937,101.9755513510801,0.12746943918885012,0.2787024723162312,0.31081694712374497,Drowning Pool,Bodies
TRJASND128F92E6260,SOZWLHR12A8C13F211,ARTOG9T1187B99074E,Will Smith,Switch,Ultimate R&B,2005,196.57098,0.775946377619,0.596233636089,hip hop,Hip-Hop; rap; dance; hip hop; pop,538,160,75.835348,0,243.25381019761465,196.61809938694245,0.24577262423367807,0.2656357442331093,0.30584586310547823,Drowning Pool,Bodies
TRDCRSJ128F934AE59,SOIYBAN12AB0183553,AR5Z3L01187B99C5A9,Cannibal Corpse,Mummified in Barbed Wire,Vile,1995,189.1522,0.659283468517,0.562819337042,metal,death metal; Brutal Death Metal; metal; cannibal corpse; grindcore,182,80,16.613248,0,65.83170064633072,56.82053164095062,0.07102566455118828,0.29760713014815354,0.32923607488933876,Cannibal Corpse,Rotting Head
TRNTOIK128F42586F1,SOBUYOW12A58A7B4FF,ARKIQCZ1187B9A7C7C,Bauhaus,The Sanity Assassin,Crackle,0,253.59628,0.743706886863,0.479770144592,punk,post-punk; Gothic; goth; new wave; Gothic Rock,189,88,28.407745,0,68.32352256766661,57.495160985069354,0.07186895123133669,0.28886058135557413,0.325502472247339,Cannibal Corpse,Rotting Head
TREOTUB128F4294FD4,SOFEEHI12A8AE4884F,ARH3TO11187FB39019,Rory Gallagher,Bourbon,Jinx,1982,243.51302,0.680883300105,0.490098730917,blues,blues rock; rock; blues; fecking great; roy gallagher,286,113,35.355339,0,84.38797072786285,66.17988852977058,0.08272486066221323,0.25519330787828837,0.3030114022972633,Cannibal Corpse,Rotting Head
TRRUKSD128F9322FEF,SONYFZL12AB018468A,AROQMWV1187FB3781A,Jill Scott,Brotha,Who Is Jill Scott?,2000,207.80363,0.814622989079,0.53031515062,r&b/soul,Neo-Soul; soul; smooth; jazz; chill906,263,59,63.261363,0,349.9894177687306,326.4627856546661,0.40807848206833264,0.4916722931658627,0.5087892481630195,Slipknot,Gehenna
TRCQZCM128F425FD8C,SONGPQL12A8AE45DE5,ARA3I0J1187FB57869,Blink-182,GO,Greatest Hits,2003,111.75138,0.851351443053,0.582346373958,punk,punk rock; pop punk; punk; alternative rock; rock,192,76,40.373258,0,290.4875526686469,266.6195052581842,0.3332743815727302,0.48519012023933716,0.5066150452128548,Slipknot,Gehenna
TRCIOCW12903CD1DD6,SODGIKA12AB0189D13,ARDN4WU1187FB4CFB1,999,Me And My Desire,999,1978,229.35465,0.57798944235,0.46980983721,punk,punk; punk rock; 77davez-all-tracks; Old School Punk; three,184,72,27.349589,0,243.3763335309001,222.59167606922986,0.27823959508653734,0.47388469849930676,0.4961618741398865,Slipknot,Gehenna
TRYCBLK12903CE6A0E,SOWQRYJ12AB0189461,ARJ5LS21187B991003,Twiztid,She Ain't Afraid,Psychopathics From Outer Space,1998,361.50812,0.738651094386,0.490733207715,hip hop,psychopathic; Horrorcore; cocaine; Porno; porn,1102,277,117.826143,0,260.3357690992652,181.50577421785417,0.2268822177723177,0.26675624778825274,0.33842819668095936,Slipknot,[sic] [Explicit]
TRTVTYS128E0792887,SORCZHK12A6701FFB0,ARTH9041187FB43E1F,Eminem,Rabbit Run,8 Mile,2002,190.53669,0.871010615313,0.804830427831,hip hop,rap; Hip-Hop; Eminem; Soundtrack; american,674,245,80.870266,0,206.12277650179732,140.6124724269304,0.175765590533663,0.2564912198952109,0.33084055460952555,Slipknot,[sic] [Explicit]
TRHKKHO128F930E29C,SOAVHTM12AB017BC68,ARV0LBM1187B9B5592,Pissed Jeans,I'm Sick,Shallow,2007,142.91546,0.659279303057,0.404001057474,punk,noise; punk rock; noise rock; hardcore; noisy,97,35,30.347982,0,74.13929391542989,66.11976850335829,0.08264971062919786,0.30488253313177216,0.3274852359216364,Slipknot,[sic] [Explicit]
TRZLOFI128F9326477,SOCAMNI12A58A7AD9B,AR1F2QS1187FB374C0,Rupaul,Tranny Chaser,Champion,2009,213.68118,0.614142994979,0.431231103973,pop,pop; dance; male vocalists; lol; Mike Andrews Sex,394,92,63.395583,0,149.75278470781586,124.82882857756087,0.1560360357219511,0.2987520730294868,0.33775231203874523,Nine Inch Nails,Gunshots by Computer
TRGAFJY128F1464C16,SOLCSXJ12A6D4F854B,AR2XJGJ1187B9986A9,Houston,Twizala,It's Already Written,0,218.20036,0.568227980581,0.433325272258,r&b/soul,rnb; searching for love; brain2brain,524,108,81.547532,0,169.01891126197535,142.09994697428,0.17762493371785,0.29277099728480416,0.32973176482895294,Nine Inch Nails,Gunshots by Computer
TRJNTQQ128F426BFD0,SOVXWMI12A8C13B667,AR4DW2Q1187FB44DB6,Billy Currington,Here I Am,Doin' Something Right / Billy Currington,2005,221.17832,0.782033807011,0.752100873183,country,country; billy currington; here i am; male vocalists; Tim McGraw,232,90,28.425341,0,109.03585642900472,90.58555429984398,0.11323194287480497,0.2511467740308971,0.2875504279345019,Nine Inch Nails,Gunshots by Computer
TRZZKOL128F93112EF,SOGRYFE12AB01840EE,ARU3BQ91187FB5A3D6,Animal Collective,No More Runnin,Merriweather Post Pavilion,2009,263.33995,0.669846196085,0.577314830829,electronic,experimental; electronic; chillout; indie; psychedelic,281,78,41.19466,0,83.91749507050984,73.34766155064915,0.09168457693831143,0.29051726240544895,0.3182827193101443,Killswitch Engage,Hope Is... (Album Version)
TRXNMLB128F92ED60B,SOBOLPJ12A8C14403E,ARPJ41Z1187B989CE7,Keith Anderson,Lost In This Moment,C'MON!,0,273.71057,0.703009129887,0.483916829483,country,country; country rock; Keith Anderson; modern country; l,313,95,47.296934,0,100.93596372122829,86.81395565835213,0.10851744457294016,0.2794488656914022,0.30957927141529873,Killswitch Engage,Hope Is... (Album Version)
TRNEYNN128F92C21F7,SOZEFCO12D02193313,ARLMXEA1187B9A7D04,R. Kelly,Rise Up,Double Up,2007,211.93098,0.811506286892,0.796033968652,r&b/soul,rnb; soul; pop; hip hop; Hip-Hop,561,145,92.081486,0,130.47799805605806,108.04223593009628,0.13505279491262034,0.25995333351900385,0.29520071309094903,Killswitch Engage,Hope Is... (Album Version)
TRVEUUV128F428AB29,SOEFPNV12A8C13A346,ARACDPV1187FB58DF4,Motion City Soundtrack,Cambridge (Album Version),I Am The Movie,2002,150.17751,0.823052186756,0.641018309394,punk,pop punk; rock; alternative; emo; alternative rock,151,76,16.822604,0,84.67739931318944,67.81281261802566,0.08476601577253208,0.29361608875213757,0.34077104523252494,Opeth,The Moor
TRKTGZZ128F932A9E2,SODECSA12AB0183964,AR4JARH1187FB47284,Cinderella Effect,Standing,Pearls,2006,341.10649,0.525563952122,0.456866168865,electronic,darkwave; ambient; Gothic; electronic; female vocalists,319,111,39.471509,0,108.86942564615188,77.92087417580714,0.09740109271975893,0.23470451442245133,0.29993714280626016,Opeth,The Moor
TRFMQRD128F42890E5,SOZCUTM12A8C13D95F,ARC7HL11187B99806E,Maria McKee,Turn Away,Peddlin' Dreams,2005,203.38893,0.625076976344,0.405825953878,country,Alt-country; beautiful; laid back; Adult Alternative; melancolia,155,67,25.455844,0,67.79370520491442,51.17954306314386,0.06397442882892983,0.23061836565091126,0.28355636388522754,Opeth,The Moor
TREUPHA128F4278F34,SOTLPVB12CF5CFD7F3,ARXPPEY1187FB51DF4,Michael Jackson,Baby Be Mine,Thriller,1982,260.33587,0.855245195586,0.899991594263,pop,pop; 80s; michael jackson; soul; funk,377,120,56.071383,0,127.36539801835669,92.1601319573872,0.11520016494673399,0.25637597969732107,0.32267810931970015,Atreyu,This Flesh A Tomb (Instrumental Version)
TRNHATG128F428BC8A,SOVSGRO12A8C138859,ARDCFNZ1187FB3DDB0,Enrique Iglesias,Little Girl,Insomniac,2007,225.90649,0.827357260054,0.752927890401,pop,slow; pop; latin; Love; male vocalists,234,71,45.343136,0,106.58572546460906,82.57759212560238,0.10322199015700298,0.2669188066923408,0.31934260908347745,Atreyu,This Flesh A Tomb (Instrumental Version)
TRANDPI128F425AF41,SOAAZWW12A8AE460E9,AR7OWGF1187FB44CB8,Alice Smith,Dream,For Lovers_ Dreamers & Me,2006,268.64281,0.667993539338,0.450285841217,r&b/soul,female vocalists; Neo Soul; soul; rnb; The L Word,255,107,37.762415,0,100.08892877191515,70.87169233940729,0.08858961542425911,0.24915600758711443,0.31897456620167003,Atreyu,This Flesh A Tomb (Instrumental Version)
TRTLIKK128E07862DA,SOKTWCO12A67020DC0,ARM9HR61187B9AD75A,Ja Rule,One of Us,Rule 3:36,2000,356.85832,0.77983324054,0.541519545221,hip hop,Ja Rule; Hip-Hop; east coast rap; 2000; rappers,996,215,158.347719,0,148.74866210284603,104.55953907546896,0.1306994238443362,0.24869524523619788,0.31705914276681524,For Today,A Higher Standard
TRFZIBC128F4236D35,SOGBZGM12A3F1E9B2F,ARJC4N31187B9B2A21,Innocence Mission,Migration,Small Planes,2001,254.58893,0.303183474269,0.421093064147,folk,folk; indie; vocal; see on armastus,107,53,19.646883,0,43.521360633568804,37.23491026145687,0.04654363782682108,0.277712816407457,0.3093155651779977,For Today,A Higher Standard
TRMQMTC128F428A516,SOSTMID12A8C13A27B,AR46CAD1187FB4D84B,Bad Religion,Automatic Man (Album Version),All Ages,1995,98.97751,0.858677441848,0.59932005522,punk,punk rock; american,159,89,22.203603,0,55.59402639921165,44.7409985387103,0.05592624817338788,0.26269244461193586,0.3068543734078564,For Today,A Higher Standard
TRCMDXE128F92EC048,SOBCLSR12A58A7D1CC,ARXYVR61187B9A8E41,Biohazard,Domination,Uncivilization/Special Edition,2001,264.48934,0.686626333621,0.441820461441,metal,metal; heavy; hardcore; post-hardcore; argh,241,121,25.845696,0,57.1212657410362,46.288469964995905,0.05786058745624488,0.25348135153480644,0.2950622228917658,For Today,Redemption
TRCICCA128F4234B4E,SOKYPQH12D021919BA,ARVNNXD1187B9AE50D,Marvin Gaye,God Is My Friend,I Heard It Through The Grapevine,1991,120.18893,0.813200719823,0.568625281583,r&b/soul,soul; motown; live performance; political; rhythm and blues,182,59,30.182777,0,63.3988703740249,53.50494664996922,0.06688118331246153,0.2607535995559978,0.2947492749564852,For Today,Redemption
TRLOJQC128F932A9E6,SOGGJQG12AB0180A49,AR4JARH1187FB47284,Cinderella Effect,Call the Ships to Port,Pearls,2006,261.56363,0.525563952122,0.456866168865,electronic,covers; electronic; futurepop; ebm; cover,254,110,24.248711,0,65.68620698538744,52.71567110321222,0.06589458887901528,0.24426707091058364,0.28685682836099485,For Today,Redemption
TRNQVNC12903CBE8E7,SOFGAJJ12AB0186CEB,AR6GLH81187FB3837C,Sunk Loto,5 Years Of Silence,Between Birth & Death,2003,226.01098,0.51958463858,0.447127677013,metal,metalcore; badness,135,43,25.806976,0,71.99531387138023,65.7158965503837,0.08214487068797963,0.3405695842476411,0.3609821262274906,Lamb Of God,We Die Alone (Bonus Track)
TRFTCKF12903C9D9E3,SOWSLGU12AB018BF04,AR65OLD1187FB5C103,P.o.d,Rise Against,When Angels and Serpents Dance,0,291.3171,0.859873311989,0.533085375157,metal,Nu Metal; metal; rock; alternative; alternative rock,230,63,38.548671,0,103.76069494968961,91.27090831186689,0.11408863538983362,0.3310619135614877,0.3600149701154307,Lamb Of God,We Die Alone (Bonus Track)
TRLXWYX128F426C74C,SOVTORV12A8C134EE9,ARLCQVB1187FB49297,UnsraW,-9-,Spiral Circle,2006,205.42649,0.521006652033,0.427504699337,rock,visual kei; J-rock; unsraw; death metal; metal,32,22,6.855655,0,43.172991622390185,40.669076640486935,0.05083634580060867,0.3428804587614006,0.3546834644604174,Lamb Of God,We Die Alone (Bonus Track)
TRJOZBA128F9316640,SOPJTYU12AB017C352,AR37ESG1187B9924CD,Ark,Heal The Waters,Burn The Sun,0,397.68771,0.597185572816,0.463022401317,metal,Progressive metal; metal; Progressive rock; ark; rock,226,100,21.977261,0,140.11826357706167,117.01382425029762,0.14626728031287203,0.2735044027297392,0.3104811678605333,STRATOVARIUS,Elements
TRDSHMN128E078F1D1,SODLLYI12A6310D827,ARMDWND1187B9AEBE2,Black Uhuru,Utterance,Classic Black Uhuru - The Universal Masters Collection,1981,221.3873,0.706817022285,0.462733261249,reggae,reggae; roots reggae; dub; roots; Rasta,164,73,21.977261,0,110.39936096813766,92.62235256928253,0.11577794071160316,0.264751490090241,0.3002066674209912,STRATOVARIUS,Elements
TRNBZTB12903CB120D,SOOXERV12AB01862D5,ARZYJO61187B98F4B9,Stoa,Infant Joy,Urthona,1993,165.53751,0.576769758844,0.396900575545,classical,Gothic; ethereal; neoclassical; verenkor; darkwave,48,25,11.224972,0,80.52209077593088,73.67496942931704,0.09209371178664631,0.27474957418937007,0.2916341838466242,STRATOVARIUS,Elements
TRAXPGM128F428BBA6,SOKHAHZ12A8C138045,ARBM4TC1187FB5CE98,Natalie Cole,Don't Get Around Much Anymore,Unforgettable: With Love,1991,154.61832,0.690447549773,0.507781667405,jazz,old timey; cover me; My Jazz; jazz tracks; Jazz Blues NPR,130,56,19.104973,0,103.36853399563252,91.82057200901491,0.11477571501126864,0.3186512232293503,0.34489333646637077,STRATOVARIUS,Know The Difference
TRXKSAZ12903CAFB8E,SOYZWQN12AB018785F,AROQMWV1187FB3781A,Jill Scott,He Loves Me (Lyzel In E Flat),Jill Scott Live In Paris,2000,661.2371,0.814622989079,0.53031515062,r&b/soul,soul; Neo-Soul; rnb; Love; jazz,184,61,47.286362,0,81.72243530947544,71.900136790152,0.08987517098769,0.30382686629499095,0.3315329064185237,STRATOVARIUS,Know The Difference
TRKVLUS128EF345FD0,SOJDOSA12A67AD86C0,AR3VF281187B9B4451,Field Music,You're Not Supposed To,Write You Own History,2006,156.73424,0.66430016703,0.467144294858,r&b/soul,lastfm music video club; FunkPopARoll; sitrc: handclaps; ha ha Sunderland; probably couldnt live without it,111,40,27.766887,0,62.38051045498476,56.53905612488264,0.0706738201561033,0.30597807824649353,0.3270601110158287,STRATOVARIUS,Know The Difference
TRXOKDI12903CE3F75,SOGYPSN12A8C142286,ARP3XW41187FB40636,Saliva,Bleed For Me,Moving Forward In Reverse: Greatest Hits,2003,240.03873,0.860849894515,0.555047255944,rock,rock; hard rock; Nu Metal; alternative rock; Saliva,298,70,47.916594,0,154.2423848584068,141.4876896550143,0.17685961206876788,0.3545477174956443,0.37331310224161196,System of a Down,Peephole
TRWTRMR128F1499D24,SOSNACR12A6D4FADE1,ARZJ49W1187B9A4A9B,Marvin Sease,Stuck In The Middle,20th Century Masters: The Millennium Collection: The Best Of Marvin Sease,2003,363.2322,0.522479408426,0.386440010644,blues,old skool; marvin sease; blues; soul; chitlin circuit,381,115,55.344376,0,185.4966308559197,166.04067230713727,0.20755084038392158,0.33070546841179466,0.3528544642896407,System of a Down,Peephole
TRNYSCS128F427055D,SOIABIT12A8C1406A4,ARYN2HS1187FB4CD67,Archers Of Loaf,Web In Front,The Loaf's Revenge,1993,125.25669,0.609008140768,0.456057111293,rock,indie; indie rock; alternative; Pitchfork 500; 90s,226,79,30.935417,0,104.17233590561828,94.45284572473989,0.11806605715592486,0.3066420865954587,0.32685003376437266,System of a Down,Peephole
TROMMRU128F4250C74,SOJEHCU12A8C135F07,AR940HF1187B99CB72,Classified,All About U,Hitch Hikin' Music,2006,272.90077,0.625813213015,0.461771925906,hip hop,Good Stuff; sxsw 2009; rap; The Shit; Nice music,575,216,75.006666,0,195.47279394058825,120.92939565297554,0.15116174456621942,0.24146492856686763,0.3388101800988016,Children Of Bodom,Hellhounds on My Trail
TRNUTPL12903D0517C,SOHBGBM12AB01866A9,ARMYAEZ12086C11AD9,Alexandra Burke,Gotta Go,Overcome,2009,240.45669,0.704062395244,0.501405492644,r&b/soul,rnb; pop; soul; female vocalists; british,318,72,57.297469,0,157.52998361890315,121.01248829221737,0.15126561036527172,0.276722508173302,0.33094759841282184,Children Of Bodom,Hellhounds on My Trail
TRFUJVJ128F426F2A2,SOONCPO12AF72A1986,AR8W8P31187B9A4063,Lauryn Hill,Interlude 5,MTV Unplugged No. 2.0,2002,734.48444,0.697206464376,0.580125198887,r&b/soul,ms hill; the realness; The Truth; true; rnb,1903,409,215.044182,0,347.2306020214621,165.0750966492775,0.20634387081159689,0.19385499705384288,0.32769750382445906,Children Of Bodom,Hellhounds on My Trail
TRZXETI128C71965F2,SOFBUAM12A6310D844,ARTSHHS1187B9947E4,Puressence,It Doesn't Matter Anymore,Only Forever,1998,269.94893,0.616317390846,0.443029938432,pop,brit pop; rock; covers; indie; alternative,330,97,47.864392,0,130.54425794430625,108.24760276203062,0.13530950345253828,0.33429922011213303,0.3771841602335383,Children Of Bodom,No Commands
TRQMYAZ128F146672E,SOZNYZV12A6D4F862A,ARRCBW21187B9B6183,Jon Secada,Take Me,Heart_ Soul & A Voice,1994,299.44118,0.656286161258,0.47604395532,pop,Mellow; easy listening; pop; top song radio; music to groove to,446,90,72.30491,0,122.31771634357426,98.03539509483805,0.12254424386854756,0.2910852345841323,0.3387268207065606,Children Of Bodom,No Commands
TRYPQUN12903D06214,SORPLDX12A8C13F28D,ARWMHM31187FB3C6D0,Conjure One,One Word,Extraordinary Ways,2005,279.562,0.65137199408,0.480672305118,electronic,new age; ambient; chillout; electronic; Conjure One,639,158,90.194235,0,146.3739924262501,110.05323944327755,0.13756654930409692,0.27085173045815014,0.32976723258166274,Children Of Bodom,No Commands
TRLAVNZ128F92E4275,SOABMLY12AF72A86B1,ARIWKUS1187FB55354,Coheed and Cambria,The Light & The Glass,In Keeping Secrets Of Silent Earth: 3,2003,563.82649,0.878313129146,0.603430162021,rock,Progressive rock; rock; Progressive; indie; emo,435,148,46.593991,0,189.35938714012264,127.61641816113237,0.15952052270141548,0.2194205994345863,0.293720289761126,Tori Amos,Mother (2006 Remastered Alternate Mix)
TRYIIMQ128F4279AA3,SONOYWK12A58A77D6B,ARM67BE1187B9AE4D8,Liza Minnelli,All That Jazz,Life Is A Cabaret - The Very Best Of Liza Minnelli,1999,187.08853,0.612887953323,0.417703815588,jazz,cabaret; vocal jazz; jazz; showtunes; easy listening,254,109,35.298725,0,116.16619210140026,85.68761376107733,0.10710951720134666,0.23473781784625392,0.2937048096281839,Tori Amos,Mother (2006 Remastered Alternate Mix)
TREMGLA128F931FAB3,SOCGGJI12AB017FC30,ARD80VO1187B991B4B,John Foxx,Plaza,A New Kind of Man,1980,347.32363,0.639257861479,0.452502867863,electronic,electronic; new wave; synthpop; 80s; new romantic,141,46,17.972201,0,87.76352769274149,74.41176704950871,0.0930147088118859,0.2529268075084911,0.2829537377348955,Tori Amos,Mother (2006 Remastered Alternate Mix)
TRJNBKB12903CEE0E6,SOIQMXH12AF72A288F,AR2EBRG1187B9B07C8,Old Man's Child,Soul Possessed,The Pagan Prosperity,1997,243.48689,0.635483455074,0.428441940289,metal,black metal; melodic black metal; Symphonic Black Metal; pagan metal; satan,98,55,13.56466,0,97.61155272606148,85.34343398442431,0.10667929248053039,0.33863318860301894,0.3691415970569101,Iron Maiden,Lord Of The Flies (Live In Dortmund)
TRDBOVM128F4268BB9,SOKQPSS12A8C136B9F,AR4FBUO1187B9B6072,Celtic Woman,May It Be,Celtic Woman,2005,225.88036,0.766132507012,0.527761030062,electronic,celtic; celtic woman; new age; female vocalists; irish,108,54,17.663522,0,100.24231256920302,86.7985482034295,0.10849818525428688,0.32032586433733534,0.3523104498948682,Iron Maiden,Lord Of The Flies (Live In Dortmund)
TRLLYKL128F426F270,SOQSJVX12AF72A431B,AR8W8P31187B9A4063,Lauryn Hill,Oh Jerusalem,MTV Unplugged No. 2.0,2002,534.5171,0.697206464376,0.580125198887,r&b/soul,soul; female vocalists; acoustic; Neo-Soul; lauryn hill,692,260,61.351447,0,184.9632302115551,130.91574847976563,0.16364468559970702,0.2619623713426647,0.3278260054008905,Iron Maiden,Lord Of The Flies (Live In Dortmund)
TRIUETR128F93202A8,SOVCJPR12AB017FE3C,ARZO0421187FB5C01A,Bettye Swann,Don't Look Back,The Money Recordings,2003,170.10893,0.530743509515,0.338899826234,r&b/soul,soul,275,83,44.373415,0,97.39352298815695,76.20107285830963,0.09525134107288703,0.27829825544971354,0.3301421506205488,Iron Maiden,Phantom Of The Opera (Live) (1998 Digital Remaster)
TRHDXOY128F42B3BE9,SOTDQSQ12A8C13F7BA,ARZH3SW1187B98C96E,Onyx,Slam Harder,Onyx/ Bacdafucup II,2002,277.86404,0.636582379001,0.421287262511,hip hop,Hip-Hop; rap; cool; hiphop; favorites,739,214,101.651365,0,164.3431252988251,118.64323306336239,0.148304041329203,0.26018328112216454,0.3265765429751827,Iron Maiden,Phantom Of The Opera (Live) (1998 Digital Remaster)
TRPUEFZ128F146269E,SORJMYG12A6D4F83D6,ARZH3SW1187B98C96E,Onyx,Slam,Hip Hop - Universal Masters,1993,216.73751,0.636582379001,0.421287262511,hip hop,Hip-Hop; 90s; rap; hip hop; new york,739,214,101.651365,0,164.3431252988251,118.64323306336239,0.148304041329203,0.26018328112216454,0.3265765429751827,Iron Maiden,Phantom Of The Opera (Live) (1998 Digital Remaster)
TREOUWD128F14903BB,SOXMCWD12A6D4FB7F8,ARYRSHL1187B98F3EB,Sean Lennon,Into The Sun,Into The Sun,1998,202.97098,0.692967709887,0.51524695631,jazz,Bossa Nova; jazz; indie; singer-songwriter; pop,140,67,28.266588,0,107.53603465706252,92.59986290962601,0.11574982863703251,0.3815608759609384,0.4170842574571827,Ill Niño,Re-Birth
TRIRCTN128F93444F9,SOBTREM12AB0184091,ARHJFFY1187B98BA76,No Use For A Name,Undefeated,Hard Rock Bottom,2002,174.21016,0.81502802077,0.493844184337,punk,punk rock; No Use for a Name; punk; alternative; pop punk,129,83,15.968719,0,111.85213697539594,92.3186872797867,0.11539835909973338,0.32362095117492035,0.36692244533779994,Ill Niño,Re-Birth
TRJZZCN128E07938C5,SOCKPDE12A8C142F18,ARK9TRQ1187B99C095,Nine Inch Nails,Burn,Natural Born Killers,1994,300.64281,0.905776888666,0.629541625998,rock,industrial; industrial rock; Soundtrack; rock; industrial metal,315,82,61.343296,0,148.38371967115043,122.38878625011478,0.15298598281264347,0.2919279203861035,0.33302440344908957,Ill Niño,Re-Birth
TRTSSRY128F149746B,SOPHHSQ12A58A7D9FC,ARG7LMD1187FB4B064,Mansun,Witness To A Murder (Part 2),Six,1998,186.46159,0.638494096572,0.454479984963,classical,opera; alt. rock; baroque; britpop; sad,74,54,11.090537,0,55.95296742773353,47.86513518861136,0.059831418985764204,0.276094294661021,0.3081426727662672,Kamelot,This Pain
TRQFAIY128F1452CA5,SOMQXGE12A6D4F7776,ART1WOW1187B98DA1E,Floetry,Blessed 2 Have,Flo'Ology,2005,237.60934,0.690117614132,0.531635267753,r&b/soul,Neo-Soul; soul; floetry; rnb; smooth,427,112,52.497619,0,123.23159270615692,97.52515030272033,0.12190643787840041,0.2314952167697316,0.2756361754705262,Kamelot,This Pain
TRHERLM12903CC610E,SOODEFF12AB018AFA2,AR94ZOI1187FB46BDA,Willie Dixon,Pain in My Heart,Blues for Valentine,1988,201.16853,0.57953304364,0.4298344776,blues,blues; Chicago Blues; blue; double-ender 4; Pain in my Heart,147,43,28.879058,0,70.834194063269,59.64937176761841,0.07456171470952301,0.24004179215776567,0.2725067821029019,Kamelot,This Pain
TRWLPQW128C7196C87,SORWPYR12A6310E889,ARG84I01187B991D69,Girls Aloud,Stay Another Day,Sound Of The Underground,2002,261.43302,0.793636767474,0.527132301317,pop,ballads; covers; female vocalists; B-Sides; girls aloud,290,74,49.628621,0,156.7327568743551,128.00863279908052,0.16001079099885065,0.31356722783726265,0.35853801173222244,Michael Jackson,You Are Not Alone
TRXOKBX128F426612B,SONCAAU12A8C1317AB,ARIBGNM1187B99A598,Nivea,So Far,Complicated,2005,242.75546,0.792599115977,0.452532435995,r&b/soul,nivea; favs; r&b,388,135,48.249352,0,221.1331200122185,169.18491593655523,0.21148114492069403,0.2910597839602813,0.34902635473980514,Michael Jackson,You Are Not Alone
TRLFGEI128F145BCFB,SODIHNM12A6D4F5F3F,ARTASUV1187B9A2B67,Frank Sinatra,From Here To Eternity,At The Movies,1956,179.98322,0.838908050062,0.56266192634,jazz,easy listening; jazz; swing; vocal; oldies,96,44,15.297059,0,95.14902179127088,79.72707004252722,0.09965883755315902,0.2909903305638639,0.3278026315608433,Michael Jackson,You Are Not Alone
TRPVEXL128F42732C5,SOPZZAV12A58A7A3A5,ARBMB4I1187B98B108,OTT,Be My Girl,This One's For You,0,249.49506,0.607746456419,0.382749521001,electronic,electronica; Electronica/Dance; Harding and Curnow,214,61,50.83306,0,129.177593281386,109.20062978035016,0.13650078722543768,0.388459562979314,0.42722739760020473,Michael Jackson,Baby Be Mine
TRZNHJN128F4293FC2,SOVODWN12D02199268,ARJGIOD1187B9AE920,Kelly Clarkson,Anytime,Thankful,2003,245.75955,0.870239753381,0.644977455947,pop,pop; Kelly Clarkson; female vocalists; female vocalist; female,384,92,59.799666,0,163.9657839447512,127.55521507884445,0.15944401884855558,0.3321911624823082,0.3899333887186531,Michael Jackson,Baby Be Mine
TROZGTB128F427488F,SOLNEQH12A58A79B65,ARKAKLB1187FB4522B,Chanté Moore,Give Me Time,Love The Woman,2008,302.13179,0.54271006783,0.386452766585,r&b/soul,soul; 80s; rock; classic rock; jazz,184,75,31.654384,0,124.75584317414906,100.46746263393487,0.12558432829241858,0.33202520560691184,0.38086206160528485,Michael Jackson,Baby Be Mine
TRJJNLV128F92DF509,SOIEOOR12A8C144460,ARXF40D1187B9A3FB3,Tiziano Ferro,Universal Prayer,Unity - The Official ATHENS 2004 Olympic Games Album,0,244.27057,0.689757988323,0.548375918525,pop,pop; rnb; english; World Music; duet,446,128,55.136195,0,476.89003162241386,373.0513244411654,0.4663141555514567,0.34061907411259795,0.3976972179083154,Michael Jackson,Man In The Mirror
TRQXYGU128E079236A,SOIJTSI12A6701FD8B,ARTDQRC1187FB4EFD4,Black Eyed Peas,A8,Behind The Front,1998,235.17995,0.84560188664,1.00594196595,hip hop,Hip-Hop; hip hop; funk; rap; dance,752,261,107.884197,0,522.7680003150881,360.17517602651856,0.4502189700331482,0.3090608838777796,0.3911129450535213,Michael Jackson,Man In The Mirror
TROQUJK128F4254F90,SOIFRQN12A81C220D7,ARCLFWR1187B9AE7B2,Fun Lovin' Criminals,Blues For Suckers,Scooby Snacks - The Collection,1995,228.72771,0.683206040048,0.484876718954,blues,blues; alternative rock; finger-snappin; fun lovin; tracks i know,502,147,81.547532,0,479.3154084604565,381.9303327173591,0.4774129158966989,0.3331979991734981,0.3851028698729677,Michael Jackson,Man In The Mirror
TRTQMAZ128F4273C71,SOLPINA12A58A7DD9A,AR6GPHG1187FB5608B,Hooverphonic,Everytime We Live Together We Die A Bit More,The Magnificent Tree,2000,213.02812,0.726132305328,0.511067958884,electronic,electronic; trip-hop; Hooverphonic; atmospheric; trip hop,83,45,14.282857,0,75.36024127248041,67.16190984054738,0.08395238730068423,0.34330406890450277,0.36902160247479016,Michael Jackson,Why You Wanna Trip On Me
TRMVGKO128E078552F,SOJKGFW12A58A80A76,ARVKB9G1187B990C70,Keith Sweat,Give Me What I Want (LP Version),Keep It Comin',1991,317.54404,0.740028701828,0.481818352667,r&b/soul,rnb; slow dance; lovin; brain2brain; leapsandbounds CDCollection,406,89,81.33265,0,130.039638039659,107.11726901818723,0.13389658627273404,0.3073856828907191,0.34993549415721353,Michael Jackson,Why You Wanna Trip On Me
TRQGOOD128F429CD06,SOALJTA12A8C13C288,AR7VWZ11187B98DA42,Spice Girls,Ain't No Stopping Us Now,Stop,1998,296.64608,0.720230936045,0.540040389354,r&b/soul,rnb; cover,547,121,80.205985,0,163.59146240991282,129.12432757333286,0.16140540946666607,0.2814927200772612,0.3309045640789886,Michael Jackson,Why You Wanna Trip On Me
TRABNVL128F14A9685,SOGOTRJ12A6D4FC286,ARRN0KG1187FB424F8,Banaroo,Ringa Ding Ding,Banaroo's World,2005,218.48771,0.465120168726,0.400167056281,electronic,dance; techno; party; electronic; synth pop,134,58,17.233688,0,121.09139806241397,102.15280961712968,0.1276910120214121,0.33343271944072866,0.37093179480225213,Ke$ha,TiK ToK
TREXCMT128F933D825,SOWVWEG12AF72A37C7,ARQUN9K1187B9B5BD7,Vanilla Ice,It's A Party,To The Extreme,1989,278.49098,0.722075127339,0.463037021551,hip hop,rap; 80s; Jam; leapsandbounds CDCollection,832,201,139.942845,0,255.64980479536638,183.5864488793801,0.22948306109922512,0.28422754611761447,0.3551921773243002,Ke$ha,TiK ToK
TRUWZJQ128F145E9F7,SOZAKPS12A6D4F7B06,AR656DK1187FB4D055,Afroman,Let's All Get Drunk,The Good Times,2000,347.21914,0.781956995076,0.469158127875,hip hop,rap; weed; smoke; Hip-Hop; afro,623,171,80.962954,0,260.29823777324873,187.7725027399019,0.2347156284248774,0.27067378411088633,0.33929126279975363,Ke$ha,TiK ToK
TRWHWLL128F4264927,SOWJYSB12A8C131F92,ARWXN7M1187B98C47D,Babyface,I Love You Babe,A Collection Of His Greatest Hits,1989,249.49506,0.668786232311,0.553991396655,r&b/soul,soul; rnb; babyface productions; modern rnb; love songs,340,68,62.361847,0,280.6312802034596,242.28222670712034,0.3028527833839004,0.4394775372172591,0.47358245040502,Maroon 5,Nothing Lasts Forever
TRGOMIJ128F4263AD6,SOVLGBC12A8C130EF9,ARW3LUX1187FB5C4C0,The Jacksons,The Hurt,Victory,1984,326.922,0.685072024415,0.521849850096,pop,80s; 80's; eighties; pop; 1980s,325,90,60.621778,0,224.18641754604195,177.33535393229226,0.22166919241536534,0.31825837380901273,0.37053606731081506,Maroon 5,Nothing Lasts Forever
TRFPSBS128F4298DD4,SOAQLWB12A8C13BA9D,ARQKFPA1187FB488D7,Mayday Parade,I'd Hate To Be You When People Find Out What This Song Is About (Album),A Lesson In Romantics,2007,241.42322,0.818410258875,0.561590797006,rock,amazing; Mellow; rock; indie; emo,296,80,47.413078,0,197.70186857230206,154.60062091410467,0.19325077614263084,0.3001133102276458,0.3535551103101326,Maroon 5,Nothing Lasts Forever
TRMHLKD12903C98020,SOFRTNR12A58A7DAF4,AR97LLY1187FB536A0,JET,Let Me Out,Shaka Rock,2009,191.73832,0.78512614152,0.512154097939,rock,rock; alternative rock; indie rock; Garage Rock; 00s,292,90,48.176758,0,126.33548388528918,95.9374648113413,0.11992183101417662,0.2666814372614677,0.3237304887767215,Enrique Iglesias,Roamer
TRAWTIB128F4284E49,SOTBPRC12A8C13D8A9,ARUS5MJ1187B9B0A5D,Martina Topley Bird,I Still Feel,Quixotic,2003,320.7571,0.685491124616,0.519207585629,electronic,trip-hop; female vocalists; downtempo; chillout; trip hop,248,85,43.772137,0,146.24630756386358,118.08917508716281,0.14761146885895352,0.27430352843065897,0.3185896879118399,Enrique Iglesias,Roamer
TRDPGXU128F9339C2A,SOELYON12AB01876A3,ARLHO5Z1187FB4C861,Beastie Boys,B-Boy Bouillabaisse: A.W.O.L. (2009 Digital Remaster),Paul's Boutique (20th Anniversary Remastered Edition),0,105.56036,0.853124523276,0.591628024008,hip hop,hip hop; leapsandbounds CDCollection,1746,505,153.652205,0,312.51579873589634,165.10132272088177,0.2063766534011022,0.20967175331367705,0.3172659381135095,Enrique Iglesias,Roamer
TRCLAQP128F428C798,SOBXZEI12A8C13AD47,ARR9XGB1187B9912E6,Boyz II Men,Easy,Motown - Hitsville_ USA,2007,325.77261,0.790922847956,0.601184941794,r&b/soul,r&b; rhythm and blues; motown; soulful; beauitful ballad,185,66,40.087405,0,128.1609587970726,109.92416849935437,0.13740521062419295,0.3354873265770536,0.36918303975300876,Jason Mraz,Live High (Album Version)
TRBLKDN12903CCB8B7,SOCRSYP12AB018D602,ARWC7G01187B9A9CC5,Felt,Penelope Tree,Old Flames,0,254.95465,0.685804311066,0.447921543757,pop,indie pop; 80s; indie; post-punk; 1983,139,74,19.364917,0,100.37777909224133,83.7996815959551,0.10474960199494386,0.31847581052427687,0.3582155438420659,Jason Mraz,Live High (Album Version)
TRXXOGD12903CACFEC,SOCYTJV12AF72A0CB1,ARJGQDS1187B99DDEA,Billie Holiday,Easy Living,One Hour Holiday,1991,193.25342,0.747760115161,0.545349102739,jazz,jazz; female vocalists; billie holiday; blues; fallout 3,172,49,31.272992,0,102.37884639993133,86.12372736199683,0.10765465920249603,0.2904942845269776,0.32610998577653794,Jason Mraz,Live High (Album Version)
TREHLBY128F92F81D2,SOFBXEQ12AB01852D9,AR198711187B9AD09F,Simply Red,So Not Over You,The Greatest Hits 25,2007,217.36444,0.731590592457,0.498563611268,pop,pop; soul; 00s; simply red; romantic,420,122,52.763624,0,234.44782806223722,168.92770209489052,0.21115962761861315,0.26161855824860686,0.3290830501229229,Mariah Carey,Did I Do That?
TRCEFOS128F933D79B,SONKHVG12AF72A82E8,AR8VVB21187B9B6ED3,Clipse,Freedom,Til The Casket Drops,2009,226.87302,0.812248052077,0.549791602352,hip hop,rap; best tracks of 2009; Nu-Bluz Funky Grooves in the E-Lounge; freedom; virginia,546,235,57.113921,0,249.47179502320697,162.45407600574936,0.20306759500718669,0.23723180157117457,0.3202920168330497,Mariah Carey,Did I Do That?
TRVDTEO128F14956CF,SOBQHTA12A6D4F882C,ARLILJF11F50C4E231,Eric B. & Rakim,What's On Your Mind,Don't Sweat The Technique,1991,331.88526,0.578056456166,0.382919739008,hip hop,old school rap; rap; East Coast; hip hop; Hip-Hop,723,265,78.243211,0,267.7381241735541,162.7205479805435,0.20340068497567937,0.22422832336458837,0.3167994935089778,Mariah Carey,Did I Do That?
TRPDWLW128F424DF76,SOVGFWB12A8C134A17,ARC4HSQ1187FB55940,RyanDan,I'll Be There,RyanDan,2007,278.96118,0.636109170872,0.371573624485,classical,soft vocals; contemporary classical; easy; male vocalists; Classical,291,79,62.657801,0,227.44109683580837,210.7739070256804,0.2634673837821005,0.881269354887104,0.8889923564633931,Mariah Carey,I'll Be There
TRKTPMH128F42893A6,SOQOFDK12A8C13783E,ARSZWK21187B9B26D7,The Brand New Heavies,Worlds Keep Spinning,Excursions: Remixes & Rare Grooves,0,139.78077,0.702706016925,0.451271813711,jazz,acid jazz; funky; soul; 1994; Jazz  Funk,189,93,23.30236,0,99.7296840780561,79.83689339448729,0.09979611674310912,0.31588906690369656,0.36568061416960296,Mariah Carey,I'll Be There
TRIUBAR128F146BD74,SONVPTP12A6D4F7A34,AR9W3X91187FB3994C,Phil Collins,You'll Be In My Heart,Love Songs,1998,258.48118,0.655921417588,0.578301633597,pop,pop; Disney; Phil Collins; Soundtrack; Love,339,95,60.016664,0,105.4526702051145,82.35822185084963,0.10294777731356204,0.2882049119475199,0.3412376522897302,Mariah Carey,I'll Be There
TRXJQRT128F147B958,SOIKWLB12A6D4F8BBE,ARZJ4MI1187B9AF5AF,Reel Big Fish,Your Guts (I Hate 'em) (Live),Our Live Album Is Better Than Your Live Album,0,121.83465,0.784143964796,0.553168863584,reggae,ska; Progressive; Shaka,150,47,35.524639,0,40.414198325609014,37.26567131877512,0.0465820891484689,0.35527376207938344,0.37406099057822473,Natasha Bedingfield,I Think They're Thinking - Interlude
TRUITJJ128F4226AA6,SOFLXEX12AF7299CD3,ARNJRQ91187B9ACFDD,Cibelle,Hate,Cibelle,2003,346.25261,0.641788401177,0.449302249463,electronic,brazilian; chillout; female vocalists; Bossa Nova; downtempo,404,48,108.774997,0,63.00072363500433,56.94756579453547,0.07118445724316934,0.316830474060263,0.3390351945020721,Natasha Bedingfield,I Think They're Thinking - Interlude
TRMGBED128F426259E,SOMOWRX12A58A7973A,ARUU13E1187FB3EB48,Bouncing Souls,Better Life,How I Spent My Summer Vacation,2001,110.54975,0.715551109546,0.469057797892,punk,punk; punk rock; alternative; new jersey; 2001,162,70,25.670995,0,38.47560196564894,33.83561833338032,0.0422945229167254,0.3035544805844033,0.3307675980819231,Natasha Bedingfield,I Think They're Thinking - Interlude
TRMIVIX128F42731D4,SOEFCUV12A8C133AB2,ARJ8MZP1187B9AF422,Beverley Craven,Phoenix From The Fire,Mixed Emotions,1999,226.53342,0.582181762656,0.371316711892,folk,Mellow; singer-songwriter; vocal; jazzy; female vocalists,245,74,41.182521,0,88.20910187155758,69.11859964112165,0.08639824955140206,0.2446112537012,0.2922322338217689,Natasha Bedingfield,Silent Movie
TRYRGJV128F42690CC,SOOLZTM12A58A7B918,ARW3LUX1187FB5C4C0,The Jacksons,Enjoy Yourself,R&B: From Doo-Wop To Hip-Hop,1976,204.87791,0.685072024415,0.521849850096,r&b/soul,soul; pop; jacksons; 70s; rnb,318,77,61.90315,0,112.03192240974819,89.18126757507699,0.11147658446884623,0.24392556475934962,0.2880005822400351,Natasha Bedingfield,Silent Movie
TRWWVGC12903CB5C50,SOBSJQH12AB01876C3,AR6LZB61187B9AF431,Depeche Mode,Freestate,Ultra,1997,403.33016,0.814319340519,0.606338757713,electronic,electronic; Depeche Mode; new wave; synthpop; synth pop,136,65,20.736441,0,77.31546479571065,62.6174850052765,0.07827185625659562,0.24026443459033409,0.28006371840573746,Natasha Bedingfield,Silent Movie
TRFVQEA128F4218DD2,SORGJGA12A6D4FD9C4,ARI4O061187B991624,Matt Nathanson,More Than This,At The Point,2000,237.13914,0.786524697693,0.538058877175,folk,acoustic; singer-songwriter; matt nathanson; just chill; guitar playing boys,131,71,22.315914,0,81.78744730831062,65.66336802669888,0.0820792100333736,0.3148707496578832,0.36318006433065153,Natasha Bedingfield,Stumble
TRWAOJW128F42B01C9,SOYLFJY12A8C14056E,ARBOZ711187FB3E8A0,Heather Headley,What's Not Being Said,In My Mind,2006,273.6322,0.710660506071,0.503606427668,r&b/soul,female vocalist; soul; lounge; pop; dance,483,118,90.033327,0,147.3926144010102,109.62038518079004,0.13702548147598756,0.2941663047673387,0.3591260966433739,Natasha Bedingfield,Stumble
TRVWNMB128F425A368,SOMIAJE12A8AE47661,AR5YRCN1187B98E3C8,Westlife,More Than Words,Westlife,1999,234.05669,0.759393359529,0.553736196336,pop,pop; love songs; westlife; Love; boyband,271,72,45.310043,0,106.48072024244682,81.39183371575821,0.10173979214469776,0.2691674911186223,0.32471797564134225,Natasha Bedingfield,Stumble
TRNHATG128F428BC8A,SOVSGRO12A8C138859,ARDCFNZ1187FB3DDB0,Enrique Iglesias,Little Girl,Insomniac,2007,225.90649,0.827357260054,0.752927890401,pop,slow; pop; latin; Love; male vocalists,234,71,45.343136,0,345.4986089214002,323.97436861858944,0.4049679607732368,0.9815848095635007,0.9827083902577364,Enrique Iglesias,Heroe
TRJYSKH128F93068B2,SOCYTZX12A58A795CC,ARRWVPI1187FB4615A,The Hurt Process,Tuesday,Drive By Monologue,2003,188.9171,0.575907973628,0.325054263416,punk,emocore; screamo; post-hardcore; post hardcore; lista 03,84,48,14.662878,0,78.5433352324586,68.38241263622113,0.08547801579527642,0.34706367176903385,0.3785461238414817,Enrique Iglesias,Heroe
TROTTNB128F4264052,SOLATUE12A58A78846,ARUTEVA1187B9AE391,Blackstreet,Billie Jean,No Diggity: The Very Best Of Blackstreet,2003,340.29669,0.6448673694,0.45609459619,r&b/soul,rnb; clean; blackstreet; billie jean; alicedday,370,108,63.945289,0,155.7174959462544,126.57972530293902,0.15822465662867377,0.3295657166400838,0.37660005817739856,Enrique Iglesias,Heroe
TRSRDVR128F92E6CF4,SOIXPFM12AF72A3189,ARDCFNZ1187FB3DDB0,Enrique Iglesias,Heroe,UNO (95/08),2001,264.75057,0.827357260054,0.752927890401,pop,pop; spanish; latin; Espanol; español,243,73,46.454279,0,345.4986089214002,323.97436861858944,0.4049679607732368,0.9815848095634917,0.9827083902577364,Enrique Iglesias,Little Girl
TRJYSKH128F93068B2,SOCYTZX12A58A795CC,ARRWVPI1187FB4615A,The Hurt Process,Tuesday,Drive By Monologue,2003,188.9171,0.575907973628,0.325054263416,punk,emocore; screamo; post-hardcore; post hardcore; lista 03,84,48,14.662878,0,75.67801618954607,65.75255276596863,0.08219069095746079,0.33767484500985284,0.36932644599745096,Enrique Iglesias,Little Girl
TRAJVCL128F932A6F3,SOWLBUQ12A8C133BBF,ARCLH4K1187B99C34D,Louise,One Kiss From Heaven,Original Hits - Nineties,0,237.29587,0.61403567007,0.393497193586,r&b/soul,louise  one kiss from heaven; soul; pop; Ballad; female vocalists,383,115,54.083269,0,160.45479506050907,128.15453110749013,0.16019316388436267,0.30633582420626226,0.3556681330770264,Enrique Iglesias,Little Girl
TRUGDLC128F428EA24,SOHISDA12A6D4FAC4A,ARL4W6Q1187FB4713C,Aventura,Obsesion (English Remix_ Album Version),We Broke The Rules,2002,250.61832,0.88611681811,0.509478411938,latin,bachata; latin; dancing; Bachatas; good,318,114,49.909919,0,544.3200836362039,505.80847058645855,0.6322605882330732,0.6492473709714418,0.6650959595759786,Enrique Iglesias,Ruleta Rusa
TRTVFBC128F9334F3B,SOHSSTN12AB0182D81,ARL4W6Q1187FB4713C,Aventura,Mi Corazoncito,Sold Out At Madison Square Garden,2006,258.76853,0.88611681811,0.509478411938,latin,bachata; latin; aventura; mi corazoncito; Love,289,78,37.589892,0,454.2080701246718,425.1266081727291,0.5314082602159114,0.62116358136325,0.6365589165410265,Enrique Iglesias,Ruleta Rusa
TRMEWPJ128EF34AB71,SOVHCUA12A6BD506F1,AR5662Q1187FB4A85B,Maelo Ruiz,Me Lo Estas Poniendo Dificil,En Tiempo De Amor,0,302.68036,0.589767760473,0.549263521639,latin,salsa romantica,234,74,42.860238,0,501.7770390664788,468.0141681965648,0.585017710245706,0.6131033421750872,0.6293609698043178,Enrique Iglesias,Ruleta Rusa
TRYFBLW128F428A81A,SOBSQNN12A8C138A0B,ARYPRT21187FB4BBC6,Joan Manuel Serrat,Mediterraneo,Serrat En Directo,2001,247.66649,0.619641392566,0.421641763559,folk,spanish; cantautor; singer-songwriter; food for the soul; Cantautores,186,94,26.589472,0,481.3136946587651,450.1431922071559,0.5626789902589449,0.6378337264794576,0.6527019231775576,Enrique Iglesias,Contigo
TRZEKMI128F933A24C,SOJMMTQ12A8C1384C4,AR3XEVJ1187B9B972B,Diego Torres,Sueños,Un Mundo Diferente,2001,227.18649,0.614690486247,0.466902613397,latin,diego torres; latin; spanish; pop; Pop Latino,243,74,37.456642,0,562.0188990053178,527.2836553740905,0.6591045692176131,0.6174507933733221,0.632278920519414,Enrique Iglesias,Contigo
TRPMUDQ128F425218E,SOIRNOF12A58A7D623,ARLAWDD1187FB48367,Carlos Vives,19 De Noviembre,El Amor De Mi Tierra,1999,276.94975,0.62096398106,0.413254693459,latin,Colombia; vallenato; latin; bailable; worldfolkz,177,58,30.88689,0,446.64587647893455,422.66667399519196,0.52833334249399,0.6176425344172842,0.6305642892280185,Enrique Iglesias,Contigo
TRFCKGO128F92F0C78,SOHOFFI12AF729D16A,ARJHT3I1187B9A2EA6,Bebe,La Coqueta,Urban International Presents,0,196.57098,0.679332222331,0.519293238981,latin,spanish; female vocalists; latin; feli; reggae,292,76,45.066617,0,493.30911659286954,467.46277691049636,0.5843284711381205,0.7355482395751071,0.7457744569371051,Shakira,Años Luz
TRMBOSX128F4279184,SOTRDPJ12A8C13AEC2,ARJRQL51187FB541AB,Juan Carlos Baglietto,Mirta_ De Regreso,Tiempos Dificiles,1982,275.85261,0.540881349196,0.38663083651,latin,latin,190,99,25.903668,0,369.97574295534264,346.9730668974801,0.43371633362185014,0.6570140583664356,0.6710002956780482,Shakira,Años Luz
TRDJOQZ128F42AF0BD,SOBKRQP12A8C13F7D8,ARVH6PU1187FB46B3F,Victor Manuelle,Hazme Sentir,Decision Unanime,0,290.95138,0.668543746567,0.490615493311,latin,salsa puertoriquena,250,85,36.386811,0,424.87489765363176,399.8568072206926,0.49982100902586574,0.6498149105724956,0.6634004364866097,Shakira,Años Luz
TRBDLLQ128F422EE2C,SOLGBFL12A6D4FBE22,AR4RHX31187B9B7FA1,Joe Henry,I Will Write My Book,Civilians,2007,251.58485,0.602882102268,0.430336753032,rock,rock; singer-songwriter; piano; CA; rockjazz,159,81,22.869193,0,122.82861680197497,96.69779441242184,0.1208722430155273,0.2866394758870518,0.33749231634188476,Sara Bareilles,Love Song
TRRLWKP128E0784882,SOOFCNY12A6701E0C8,ARQNL2W1187FB40CD4,Hazel O'Connor,Calls The Tune,Breaking Glass,1980,182.02077,0.538491959684,0.407088849982,punk,Soundtrack; punk; pop; Me gusta; didis bonbons,200,63,35.468296,0,159.05685286287414,131.00277889373714,0.16375347361717144,0.295912983063444,0.3363760962226644,Sara Bareilles,Love Song
TREDIFA128F428AA44,SOHGNQF12A8C139803,AR061BH1187B98DF74,Guttermouth,Vacation,Gusto,2002,172.45995,0.758734292382,0.47748545981,punk,punk rock,219,77,26.038433,0,144.4365593268172,112.80580779700567,0.14100725974625708,0.2743608828164797,0.32575391381846586,Sara Bareilles,Love Song
TRZARUP128F9348146,SOIUWJT12AB0184B9F,AR6G29T1187B9A99F9,KMD,Plumskinzz (Loose Hoe_ God & Cupid),Bl_ck B_st_rds,0,103.57506,0.587827035652,0.379980017386,hip hop,ripp-off; hip hop; Hip-Hop; new york; 90s,833,274,87.275426,0,315.44831535705583,230.04812824066855,0.2875601603008357,0.3261156076200319,0.3954802029205849,Christina Aguilera,Candyman
TRHIFBF12903CF47DF,SOYAEZW12A58A819A8,ARG6GDG1187B9AA148,Zapp & Roger,Computer Love,All The Greatest Hits,0,284.36853,0.586289354698,0.393058498031,r&b/soul,slow jams; soul; 80s; rnb; funk,418,89,85.632938,0,242.45425774349894,210.422703650662,0.2630283795633275,0.349354458824882,0.3807180389413624,Christina Aguilera,Candyman
TRSAFOT128F1498C2C,SOJWBMI12AB0187250,ARCN61O1187B9ABBE8,Aaron Neville,Such A Night,Aaron Neville's Soulful Christmas,1993,204.38159,0.641420081441,0.508937606365,r&b/soul,christmas; soul christmas; rhythm and blues; xmas; Aaron Neville  Such A Night,452,126,58.745213,0,255.2605353723751,204.6721955912139,0.2558402444890174,0.3275637085724997,0.3779241051462033,Christina Aguilera,Candyman
TRPLDIL128F4276880,SOOANLV12A8C139E46,ARAYR671187B9923E6,Shannon McNally,Miracle Mile,Geronimo,2005,317.28281,0.696663943756,0.370858691752,country,Alt-country; country; female vocalists; alternative country; women,348,127,43.634848,0,161.3194613080841,121.0898145907495,0.15136226823843688,0.2620057552157756,0.32014313325978544,Selena Gomez & The Scene,Tell Me Something I Don't Know
TRNCIOP128F426A93D,SOUAPIV12A8C132B47,ARH0A381187FB3C2F2,Brownstone,Kiss And Tell,STILL CLIMBING,1998,285.67465,0.5847411597,0.405802611613,r&b/soul,rnb; soul; urban; brownstone; Favourite Songs,351,88,63.285069,0,163.6209097523306,129.46788574328875,0.16183485717911095,0.26774883177967923,0.3160010992193111,Selena Gomez & The Scene,Tell Me Something I Don't Know
TRWSJBG128F146CAFC,SOPQFTR12A6D4F74B5,ARUIIA21187B9B1019,Elastica,Stutter,Elastica,1992,143.15057,0.633030057226,0.445498483624,pop,britpop; 90s; rock; female vocalists; indie,278,90,43.600459,0,137.35208411651647,109.27031641406322,0.13658789551757902,0.2666227003638645,0.3136324549791314,Selena Gomez & The Scene,Tell Me Something I Don't Know
TRVPMVK128EF34E085,SOPFXXX12A6D4F8710,AR6ENUY1187B994158,Sia,Lentil (Live),Lady Croissant,2007,251.53261,0.854081678581,0.492615362526,punk,female vocalists; chillout; female artists; emotional; live,316,101,54.990908,0,196.32923411399804,150.7814410927386,0.18847680136592324,0.27883761257093725,0.33452673724952575,Kelly Clarkson,Cry
TRENMSO128F42AF485,SOUXXLG12A8C13EB34,AR8DTD41187FB51ED9,Fantasia,Bump What Your Friends Say,Fantasia,0,284.31628,0.784279630647,0.693207002099,r&b/soul,rnb; female vocalists; Ballad; groovey; Missy Elliott,324,117,42.0,0,170.46538970932409,121.0785068861525,0.15134813360769062,0.2475297708239158,0.31653333914070175,Kelly Clarkson,Cry
TRBZXAC12903CBB0CE,SOHAYPC12A6D4FB7A7,ARZYMH91187B99CEFC,Atmosphere,Happymess,Sad Clown Bad Spring Number #12,0,220.26404,0.879475075015,0.607960565364,hip hop,songs i never get sick of; makes me want to fall in love; great; Love; Hip-Hop,526,199,65.795137,0,222.57968442319714,141.53475017124723,0.17691843771405902,0.22842208054710175,0.316459553060212,Kelly Clarkson,Cry
TRLVVUZ128F425EE94,SOFEGLX12A8C134172,ARRN1LK1187FB3E99D,Miss Kittin,3ème Sexe,I Com,2004,300.25098,0.705712162431,0.451641360716,electronic,french; Electroclash; electronic; electronica; Miss Kittin,176,63,26.11513,0,467.0447989530445,428.01309942410063,0.5350163742801258,0.5961515252751729,0.6138424718730454,Céline Dion,Zora sourit
TRAQRRD128F425F8E7,SOCBMSI12A8AE49124,AR3QRJ91187B98E4C2,Jacques Dutronc,Laquelle Des Deux Est La Plus Snob,Intégrale Les Cactus,1969,152.76363,0.612953154239,0.454541929151,pop,Jacques Dutronc; french; pop; piano; france,144,55,18.35756,0,389.85427095425246,359.2989111350198,0.44912363891877477,0.5815431463349523,0.5971468192898574,Céline Dion,Zora sourit
TRJVULB12903CDD2A3,SOMLXML12A6D4F868D,ARZPKBI1187FB3701B,Dominique A,Le Commerce De L'eau,A L'arrivée,2001,252.81261,0.624947497731,0.393656893757,pop,The seven hands of God are stroking the spine of man; Frenchpopulation; pure aural bliss; Ridiculously brilliant; faranca,130,56,19.131126,0,332.93357024824604,306.0201509913068,0.38252518873913355,0.5566659164017533,0.5732922441127999,Céline Dion,Zora sourit
TROJYOU12903CBD2A8,SOLVXIM12AB018C117,ARHMSDE1187B9B9879,Martin Jondo,Hold You,Echo and Smoke,2006,206.75873,0.563682239034,0.438590756377,reggae,reggae; dancehall; roots reggae; german; me like,475,168,57.131427,0,182.4677594320331,132.18729333771017,0.16523411667213772,0.26690849897530416,0.33344763768684366,Newsboys,Dance
TRZYFBE12903C9B44E,SOGOXAX12AB018A5D4,ARUYO111187B9A0810,Supreme Majesty,Heroes Of Our Land,Danger,2003,292.5971,0.5113636824,0.357689327267,metal,heavy metall; power metall; transym,201,119,23.021729,0,109.37566669247725,80.8132636133113,0.10101657951663913,0.24043190186077665,0.2998292325969883,Newsboys,Dance
TRTDKIY128F42855BA,SOMXMXT12A8C13C66B,ARTSGR41187B9912C6,W.A.S.P.,Mercy,Dominator,2007,272.03873,0.727497337342,0.541307747765,metal,heavy metal; hard rock; metal; rock; hair metal,287,80,49.29503,0,90.72700067590577,70.09489991363114,0.08761862489203892,0.24429441609897085,0.29493886423333615,Newsboys,Dance
TRNERSA128F92E5B78,SOOENSR12A8C144088,ARVEMTL12298900962,Amandine Bourgeois,L'Homme De La Situation,20 m2,2009,221.30893,0.583479395042,0.365611402637,pop,french; pop; female vocalists; hoptrik; musicspirit,240,81,46.141088,0,678.1638235059261,633.540220147608,0.7919252751845101,0.7007178185879868,0.7129291566994379,Céline Dion,Partout Je Vois
TRNYGSJ128F4278C81,SOASMWD12A8C1363D8,AR5IHI31187B998618,Pascal Obispo,Assassine,Un Jour Comme Aujourd' Hui,1994,258.14159,0.561272322612,0.377852557035,classical,Pascal Obispo; Favorite; live; Français; france,97,55,14.798649,0,449.380858720677,420.023282075614,0.5250291025945175,0.6720633082391555,0.6845246687260884,Céline Dion,Partout Je Vois
TRJFGNS128F14AAAE5,SOIHQFB12A6D4FAF45,AR180HL1187FB51B75,Katerine,Titanic,Robots Après Tout,0,177.10975,0.609016099987,0.48461993716,electronic,p0p ul41r3; electro; chanson; minimal techno; electro-pop,139,64,20.07486,0,527.2604298734382,492.7843473792815,0.6159804342241019,0.6692064789489647,0.6817266241226451,Céline Dion,Partout Je Vois
TRSISZX128F92CFCF7,SOIRVCZ12A58A7BDF8,AROETUE1187FB4A677,Robin Thicke,Dreamworld,Something Else,2008,279.24853,0.785804040648,0.570753421575,r&b/soul,soul; Robin Thicke; male vocalists; chill; pop,320,114,53.525695,0,159.32210555815163,125.57700924678892,0.15697126155848615,0.34815567792361085,0.40385380094441614,Kelly Clarkson,Anytime
TROSAQJ128F92D308C,SOVNMOR12A8C142419,ARMPCW71187B9B85C1,Charlie Wilson,What You Do To Me,Uncle Charlie,2008,205.322,0.697759493501,0.63251296416,r&b/soul,smooth groove; rnb; rhythm and blues; sage; slowjamz,436,105,82.352899,0,149.08157165739496,117.20451727389694,0.14650564659237117,0.346203846862973,0.4023844196204698,Kelly Clarkson,Anytime
TRKRPKE128E07946D4,SONYXNK12A6D4F9CF2,AR6VHEC1187FB5AC0D,Thalia,Alguien Real (Baby_ I'm In Love),Thalia,0,237.06077,0.74627591197,0.577071859605,latin,latina; Alguien Real       Baby I am in love; pop; Love; latin,482,132,80.124902,0,189.76596953432156,147.82780461774888,0.18478475577218612,0.337074438782967,0.3948133365087737,Kelly Clarkson,Anytime
TRNJCSM128F42911EA,SOXSIOH12A8C13C68D,AR9JHWT1187B98C93B,Doyle Bramhall II & Smokestack,Green Light Girl,Welcome,2001,186.40934,0.418680232308,0.323245329265,blues,blues rock; 2; 3; blues; Radio Ettlingen,118,50,27.202941,0,59.61600139580656,56.42094984110325,0.07052618730137906,0.3419864193302068,0.3538113154744985,Edward Sharpe & The Magnetic Zeros,Simplest Love
TROEYTB128F4272F02,SOHDOPI12A8C135023,ARTQ8QP1187FB3D220,Leonard Cohen,Leaving Green Sleeves,New Skin For The Old Ceremony,1974,158.6673,0.800189481583,0.564623405405,folk,singer-songwriter; folk; rock; acoustic; 70s,187,82,24.556058,0,54.0438129158364,49.79089838420393,0.06223862298025491,0.3045542097481254,0.31990141461623595,Edward Sharpe & The Magnetic Zeros,Simplest Love
TRRZNYJ128F42B8819,SOCCXHT12A8C14214D,ARYISIS1187FB37E32,Jenny Lewis,Sing A Song,Acid Tongue,2008,249.0771,0.741466505928,0.490160415691,country,Alt-country; folk; indie; 6am; the way you look,248,45,62.617889,0,49.997512576341364,47.523158295434555,0.05940394786929319,0.2978385195720043,0.3084408032590499,Edward Sharpe & The Magnetic Zeros,Simplest Love
TRSOWUT128F14956F6,SOZMXOC12A6D4F884B,ARQCFI11187FB5AE43,George Jones,Drive Me To Drink,Walls Can Fall,0,163.94404,0.730264991071,0.472204525841,country,country; drinking; my favorite; great song; classic country,209,71,33.0,0,127.78417941350816,107.35643355771727,0.13419554194714658,0.3146655049828274,0.35292630962589705,Colbie Caillat,Midnight Bottle
TREFBQJ128F14992B2,SOKOJUC12A6D4F6F6C,AROJ4691187FB3EC1C,The Flying Burrito Brothers,Tonight The Bottle Let Me Down,Sleepless Nights,1976,173.47873,0.629787211106,0.455915218904,country,cover; country rock; 60s; folk rock; drinking,136,66,19.183326,0,104.35611244804457,86.24879644794957,0.10781099555993696,0.30336227728738285,0.34483147596711483,Colbie Caillat,Midnight Bottle
TRZJPUU128F932D02D,SOOKGFA12AB017FE9D,ARNF6ZR1187B98C1FA,American Steel,Emergency House Party,Dear Friends and Gentle Hearts,2009,110.86322,0.659751845635,0.417360987698,punk,punk; rock; folk; punk rock; pop punk,181,59,32.015621,0,141.84711077477755,119.99695456384144,0.14999619320480181,0.3064300502956044,0.34235885532588306,Colbie Caillat,Midnight Bottle
TRHZLTU128E0792EBD,SOSTZGR12A679AE5AE,ARCN61O1187B9ABBE8,Aaron Neville,Ain't No Way,The Grand Tour,1993,302.602,0.641420081441,0.508937606365,r&b/soul,rnb,273,58,58.438001,0,112.41464715715534,94.47247181053557,0.11809058976316945,0.29844982397653447,0.33573865870467307,Britney Spears,Let Me Be
TRQBDFJ12903D082F6,SOKWBNH12AC468940B,ARBHBE91187B9A1F58,Jonny Lang,Bump In The Road,Live at the Ryman,2006,229.95546,0.698969925264,0.486783024923,blues,blues; jonny lang; songsof2006; singer-songwriter; blues rock,334,111,45.934736,0,148.68645876654196,115.82294710268462,0.14477868387835577,0.279066381963101,0.33176034029857615,Britney Spears,Let Me Be
TREIEOO128F42B0099,SOJPTRM12A8C14003B,ARXOTQH1187FB57084,Chris Brown,Ain't No Way (You Won't Love Me),Chris Brown,0,203.80689,0.892688611404,0.852186238402,r&b/soul,rnb; Chris Brown; Hip-Hop; young rnb; soul,514,127,84.581322,0,164.89765496929627,122.17863833914397,0.15272329792392997,0.27003221481848577,0.33174306865282627,Britney Spears,Let Me Be
TRKQUSS128F4298AFE,SOGLHXB12A58A7BA4A,ARKV6ZG1187B9AEB82,Venus Hum,Alice,Big Beautiful Sky,2002,258.84689,0.630191690963,0.407328792694,electronic,downtempo; electronic; calmer; Sleep; moody,88,44,18.138357,0,65.10103648249726,57.79325476183684,0.07224156845229605,0.29988503640650616,0.3247838778775234,Annie Lennox,Big Sky
TRFRWCW128F9316687,SOBSTGK12AF72A79B0,ARK36B71187FB589D2,Paul Potts,La Prima Volta (First Time Ever I Saw Your Face),Passione,2009,242.18077,0.690856950177,0.384766646253,classical,opera; choir; joni; LA PRIMA VOLTA; gmix12,144,59,22.0,0,77.23931492448126,64.49991763319326,0.08062489704149157,0.259842415205817,0.29596279919071017,Annie Lennox,Big Sky
TREISQD128F9302F47,SOZTVJS12AB018493D,ARHILS61187FB3C363,Nothingface,Incarnadine,Skeletons,2003,224.41751,0.626826234766,0.391805183618,metal,alternative metal; metal; rock; hard rock; Nu-metal,357,155,35.383612,0,110.90076973533935,77.89242175839165,0.09736552719798956,0.21308790536580205,0.27533366052062697,Annie Lennox,Big Sky
TRLVNQX128F42975E7,SOVCWIU12A8C13B8B1,ARH3TO11187FB39019,Rory Gallagher,Out On The Western Plain,Meeting With The G-Man,1975,238.31465,0.680883300105,0.524882717529,blues,blues; blues rock; guitar; irish; bluesrock,152,40,22.090722,0,149.6179000506829,137.41996333634535,0.17177495417043168,0.387583529770336,0.4055108134791974,Whitney Houston,Thinking About You
TRCCBDW128F92CD25E,SOBTJXA12A8C1434BF,ARGJ7R91187B9AF64A,T.Rex,London Boys,The T.Rex Wax Co. Singles A's & B's 1972-77,1976,142.23628,0.671282809598,0.520312854929,rock,rock; glam rock; 70s; classic rock; london,111,44,20.024984,0,153.6776837742302,140.42895227511505,0.1755361903438938,0.3827526177799586,0.4021316719144081,Whitney Houston,Thinking About You
TRFNRGN128E0791E0E,SOWIUZN12AF72A8206,AROAILX1187FB3F858,Buckcherry,Borderline,Buckcherry,1999,266.86649,0.829021927723,0.632365219347,rock,hard rock; rock; sleaze rock; rock n roll; 90s,248,83,35.298725,0,237.81093396137675,203.80756329281826,0.2547594541160228,0.36112288446275354,0.39740785490913283,Whitney Houston,Thinking About You
TRVISOX128F427F3AC,SOJXTDP12A8C1369CF,ARV7VUX1187B9B8D1C,RODNEY CROWELL,What Kind Of Love,The Essential Rodney Crowell,1992,238.18404,0.563911026338,0.422743143426,country,country; english; romantic; super; What Kind of love,259,60,45.650849,0,95.13484194219578,81.43225621807284,0.10179032027259105,0.3193762921967065,0.35406241878138583,Phil Collins,A Groovy Kind Of Love (Live)
TREEIFG128F42925D8,SOJDDMA12A8C13B3B3,ARVZDOM1187B9B49C9,Barry Manilow,Some Kind Of Friend,Ultimate Manilow,1982,242.49424,0.676755655323,0.536290704393,jazz,80s; swing; superrock kyoi; East Coast Swing,301,80,65.192024,0,101.5548151664693,86.90945419862646,0.10863681774828308,0.3160751600532643,0.3506261760370662,Phil Collins,A Groovy Kind Of Love (Live)
TRTXZGM128F428B62B,SOFGKDT12A8C1399DD,ARAEX7Y1187FB42D36,Toni Braxton,Love Affair,Toni Braxton,1993,268.45995,0.7379725284,0.555968803752,r&b/soul,rnb; female vocalists; Smooth Jazz; soul; Mellow,266,100,40.274061,0,85.57204213395647,68.32092707892882,0.08540115884866102,0.2947869794112231,0.3428290277499891,Phil Collins,A Groovy Kind Of Love (Live)
TRSQRQO128F422945A,SOOLIXE12A8AE46C61,AR9NGC01187FB4E3D3,Willard Grant Conspiracy,The Pugilist,Pilgrim Road,2008,171.10159,0.597968937278,0.37128538486,folk,folk; indie; americana; singersongwriter,184,64,39.837169,0,114.0595298834913,101.9830003647808,0.127478750455976,0.37207302338094284,0.3984331453593453,Beyoncé,That's Why You're Beautiful
TRPTSIB128F425EA4D,SOLBOLW12A8C14579E,ARK36B71187FB589D2,Paul Potts,Cavatina,One Chance - Christmas Edition,2007,229.98159,0.690856950177,0.384766646253,classical,Classical; opera; classic; relaxing; tenor,111,62,17.635192,0,94.1285025553563,82.49602681912411,0.10312003352390514,0.34367821280733657,0.3740033789604486,Beyoncé,That's Why You're Beautiful
TRKHFCG128F428C6F5,SOYWWPT12A8C138F9F,ARIPAVC1187FB38BE7,Bruce Hornsby,Big Swing Face,Big Swing Face,2002,333.08689,0.65295780377,0.473235886037,jazz,title tracks; body parts; the word big; the word swing; the word face,190,67,34.568772,0,103.33677676915062,90.13688529072319,0.11267110661340399,0.3283844246906276,0.35918520148497446,Beyoncé,That's Why You're Beautiful
TRTVVHY128F4270D66,SOMCRZO12A8C136BCE,ARAOBIZ1187FB38574,Johnny Winter,Stone County,Saints & Sinners,1974,214.7522,0.749711707474,0.452380503907,blues,blues; blues rock; guitar; classic rock; hard rock,206,76,29.529646,0,207.95909702428222,179.51255601809194,0.22439069502261494,0.3354305952853878,0.36880206537762167,Whitney Houston,Step By Step
TRWHKAC128F92E3FD9,SOOCQXW12A6D4F7898,ARGHEC01187FB597B0,Lykke Li,Little Bit [CSS Remix],Little Bit,2007,278.09914,0.373375449861,0.491734201005,electronic,dance; remix; electropop; cool; electronica,409,82,88.153276,0,241.66684892724132,208.88330259487952,0.2611041282435994,0.33253796522341317,0.36543269266799977,Whitney Houston,Step By Step
TRTKHML128F42937D6,SOIWBBM12A58A79DA0,AR7BGWD1187FB59CCB,Aretha Franklin,It's Your Thing,Jump To It,0,256.1824,0.702795527499,0.569861220982,jazz,jazz,369,80,59.186147,0,217.51433077190586,186.91223206765613,0.23364029008457016,0.3278377640094663,0.361932565636,Whitney Houston,Step By Step
TRLGFWU128F1499988,SONKIIJ12A6D4FBE67,ARSLMAU1187B98DA69,Recoil,Missing Piece,Unsound Methods,0,331.91138,0.655268029333,0.409040618035,electronic,electronic; trip-hop; atmospheric; Recoil; experimental,175,67,24.413111,0,184.6568931642263,161.91449582308078,0.202393119778851,0.3463054734774267,0.3765769007415122,Britney Spears,Piece Of Me (Main Version)
TRMSQPH128F92E7D20,SONKMYE12AAFF424E3,ARAMCM81187B98CEF1,The Falcon,The Angry Cry Of The Angry Pie,Unicornography,2006,114.1024,0.62413742591,0.455914275212,punk,punk rock; orgcore; punk; hardcore; Awesome,264,99,34.641016,0,152.14006476542917,126.50031047433751,0.1581253880929219,0.28941581891582807,0.32868624956884934,Britney Spears,Piece Of Me (Main Version)
TRDFGKU128F9307788,SOCGOLU12AB017FDF4,ARUCF6P11A348F0B17,Demi Lovato,This Is Me (Acoustic Full Version),This Is Me (Acoustic Full Version),0,207.15057,0.906198875596,0.563533106925,pop,Disney; pop; acoustic; female vocalist; camp rock,333,90,48.969378,0,161.80263243838888,130.79748648354584,0.1634968581044323,0.2809698795082056,0.32533490984869284,Britney Spears,Piece Of Me (Main Version)
TRKERVB128F145B6DB,SOYZPYW12A6D4F80AC,ARU1SKK1187B9B086A,Mel & Kim,System,F L M,1987,249.15546,0.573072747515,0.44086985138,pop,80s; pop; dance; SAW; female vocalist,282,66,47.665501,0,148.58599433722924,124.32255634655353,0.15540319543319192,0.31806393252346415,0.35732201136127734,Britney Spears,Can't Make You Love Me
TRWKDZE128F1451EAC,SOKWXBV12A6D4F89A8,ARN9Q881187FB3D951,The Dells,It's All Up To You,Northern Soul Connoisseurs Vol 2,2005,241.24036,0.591696068822,0.387333145782,r&b/soul,northern soul; hman-nsoul; keep-the-faith,337,91,63.023805,0,146.67370586032052,115.75049007328232,0.1446881125916029,0.30368111528293895,0.3559283099181859,Britney Spears,Can't Make You Love Me
TRLZVXV128F428A560,SOPRDYE12A8C1377EB,ARGHO6W1187FB52D16,SR-71,Politically Correct,Now You See Inside,2000,199.60118,0.692269986254,0.460224727466,punk,punk rock; pop punk; rock; Love; caxnt find,318,124,39.837169,0,172.21296181103267,131.32471704911202,0.16415589631139002,0.2939077624888718,0.3528316700608709,Britney Spears,Can't Make You Love Me
TRZPXAH12903CEBB8E,SONUQUO12AC3DFA446,ARLJWTL1187B98C0DE,Modern Lovers,Someone i care about,Live at the longbranch and more,1976,241.162,0.620541381705,0.396111527101,punk,proto-punk; Garage Rock; The Modern Lovers; Jonathan Richman; 1970s,265,75,48.414874,0,113.49029670205672,95.18999746998392,0.1189874968374799,0.29798730627072595,0.3360159239703852,Britney Spears,Girl In The Mirror
TRENECR128F92DAC48,SOOPTMD12A8AE46BFE,ARXOTQH1187FB57084,Chris Brown,Damage,Exclusive,0,256.67873,0.892688611404,0.830356766357,r&b/soul,rnb; soul; Chris Brown; male vocalists; mood music,505,140,69.828361,0,165.55668336376655,125.92776607657069,0.15740970759571338,0.27018377620889933,0.32581859153874426,Britney Spears,Girl In The Mirror
TRPWHPL128F932FC16,SOUJRVK12AB0186875,ARIN4F31187FB5B6EC,Just Jack,253,All Night Cinema,2009,238.62812,0.68924612802,0.445344491075,electronic,electronic; london; alternative; buses; obscure yet streamable tracks,433,120,64.591021,0,169.65577140531255,134.23048892546254,0.16778811115682818,0.275614680863637,0.3242964999318885,Britney Spears,Girl In The Mirror
TRISFKH128F9336E63,SODDPWA12A58A7D263,ARLHO5Z1187FB4C861,Beastie Boys,So What'Cha Want (Butt Naked Version) (Explicit) (2009 Digital Remaster),Check Your Head (Remastered Edition),0,206.47138,0.853124074136,0.586311859258,hip hop,hip hop,536,176,72.470684,0,196.99733302525578,146.6259276577978,0.18328240957224726,0.3047431886286267,0.36946582476603074,Britney Spears,Radar
TRMDJHR128F92F84FC,SOJCHKR12AB018023B,ARCB9IH1187FB52D15,The Emotions,I Don't Wanna Lose Your Love,The Masters Series: Funk Vol 1,1976,240.16934,0.638475883027,0.411904524979,r&b/soul,soul; funk; Love; Disco; emotions,564,113,109.872654,0,178.48812249697977,139.01196132213843,0.17376495165267303,0.28514028015787224,0.33868654368136,Britney Spears,Radar
TRBKYVE128F93350D1,SOCXCJU12AB0186CF6,ARGK9MB1187FB37402,MIMS,Move (If You Wanna),Guilt,2008,189.85751,0.796320378166,0.524994964438,hip hop,Hip-Hop; rap; mims; hip hop; leapsandleeloo,629,147,153.996753,0,188.16109573855613,138.90365580876866,0.17362956976096083,0.26053415311927997,0.32280944207586043,Britney Spears,Radar
TRBUMXW128F14770C1,SOZSKCD12A6D4F71E1,ARNC9BD1187B9B7C73,Visage,Whispers,Ultravox!/ Visage/ Soft Cell,1988,337.89342,0.441420921398,0.394761197806,electronic,80s; new wave; electronic; new romantic; pop,160,68,29.342802,0,109.108979533176,92.84019073606267,0.11605023842007833,0.3573806338137665,0.3952067829260738,Britney Spears,When Your Eyes Say It
TRZHFGK128F423B618,SOTUKHG12A81C227B4,ARYH89E1187FB53AEA,Sharon Jones & The Dap-Kings,Tell Me,100 Days_ 100 Nights,2007,166.13832,0.710940624762,0.519508721029,r&b/soul,soul; funk; rnb; RB; 00s,211,80,47.095647,0,109.68146589023188,90.81320878874004,0.11351651098592505,0.3367018220627857,0.38004573116965235,Britney Spears,When Your Eyes Say It
TRIJWAB128F148AA50,SOUFGAS12A58A7CBE2,AR5GRYQ1187B9B32D5,En Vogue,Love Don't Love You (LP Version),The Very Best Of En Vogue,2001,238.18404,0.65021287085,0.457574537711,r&b/soul,rnb; 90s; leapsandbounds CDCollection; Superior Female Groups; vocalization,399,113,80.074965,0,140.49313860881958,111.58565569329946,0.13948206961662432,0.30899658437643485,0.3598081422487389,Britney Spears,When Your Eyes Say It
TRBIJXE128F93030F5,SOAQFBM12A8C132BE2,AROUKRB1187FB52CED,Maxwell,NoOne,Now,2001,281.05098,0.785887177869,0.634926643279,r&b/soul,soul; Neo-Soul; rnb; Maxwell; rhythm and blues,345,81,53.338541,0,118.9315693098011,99.14588627467884,0.12393235784334855,0.3376503091030716,0.3794524781199516,Depeche Mode,Precious (Live In Milan)
TRZRBOX128EF3435A7,SOUUAHI12A67AD822A,ARYXOV81187B99831D,Seventh Day Slumber,Broken Buildings,Finally Awake,2007,260.8322,0.609181991921,0.509243098679,rock,christian rock; christian; rock; post-grunge; top christian,138,71,22.494444,0,67.8597812206867,55.04553283323039,0.06880691604153799,0.2682103367796418,0.3111987924446036,Depeche Mode,Precious (Live In Milan)
TRJYWWT128F428B91F,SOJAKGK12A8C13A5A0,ARPKKQO1187B9A0037,Heideroosjes,If Trust Is Broken...,Schizo,1999,110.44526,0.577574621409,0.406029167399,punk,punk rock,108,73,14.491377,0,60.55669726585489,49.46279749545597,0.06182849686931997,0.2636887516399801,0.3047246931056597,Depeche Mode,Precious (Live In Milan)
TRPXWYY12903CEA77A,SOFGCFD12AB018B695,ARAUA5K1187B9AA95F,Hanne Hukkelberg,Displaced,Little Things,2004,125.3873,0.660288335577,0.449440365002,jazz,female vocalists; jazz; pop; Mellow; space age bachelorette pad music for the dysphoric and discombobulated,90,45,16.733201,0,29.654986997365246,26.119113363036146,0.03264889170379518,0.2880465211704423,0.3147151729410483,Crystal Castles,Insectica
TRJLLGF12903CF2551,SOFDEGP12A58A7CFD9,AR694O01187FB44F22,Diecast,Disrepair,Day Of Reckoning,1999,233.87383,0.687356865981,0.448949702161,metal,hardcore,222,107,29.966648,0,56.231808105888824,45.54308763988354,0.056928859549854424,0.2694386051730304,0.31156118974264796,Crystal Castles,Insectica
TRUKCWG128F9329B2C,SOBQPSU12AB0185A0A,ARAXAN11187B99D829,Analogue Brain,There Must Be More,Electroshock,2005,309.62893,0.468009282099,0.336443061891,classical,orchestral; DarkLight; Trance EBM; ebm floorfiller; brilliant,186,78,27.110883,0,50.20911314511926,42.273577644022154,0.05284197205502769,0.24740034761107382,0.2807633809469612,Crystal Castles,Insectica
TRQFRJG128F4260199,SOVJLIF12A8C137957,ARHXK5N1187B98F942,Opeth,The Moor,Still Life,1999,686.0273,0.772951363198,0.593469923779,metal,Progressive metal; progressive death metal; death metal; Progressive; Melodic Death Metal,247,132,27.367864,0,84.67739931318944,67.81281261802566,0.08476601577253208,0.2936160887521353,0.340771045232525,Motion City Soundtrack,Cambridge (Album Version)
TRGWDCG128E0781637,SOKWJIM12A6310F9C0,ARQI8NP1187B9AC77E,Beth Orton,Daybreaker (Roots Manuva Remix),Thinking About Tomorrow,2003,276.32281,0.715598093518,0.528267374599,folk,female vocalists; singer-songwriter; chill; folk; remix,177,68,30.397368,0,90.68489069317187,75.88953132441995,0.09486191415552493,0.28120669695733613,0.3185654363948355,Motion City Soundtrack,Cambridge (Album Version)
TRJFOEO128F4264048,SOTEVHU12A8C13133C,AR5DHN51187B9B9363,Macy Gray,Relating To A Psychopath,the id,2001,290.06322,0.742951140449,0.500485977711,r&b/soul,soul; funk; RB; rnb; fun,386,118,51.176166,0,102.15680471427757,82.94428532346879,0.10368035665433599,0.2705020560693632,0.31335128496045006,Motion City Soundtrack,Cambridge (Album Version)
TRTXUMP128F42833E0,SOGEPEU12A58A7E5B1,ARG4J2T1187FB3A8B8,Lori McKenna,Swallows Me Whole,Paper Wings & Halo,2002,253.20444,0.673947573217,0.42960930152,folk,female vocalists; folk; americana; singer-songwriter,291,93,49.487372,0,111.01156732921243,89.59686631268653,0.11199608289085816,0.2688321753912915,0.31275374220154567,Motion City Soundtrack,Disappear
TROIHBO128F42613D7,SOBXQKV12A8C13451B,AR456541187B98F3DB,Missing Persons,Destination Unknown,Spring Session M.,1982,216.73751,0.585234055218,0.405415485031,pop,80s; new wave; synth pop; electronic; pop,248,73,38.327536,0,88.28924816933893,72.26390466820045,0.09032988083525056,0.26819282139417266,0.30921995276911085,Motion City Soundtrack,Disappear
TRPVAMZ128F4286261,SOKJPGI12A8C136FB9,ARLVU821187B998BC2,Hayley Westenra,My Heart Belongs To You,Odyssey,2005,283.66322,0.740884859761,0.43930896966,classical,Classical; new age; female vocalists; Hayley Westenra; gl2,324,104,39.395431,0,119.57024377560722,93.06367121272682,0.11632958901590852,0.2493894360016222,0.2985499513844261,Motion City Soundtrack,Disappear
TRHZOEX128F93588AB,SOEXXLQ12A58A7A0CD,ARIFGKC1187B9B04D5,Dean Martin,Memories Are Made Of This,That's Amore,1964,176.06485,0.708436678094,0.643240355949,jazz,oldies; swing; easy listening; Dean Martin; crooners,121,73,16.970563,0,72.82137722804481,62.552583272431235,0.07819072909053905,0.2749075259139349,0.30615134610983813,Motion City Soundtrack,Fell in Love Without You (Cd)
TRFLMQX128F9341492,SOAPIAQ12AB01887CA,AR5O86P1187FB3B8CD,Edith Piaf,Dont Cry,The Essential Collection (Digitally Remastered),0,169.24689,0.537686929663,0.46672003247,punk,punk; covers; bizarre; novelty; poprock,257,65,52.40229,0,81.10788424171395,68.67747888477025,0.08584684860596281,0.27192582684436684,0.3058341100004412,Motion City Soundtrack,Fell in Love Without You (Cd)
TRYPZQG128E07999D6,SOKFMCV12A67AE0CBB,AR21YNH1187FB49649,Ms. Dynamite,Back Then,Judgement Days,2005,225.48853,0.589694605247,0.383863704328,hip hop,hip hop,407,103,55.244909,0,117.25435322720512,97.14809403734985,0.12143511754668732,0.26643563315888946,0.30407796918656604,Motion City Soundtrack,Fell in Love Without You (Cd)
TRYEMUJ128F92E0392,SODSJPM12AB017B07F,ARK8EHO1187B9B71D1,Shamen,Lightspan,En-Tact,1990,276.21832,0.605880471066,0.393660867924,electronic,techno; tribal; electronic; Acid; club,34,8,12.165525,0,50.0741883850526,47.13355266931803,0.05891694083664754,0.35024174424441157,0.358287226588662,Motion City Soundtrack,Point Of Extinction (Cd)
TRLDRZN128F4288F63,SOBLSVV12A8C13E4F8,ARLUAK21187B9B785A,Ziggy Marley And The Melody Makers,We Propose,Conscious Party,0,274.46812,0.750479817142,0.538491127504,reggae,reggae; marijuana; Reg-i-die,297,97,58.180753,0,164.3315437009849,135.4516972163365,0.16931462152042062,0.3091642031238648,0.3518213171957771,Motion City Soundtrack,Point Of Extinction (Cd)
TREADOS128E078EC1F,SORAWSB12A6701FBC8,ARTH9041187FB43E1F,Eminem,If I Had,The Slim Shady LP,1999,245.55057,0.871010615313,0.879236744738,hip hop,Eminem; rap; Hip-Hop; hip hop; if i had,736,237,94.88414,0,227.05939601972383,157.54227066647132,0.19692783833308916,0.24703592659419923,0.31848955762225756,Motion City Soundtrack,Point Of Extinction (Cd)
TRKZYBB128F92CC97D,SOGKWDL12A6D4F78E5,ARUM60L1187B9A7E1F,Stevie Wonder,Overjoyed,Stevie Wonder The Definitive Collection 2002,1985,222.4322,0.757921011206,0.600265107973,r&b/soul,soul; motown; Stevie Wonder; singer-songwriter; RB,234,86,35.79106,0,118.63634636545164,92.12939962081613,0.11516174952602017,0.2608455233346222,0.31243392137170756,Motion City Soundtrack,Stand Too Close
TRUWTMI128F92E3892,SOEGFVI12A8C14221A,ARFNJLY1187FB3E735,Binary Star,Indy 500,Masters Of The Universe,1999,279.17016,0.633365676221,0.427067011815,hip hop,Hip-Hop; hip hop; underground rap; underground hip-hop; rap,977,225,105.891454,0,220.29688290682637,142.61804380263578,0.17827255475329473,0.21802229386236405,0.29844378726260357,Motion City Soundtrack,Stand Too Close
TRTXEOI128F92FB090,SORRZSE12AAFF41602,AR4R1FL1187FB55C3B,Death From Above 1979,Too Much Love,Heads Up,2002,108.30322,0.738594498768,0.467071006345,rock,indie; dance-punk; indie rock; rock; punk,184,76,29.664794,0,87.64500975078529,66.75453431081023,0.08344316788851279,0.23631943683053655,0.2888860480337595,Motion City Soundtrack,Stand Too Close
TRPIOSU128F92DE1D7,SOKCCAJ12AAF3B527B,AR4KS8C1187FB4CF3D,Tori Amos,Winter,Legs and Boots: Chicago_ IL - November 6_ 2007,1992,516.51873,0.849988309657,0.586102345677,folk,piano; female vocalists; singer-songwriter; alternative; beautiful,255,81,27.92848,0,101.11057147773255,84.48965715317533,0.10561207144146917,0.25953117880637566,0.29546155033476196,Motion City Soundtrack,Worker Bee
TRLHKYJ128F1455E35,SOBWKKF12A6D4F5AC3,AR7I2SJ1187B9B41C3,Kim Richey,Good Day Here,Rise,2002,220.18567,0.605980514091,0.453897490295,country,Mellow; Alt-country; acoustic; favorites; female singers,147,55,22.847319,0,60.62833555155958,51.351716933940004,0.06418964616742501,0.2505649553369814,0.2830063197389198,Motion City Soundtrack,Worker Bee
TRCDRYD128F93059D2,SOUEAOW12AAF3B3C8F,ARYAUMZ1187B9A2A40,Spandau Ballet,Gold,Once More,1983,256.44363,0.650669245576,0.508107147698,pop,80s; pop; new wave; new romantic; british,319,97,52.392748,0,93.9960337497316,76.66831991848363,0.09583539989810454,0.23358708681908325,0.27194335374676004,Motion City Soundtrack,Worker Bee
TRAWOSR128F428CF3A,SOQTWZO12A58A7E2D0,ARBEFDH1187B9BA229,Nasum,I'm Not Silent,Inhale / Exhale,1998,49.47546,0.645830858976,0.397579864662,metal,grindcore; Swedish Metal,62,40,9.899495,0,34.269351194299595,31.386194460168944,0.03923274307521118,0.29335014972891466,0.31173356558221244,Interpol,Mind Over Time
TRYLJVY128F4246873,SOIBAKH12A8AE47BF2,ARKXNT61187FB40A0E,General Surgery,Viva ! blunt force trauma,Left hand pathology,2006,62.09261,0.58228310888,0.357978356968,metal,grindcore; death metal; Swedish Metal; Brutal Death Metal; deathgrind,42,30,6.855655,0,16.761997311102384,15.8386550676152,0.019798318834519,0.27656078748409874,0.2868531876759059,Interpol,Mind Over Time
TRKJHIA128F4252CD7,SOISMKA12A6BD548B5,ARWKO2O1187B9B5FA7,Tree63,All Over The World,Blessed Be Your Name - The Hits,2005,331.44118,0.647587400319,0.430969663992,rock,christian rock; praise and worship; this is great; worship; Love it,349,80,59.816386,0,90.58444794026383,77.54602279873896,0.0969325284984237,0.25075519221277703,0.28072991521252083,Interpol,Mind Over Time
TRLRKHZ128F425A881,SOLMLIY12A8AE46A28,AR6BJ1V1187B9AE3B7,Fleetwood Mac,I Held My Baby Last Night,Mr. Wonderful,1969,268.90404,0.747903749594,0.600454434857,blues,blues; Fleetwood Mac; christine mcvie; rock; Classic British Hard Rock,133,53,20.92845,0,61.9951733515917,56.75457736075751,0.07094322170094688,0.407009742605487,0.42807988518825096,The Clash,I Fought The Law
TRYJQIJ128F428B091,SOYVIXN12A58A77894,AR4TMIS1187FB52CE1,Tyrese,All Ghetto Girl,I Wanna Go There,0,243.53914,0.766466049188,0.496158025047,r&b/soul,rnb; love music; Tyrese All Ghetto Girl; soul; tyrese,485,129,61.538606,0,91.80289362912924,77.71390013862717,0.09714237517328396,0.30295153783208284,0.33604510619556377,The Clash,I Fought The Law
TRQYFPX128F42A834D,SOZQNML12A8C13D971,ARUN69Q1187B98E4D4,Patricia Barber,My Girl,A Distortion Of Love,1992,224.15628,0.609182854439,0.423555940207,jazz,jazz; female vocalists; vocal jazz; Smooth Jazz; vocal,162,61,31.064449,0,49.287219903741864,44.12376262805695,0.05515470328507119,0.28494784988062105,0.30795971058699584,The Clash,I Fought The Law
TRECYTZ128F428BB4B,SOXTNEG12A8C139823,ARERLPG1187FB3BB39,Tom Waits,Christmas Card From A Hooker In Minneapolis,Blue Valentine,1978,273.18812,0.83758874072,0.554061589947,blues,blues; rock; christmas; singer-songwriter; sad,267,133,35.142567,0,170.93612530044706,112.521332220384,0.14065166527548,0.2460364372205256,0.33134126343263753,The Clash,The Magnificent Seven
TRKBSQB128F146534E,SOPZCLC12A6D4F6FA8,ARZO0421187FB5C01A,Bettye Swann,Willie And Laura Mae Jones,Bettye Swann,1969,163.83955,0.530743509515,0.338899826234,r&b/soul,soul; country soul; AG; soul covers,368,150,48.610698,0,201.9527253466071,127.15650642981018,0.15894563303726272,0.22816629572957708,0.31948835006250015,The Clash,The Magnificent Seven
TRXGXDF128F92E26FC,SOUJYOE12AB0186B79,AR76DOS1187FB5AE78,The Jeff Healey Band,I Can't Get My Hands On You,LIVE AT MONTREUX,1990,261.17179,0.716854351769,0.414236247722,blues,guitar; blues rock; classic rock; blues; bluesrock,283,111,40.099875,0,152.81605047550246,100.81060707812719,0.126013258847659,0.23231216606861338,0.3141849565033409,The Clash,The Magnificent Seven
TRRYCLJ128F42A56FF,SOVECCN12AF72AC5B7,ARS23GQ1187FB4F71A,Ledisi,Alright,Lost And Found,2007,277.65506,0.746619436962,0.535121107496,r&b/soul,Neo Soul; soul; female vocalists; rnb; mellow soul,404,96,72.0,0,327.3321082832427,281.475282772493,0.3518441034656163,0.4774769014918444,0.5150208016105109,Yellowcard,Believe
TRRAYKA128F145B10D,SOWDSGZ12AF72A0B28,ARIZ8KE1187FB3F2A2,Rachelle Ferrell,Welcome To My Love,Rachelle Ferrell,1992,339.48689,0.587246278452,0.415518531218,r&b/soul,easy listening; toccara0217; Lounge Love; Neo Soul; love songs,332,97,45.442271,0,237.0367865266284,197.75714588804175,0.24719643236005218,0.41813445185870607,0.46273561252857814,Yellowcard,Believe
TRGPDHJ128F14527D5,SOVKUMU12D0219A271,ARAZCWP129462A97F1,Bob Marley & The Wailers,One Love / People Get Ready,Africa Unite: The Singles Collection,2004,171.65016,0.845898546039,0.580973894601,reggae,reggae; Bob Marley; roots reggae; optimistic; roots,236,86,36.60601,0,203.34718203514345,170.16332607184506,0.21270415758980632,0.3530916491302229,0.3941847799267135,Yellowcard,Believe
TRBBHME12903CC80A7,SOUJRHB12A8C13BB04,ARUU13E1187FB3EB48,Bouncing Souls_ The,Don't You (Forget About Me),The Bad_ The Worse_ and The Out Of Print,2002,287.08526,0.715551109546,0.469057797892,punk,punk; cover; rock; covers; new jersey,256,94,41.605288,0,135.5453528658779,105.65920123724133,0.13207400154655166,0.29990258366001976,0.3545985761260982,Yellowcard,Empty Apartment
TRUQTEZ128F9314E5D,SOJNLTM12AB017F15C,ARJOCR71187B99286F,Reckless Kelly,Broken Heart,Wicked Twisted Road,2005,190.9024,0.651000070625,0.521303752303,country,Alt-country; country; great song; malesinger,212,76,33.867388,0,108.29892296280609,86.5259144956025,0.10815739311950313,0.288900990979939,0.33659570286530505,Yellowcard,Empty Apartment
TRVSEAY128F428EA5A,SOUMTGW12A8C13AE05,ARGMXQW1187FB54C34,Eliane Elias,Call Me,Dreamer,2004,250.17424,0.669726187566,0.427914246983,jazz,jazz; female vocalists; Bossa Nova; female jazz vocalist; brazil,274,68,54.120237,0,121.28739790845957,95.34911881465358,0.11918639851831697,0.27464934926621376,0.3247015521590952,Yellowcard,Empty Apartment
TRHYCUH128F146F7BD,SOXTHZL12A6D4F6CDF,ARDEBMB1187B9B7CBA,Ultravox,Private Lives,Vienna,1980,247.82322,0.695410780821,0.470377511449,electronic,new wave; 80s; new romantic; electronic; synthpop,88,63,11.61895,0,88.53583171188636,74.11056406853457,0.09263820508566821,0.3173359515388062,0.3569333413725601,Rise Against,But Tonight We Dance
TRGNSQY128F148D76D,SOQHMMQ12A6D4F9C43,ARAC3XF1187FB368E7,Silje Nergaard,Dance me love,Nightwatch,2003,298.1873,0.638939864269,0.383315621867,jazz,jazz; female vocalists; jazz vocal; vocal jazz; romantic,132,47,29.614186,0,98.37428328889075,86.11870510910245,0.10764838138637806,0.29300686102707757,0.31973023875472784,Rise Against,But Tonight We Dance
TRZJPUU128F932D02D,SOOKGFA12AB017FE9D,ARNF6ZR1187B98C1FA,American Steel,Emergency House Party,Dear Friends and Gentle Hearts,2009,110.86322,0.659751845635,0.417360987698,punk,punk; rock; folk; punk rock; pop punk,181,59,32.015621,0,128.96233755880903,108.07230801310635,0.13509038501638293,0.2774211744442182,0.31371988720395766,Rise Against,But Tonight We Dance
TRCGADQ128F42B01C5,SOQOHGP12A8C14055D,ARBOZ711187FB3E8A0,Heather Headley,Wait A Minute,In My Mind,2006,211.22567,0.710660506071,0.503606427668,r&b/soul,soul; rnb; female vocalists; essential; need,354,107,50.635956,0,114.43214056102069,89.94986924199178,0.11243733655248972,0.27442753463258346,0.32456294631075955,Rise Against,Faint Resemblance
TRNYWKO12903CC545D,SOYCNLA12A81C231AB,AR98AOE1187B9AC952,Dismantled,Fields,Standard Issue,2006,331.38893,0.605730737966,0.37589328673,electronic,electronic; synthpop; industrial; ebm,238,87,37.067506,0,81.07576552711959,64.14081626769233,0.0801760203346154,0.27316986205957283,0.321889472351341,Rise Against,Faint Resemblance
TRJEJOJ12903CAA2B2,SOYCNBV12AAF3B5291,AR0ULD71187FB50317,Desaparecidos,Fiesta Loca,House Passion vol. 3,2009,371.80036,0.685812276262,0.443583111159,electronic,dance; electronic; House; party; club,221,61,28.089144,0,78.89145597886082,65.78723621587423,0.08223404526984279,0.28049275726004136,0.3184439638404864,Rise Against,Faint Resemblance
TRXDHHL128F93420AE,SOTSUJH12AB0182EF5,ARLJX3H1187FB3AB9F,The Von Bondies,Earthquake,Love_ Hate And Then There's You,2009,184.92036,0.742585062463,0.468067034725,rock,Garage Rock; alternative rock; indie rock; garage; 00s,248,78,44.777226,0,161.17645998998074,129.60878865768726,0.16201098582210907,0.2577876782011704,0.3014735202682856,Rise Against,Survive
TRGVQSU128F4260009,SOECQKU12D0219A2E4,ARYJSY01187B9B7C65,Dolly Parton,Highlight Of My Life,Original Album Classics,1974,138.05669,0.765263787803,0.594469274524,country,country,175,42,36.878178,0,71.53642508411285,60.14076604864332,0.07517595756080415,0.26015348156923196,0.29394513917475623,Rise Against,Survive
TREDLRB128EF34C21B,SOLWPMI12A6BD55D16,ARDTIOA1187B99E779,Cloud Cult,2x2x2,The Meaning Of 8,2007,256.522,0.668527966716,0.439144772804,rock,MOONH8SUN; aitchchill; aitchsonic; aitchepic; epic,143,55,18.520259,0,98.22948566486878,82.96569720038777,0.10370712150048471,0.2587704104457458,0.2913484277598137,Rise Against,Survive
TRFLIUK128F4267203,SOWGPJV12A8C138B09,ARIMZQZ1187B9AD541,Thrice,Digital Sea,Come All You Weary,2007,213.65506,0.873238652758,0.519965479287,electronic,experimental; ambient; post-hardcore; alternative; alternative rock,175,82,24.124676,0,120.32908863734394,94.99172365026773,0.11873965456283467,0.2633965301037146,0.3113294260412552,Rise Against,The Dirt Whispered
TRJNMGP128F92E0427,SOGXZZI12AAF3B2704,AR8UICP11C8A4154FD,Hey Monday,Josey,Hold On Tight,2008,199.28771,0.750449156749,0.602880095927,punk,punk; pop; hey monday; powerpop; female,244,84,34.088121,0,134.1711473008556,102.31268510676887,0.1278908563834611,0.2518719276166969,0.30617697054484794,Rise Against,The Dirt Whispered
TRRIRCF128F426A606,SOFRVOH12A8C132F50,ARXPPEY1187FB51DF4,Michael Jackson,You Are Not Alone,BLOOD ON THE DANCE FLOOR/ HIStory In The Mix,1995,457.06404,0.86652031981,0.899991594263,pop,pop; michael jackson; 90s; Ballad; soul,353,92,68.658576,0,147.82953992733485,110.82301131308198,0.13852876414135248,0.24801667762470364,0.3055097303556769,Rise Against,The Dirt Whispered
TRCZLLQ128E0792778,SOQQTFV12A6701C5F6,ARK9TRQ1187B99C095,Nine Inch Nails,Something I Can Never Have,And All That Could Have Been/Still,1989,399.41179,0.905776888666,0.629541625998,rock,industrial; industrial rock; NIN; sad; rock,283,91,47.265209,0,89.47993937802887,71.185429705548,0.088981787131935,0.2996986669349954,0.3497786287695695,The Offspring,Get It Right (Album Version)
TRMYJUA128F428A590,SOVNZON12A8C137ECD,ARANOZN1187B9B373E,Descendents,When I Get Old,Everything Sucks,1996,149.4722,0.727230315463,0.476559378978,punk,punk rock; punk; pop punk; very knorpelfunky; p-rock,232,84,47.042534,0,80.39732858405667,64.41719689669038,0.08052149612086298,0.29473949430976676,0.3427735120098,The Offspring,Get It Right (Album Version)
TRZIUGN12903CE26E3,SOELKBA12AC3DFA57B,AR7SDYW1187B9AE835,InMe,All Terrain Vehicle                      	,Herald Moth,2009,225.77587,0.636238227466,0.474288775705,rock,alternative; Ballad; classic rock; mood; C,231,63,34.698703,0,89.6484238619263,74.53109219804644,0.09316386524755804,0.30109343749242967,0.3408643089590555,The Offspring,Get It Right (Album Version)
TRZUINP128F425A9CA,SONXYSY12A8AE45CAB,AR5YRCN1187B98E3C8,Westlife,Bad Girls,World Of Our Own,2001,202.91873,0.759393359529,0.553736196336,pop,westlife; irish; teen pop; male vocalists; Westlife ukendt,439,93,70.5762,0,148.14086308553806,123.32339948358509,0.15415424935448135,0.3169786839285669,0.35784323647176247,The Offspring,Want You Bad
TRGPKPO128F9346478,SOIKYUY12AB01814C2,ARXDS951187FB4016B,Frenzal Rhomb,Ballchef,Sans Souci,2003,78.62812,0.614940035593,0.447245808939,punk,punk; aussie punk; funny; australian,130,75,15.297059,0,59.654081973502805,51.01092342007465,0.06376365427509331,0.32261123874194925,0.3576891833139155,The Offspring,Want You Bad
TROSRFJ128F428A759,SOTEDRT12A8C13FBA7,ARPKK761187FB4D53C,The Ataris,You Need A Hug,End Is Forever,2001,229.82485,0.827853769867,0.517328583566,punk,punk rock; punk; The Ataris; emo; favorites,249,86,40.755368,0,94.56331849519836,79.48089119403497,0.0993511139925437,0.3075079514777122,0.34568874475802985,The Offspring,Want You Bad
TRREOLO128F429386C,SOVFAMV12A58A7BBD4,ARY19RY1187B989EF1,Bis,Punk Rock Points,Music For A Stranger World,2000,171.85914,0.594166692219,0.366511522286,electronic,electronic; electronica; electronic punk; perfect party; Bis,321,73,72.580989,0,193.62522828916514,169.0688301736803,0.21133603771710038,0.38130506002714093,0.4135257387636266,The Offspring,Staring At The Sun
TRVUUIA128F428A338,SOQAPQA12A8C13CAFD,ARKP23F1187B9A26F9,The Slackers,Close My Eyes,Close My Eyes,2003,225.85424,0.685315222699,0.429601122698,reggae,ska; reggae; pop; summer; relaxing,302,86,63.06346,0,197.24449996092693,167.30275080727878,0.20912843850909849,0.35945512705802557,0.39817097146103164,The Offspring,Staring At The Sun
TRTJJZY12903CF761E,SOBQOCH12AC468C978,AR60ODO1187FB4D9AB,Joan Baez,Don't Cry For Me Argentina,Live,1980,193.17506,0.732261286176,0.455289243597,rock,rock; funky; jazz; folk; soul,198,106,25.357445,0,115.93505143440743,91.59468207700574,0.11449335259625718,0.28983055656396206,0.3402686470828329,The Offspring,Staring At The Sun
TRFVEPF12903CBAF1D,SOVBJCS12A8C1326BE,ARTFOPZ1187B9B2326,Third World,World Of Uncertainty,25th Anniversary,1985,273.6322,0.600225865212,0.443108215708,reggae,reggae; third world,171,99,18.867962,0,89.87129377641861,72.41010307324986,0.09051262884156232,0.31325395433576086,0.36079114457017136,Bad Religion,Operation Rescue
TRSXWSL128F933DFE5,SODHPHU12AB0187560,ARDCQM61187B9951CE,Sneaky Sound System,16,Sneaky Sound System,2008,223.08526,0.744844377269,0.447386029272,pop,pop; bez-stres-owe; australian electro; miianens playlist,331,75,57.775427,0,88.56836376268443,72.86686807959539,0.09108358509949424,0.26557405891185637,0.3053180209895217,Bad Religion,Operation Rescue
TRQCXUL128E078A9D6,SOIAMAG12A6701DCFC,ARIHE7O1187FB47DED,The Streets,The Irony Of It All (Album Version),Original Pirate Material,0,208.92689,0.772909488109,0.562158308286,electronic,electronica,640,270,63.142696,0,133.72120487873323,87.19042841975728,0.1089880355246966,0.22381856630907465,0.2994262336620754,Bad Religion,Operation Rescue
TRCEPWK128F42365A9,SOAWPWR12A81C22BBD,ARYOXBT1187FB4743C,Glassjaw,Pretty Lush (Album Version),Everything You Ever Wanted To Know About Silence,2000,179.64363,0.777699094258,0.501266790001,metal,hardcore; screamo; musical genius; 360shift,277,110,38.013156,0,123.12134079761148,95.74623953547767,0.11968279941934709,0.25553878088542675,0.30586159139232355,Silverstein,When Broken Is Easily Fixed (Album Version)
TRWXPSX12903CEB577,SOZNHOP12A67ADB12D,AR8S6R11187B9B0407,Nevermore,C.b.f.,Nevermore,1995,362.1873,0.667327003914,0.45403627739,metal,Progressive metal; thrash metal; progressive thrash metal; metal; contains eternal truths,174,90,19.0,0,99.71728901771183,78.96259989092287,0.09870324986365359,0.25384509896811075,0.30042190037225147,Silverstein,When Broken Is Easily Fixed (Album Version)
TRWFFEM128F4262753,SOYESAN12A58A80C12,ARUB0K61187B9B9AC3,Hot Water Music,Bottomless Seas,The New What Next,2004,188.99546,0.690934859615,0.454855349872,punk,punk; post-hardcore; chris wollard,159,76,19.313208,0,96.12689730482248,78.25053111021315,0.09781316388776644,0.25284862241069417,0.293636981026164,Silverstein,When Broken Is Easily Fixed (Album Version)
TRCMXOT128F1489C6F,SOEETRF12A58A79ECC,ARAPFN61187B990019,Otis Redding,The Dog ( LP Version),Pain In My Heart,1964,156.86485,0.705990592883,0.53979605024,r&b/soul,soul; funk; blues; rhythm and blues; 60s,146,29,37.828561,0,113.9478608481489,108.71401321490181,0.13589251651862727,0.3854033028987809,0.39639138652074374,The Cure,Want
TRGUDLL128F92FA35A,SOMOZXO12AB01842E7,ARCJBLL1187B9908C3,The Specials,Do The Dog,Too Much Too Young - Live,0,127.42485,0.720323941004,0.50506946734,reggae,ska; two-tone; reggae; british; --8,203,56,39.076847,0,110.2149785664499,103.16944192719114,0.12896180240898894,0.36999834975237567,0.3855036568453881,The Cure,Want
TRGENXK128F1495143,SOODDCC12A6D4F896F,ARD66TF1187B9A1670,tobyMac,TruDog: The Return,Double Take - tobyMac,2004,142.70649,0.845045147312,0.586583175722,hip hop,cute; christian hip-hop; cool; funny; christian rock,132,49,24.799194,0,95.38354341002064,87.27432070848704,0.1090929008856088,0.28982082665710995,0.30837623053489543,The Cure,Want
TRXPMCA128F421A28C,SOHSOGT12A58A7DDC4,ARQRSO41187B997463,Dance Hall Crashers,DHC,The Old Record,1993,162.95138,0.537568678189,0.436114774999,reggae,ska; 3rd wave ska; Dance Hall Crashers; when we liked ska,284,122,33.0,0,151.9894938930072,115.60771322716931,0.14450964153396165,0.271326080673371,0.32824379073085264,Hey Monday,Josey
TRFNVPY128F92D2626,SOUKLPY12A8C1451A8,ARZWK2R1187B98F09F,Rise Against,The Dirt Whispered,Appeal To Reason,2008,189.04771,0.847081688244,0.625080480974,punk,punk rock; melodic hardcore; punk; rock; hardcore punk,275,114,30.967725,0,134.1711473008556,102.31268510676887,0.1278908563834611,0.2518719276166965,0.306176970544848,Hey Monday,Josey
TRPDBNV128F423F018,SOPTRSN12A8C1312E0,AR63DJ41187FB4056D,Mojave 3,Tinkers Blues,Spoon And Rafter,2004,309.52444,0.608932556031,0.456934739464,folk,indie folk; intimismi; under stars,311,100,39.10243,0,131.3261497234761,98.61024214467986,0.12326280268084983,0.23728691204392413,0.2928432390297616,Hey Monday,Josey
TRLJPRR128F1466819,SOZGPVL12A6D4F73FD,ARQCSP31187B9A17ED,Us3,Knowledge Of Self,Hand On The Torch,1993,258.08934,0.686350895519,0.474644868283,jazz,jazz funk; jazz; Hip-Hop; rap; 90s,621,213,76.967526,0,213.10754926597573,160.30266217026002,0.20037832771282502,0.3384015867544843,0.402219141430444,The Clash,1-2 Crush On You
TROHCKX128F42ADF06,SOZRRPP12A8C13CAAF,AR1CB5G1187B9AFB8E,Electric Light Orchestra,Auntie (Ma-Ma-Ma Belle),On The Third Day,1973,79.20281,0.797890010219,0.531399329244,rock,classic rock; ELO; Auntie,162,70,33.79349,0,94.00027322077914,79.38046520016312,0.0992255815002039,0.35104591173849903,0.390123382811117,The Clash,1-2 Crush On You
TRDOQOR128F42A64EC,SOQERAI12A8C1402F9,ARM6HLK1187FB427F0,Talib Kweli,Eat To Live (Album Version),Eardrum,2007,187.74159,0.77279440418,0.55101644296,hip hop,hip hop; real hip hop; true school; if only everyone knew,528,185,53.628351,0,167.12460136707838,123.37335313344411,0.15421669141680514,0.27294872162531086,0.33638757436205213,The Clash,1-2 Crush On You
TRTJIOL128F1495A4B,SOCXPOX12A6D4F95D1,AR2UWUD1187B9B3B01,Nina Simone,He Ain't Comin' Home No More,Compact Jazz - Nina Simone,1967,191.99955,0.761138734412,0.545536177337,classical,nina simone; black classical music; hahnm; drjazzmrfunkmusic,131,71,18.734994,0,113.31621423080252,103.33817440564094,0.12917271800705118,0.4091982742144975,0.43089948471442263,The Clash,Brand New Cadillac
TRMCDPD128F92EF9C1,SOOIIBA12A8C130C42,ARXF3K21187FB39749,Junior Senior,C'Mon,d-d-don't don't stop the beat,2002,191.68608,0.631513838471,0.46789089461,electronic,electronica; dance; indie rock; letsdance; my INP,360,120,60.539243,0,161.06864915862064,138.82499820402566,0.17353124775503206,0.2732496436080039,0.30269318991216787,The Clash,Brand New Cadillac
TRHTGXF128F931BEE7,SOVJMLE12AB01848BF,ARRZUPG11F43A69EF7,Jackson 5,Goin' Back To Indiana,Goin' Back To Indiana / Lookin' Through The Windows,1970,287.79057,0.652215037254,0.661674150757,r&b/soul,soul; motown; funk; pop; michael jackson,251,89,45.01111,0,103.00936731261778,89.18528585136049,0.1114816073142006,0.26610762922992603,0.2944816603532331,The Clash,Brand New Cadillac
TRCIOCW12903CD1DD6,SODGIKA12AB0189D13,ARDN4WU1187FB4CFB1,999,Me And My Desire,999,1978,229.35465,0.57798944235,0.46980983721,punk,punk; punk rock; 77davez-all-tracks; Old School Punk; three,184,72,27.349589,0,158.564614669608,132.09420581837736,0.1651177572729717,0.3257427437154893,0.36577238713073856,The Clash,Cool Confusion
TRDAMMQ128F93296F1,SOSPYJZ12A58A7B509,ARJ0D0S1187B9954C1,Jackie Greene,Hollywood,American Myth,2006,299.59791,0.644165799408,0.386481258392,blues,blues-rock; underrated; americana; singer-songwriter; folk-rock,391,185,34.409301,0,213.86528991082523,155.39406373788765,0.19424257967235956,0.28660872453118497,0.35568401011668804,The Clash,Cool Confusion
TRCQZCM128F425FD8C,SONGPQL12A8AE45DE5,ARA3I0J1187FB57869,Blink-182,GO,Greatest Hits,2003,111.75138,0.851351443053,0.582346373958,punk,punk rock; pop punk; punk; alternative rock; rock,192,76,40.373258,0,178.19725949394433,147.79998330113654,0.18474997912642066,0.31154560679155846,0.3516504448064344,The Clash,Cool Confusion
TRLHHPJ128F92EF565,SOIGEST12AAA8C9336,ARH1PO91187FB3EF45,Crash Romeo,Minutes to Miles,Minutes to miles,2006,226.14159,0.627071553296,0.369902868877,punk,pop punk; nice; download,220,90,26.400758,0,97.26197831503174,76.01804360830839,0.09502255451038549,0.26505908429017033,0.31569868658207717,The Clash,First Night Back In London
TRBHTIG128F92F4B81,SOQWGSB12AB01820EB,AR0GKOG1187B990042,Rehab,Chest Pain,Graffiti The World,0,182.9873,0.73300955457,0.529700224941,hip hop,rap; white rap; Megadeth; psycho metal; rehab,482,208,39.648455,0,112.84400996850118,71.6397129227422,0.08954964115342776,0.20312563464364852,0.284453950087085,The Clash,First Night Back In London
TRDPGXU128F9339C2A,SOELYON12AB01876A3,ARLHO5Z1187FB4C861,Beastie Boys,B-Boy Bouillabaisse: A.W.O.L. (2009 Digital Remaster),Paul's Boutique (20th Anniversary Remastered Edition),0,105.56036,0.853124523276,0.591628024008,hip hop,hip hop; leapsandbounds CDCollection,1746,505,153.652205,0,197.74731866793954,91.61182956458853,0.11451478695573566,0.1633735272436195,0.2816806020182796,The Clash,First Night Back In London
TRGRMJO128F931914F,SOEAVRJ12AB0185692,AR6A1DO1187FB4821F,Good Riddance,21 Guns (Good Riddance),Generations 1: A Punk Look At Human Rights,0,129.38404,0.649598343701,0.490569819253,punk,punk; hardcore; punk rock; melodic hardcore; hardcore punk,162,99,22.912878,0,75.85491717156737,62.75691477459177,0.0784461434682397,0.27765799035884603,0.3170151471041442,The Clash,Inoculated City
TRDVYVJ128F426F7C0,SOXYGEE12CF5F875CF,AR5FP401187FB523C9,Bob Dylan,With God On Our Side,Another Side Of Bob Dylan / The Times They Are A-Changin' / The Freewheelin' Bob Dylan,1964,427.31057,0.841742616105,0.622134167873,folk,folk; anti-war; 60s; folk rock; Protest,343,161,34.510868,0,98.24381189918361,74.66878473704197,0.09333598092130246,0.2514941508474836,0.30418587020183013,The Clash,Inoculated City
TRKQRSQ128F92D5134,SOTTAJB12A8C142C18,AR4L4WQ1187FB51996,The Prodigy,Invaders Must Die,Invaders Must Die,2008,294.66077,0.638614022451,0.601436482837,electronic,electronic; big beat; electro; Rave; techno,36,6,14.422205,0,35.519398604997264,34.00932594678578,0.042511657433482224,0.2864594037549774,0.29157536173046106,The Clash,Inoculated City
TRGDVJI128F932E44D,SOVNQMR12AB018007E,ARXGZ2L1187B9B687D,VAST,Here's To All The People I Have Lost,Me and You,2009,262.19057,0.677820199183,0.432769144617,rock,rock; beautiful; male vocalists; acoustic; sensual,130,40,25.534291,0,68.72939806640944,59.52208890000935,0.07440261112501169,0.2900701925029429,0.32009459756215247,The Clash,Lost In The Supermarket
TRHKTGD128F1498F55,SODURWF12A6D4FACFC,ARLPFWM1187FB4CCCB,Blossom Dearie,Just In Time,Sings Comden and Green,1959,216.00608,0.636627822666,0.396354468918,jazz,jazz; female vocalists; vocal jazz,76,46,13.674794,0,51.789078163560156,43.82304299460748,0.05477880374325936,0.2615795182478969,0.2948240327779399,The Clash,Lost In The Supermarket
TRNFHLX12903CC5B12,SOPZHUT12AB0184E13,AR8XRHT1187FB56693,Autograph,The City,Stone Land,0,265.63873,0.579741075895,0.514656068652,hip hop,autograph nuevo,307,160,30.199338,0,108.28880215010173,77.45390527779072,0.0968173815972384,0.22871176184419423,0.2908653520618655,The Clash,Lost In The Supermarket
TRPVDFG128E0794605,SOAFXSG12A58A76FC1,ARHW3XF1187FB42F2B,Cameo,Funk Funk,Gold,1993,288.44363,0.77524424858,0.450053066129,r&b/soul,funk; p-funk; 70s; 80s; soul,292,100,38.170669,0,271.7671766506446,243.8486766285423,0.3048108457856779,0.48658744007908084,0.5134272613056896,The Clash,Overpowered By Funk
TRMQPXI128F42ACF69,SOQFMUI12A8C13EC9D,ARXGNJV1187B9B8962,The Bar-Kays,Shake Your Rump To The Funk,True Funk [3 CD Set],1976,209.24036,0.633649701326,0.452155549222,r&b/soul,funk; soul; stax; funky stuff; stax soul,258,66,43.27817,0,221.80617559344375,198.34360312947746,0.24792950391184682,0.40237177546250846,0.42869582474767776,The Clash,Overpowered By Funk
TRLXXCC128F92EABC3,SOVBBZR12AB017F913,AR1JLAW1187FB38508,Funkadelic,One Nation Under A Groove,The Original Cosmic Funk Crew,1978,448.96608,0.684109500564,0.42582082334,r&b/soul,funk; 70s; p-funk; soul; psychedelic,499,83,66.174013,0,264.95117265414206,227.25237357709364,0.28406546697136703,0.35147887329080024,0.38711815554198914,The Clash,Overpowered By Funk
TRSMIAW128F9340827,SOKEOFH12AB0185E17,ARROWYU1187B9AB4BB,Big Bad Voodoo Daddy,Reefer Man,How Big Can You Get?: The Music Of Cab Calloway,2009,174.70649,0.620995693213,0.521712405225,jazz,swing; cover; Big Band; 420; Neo-swing,217,63,45.6618,0,82.86090427628473,71.08508339941768,0.0888563542492721,0.30465242463670117,0.33773217195733324,Bad Religion,Automatic Man (Album Version)
TRQZEGA128F428FEFE,SOPSGBC12AF72A956D,ARNDB1X1187B990AA0,Suicidal Tendencies,Possessed To Skate,Join The Army,1987,153.86077,0.736677413341,0.526182556347,metal,hardcore; punk; crossover; Suicidal Tendencies; thrash metal,175,90,22.15852,0,64.75213624923003,53.08437350567315,0.06635546688209143,0.2925828761839149,0.3353142092849673,Bad Religion,Automatic Man (Album Version)
TRCTHSQ12903CA82D3,SOQRGIE12AB018B62C,ARH3TXI1187FB3A486,Kathy Troccoli,I Call Him Love,Greatest Hits,1997,244.92363,0.533659594371,0.365822369137,pop,christian; pop; worship; inspiration; gospel,242,70,46.797436,0,91.61041045021815,77.4434833011144,0.096804354126393,0.29689975632435933,0.33297763699294886,Bad Religion,Automatic Man (Album Version)
TRXXGPE128F42916C7,SOKBWRK12A8C138EE6,ARKR0111187B99FD2A,Monica,Hurts The Most,After The Storm,2003,284.00281,0.874640887608,0.581217000341,r&b/soul,Monica; rnb; break-ups; r and b; female vocalists,587,140,81.865744,0,144.529400918033,103.57840830541879,0.1294730103817735,0.2454059170114591,0.31170020332953186,Bad Religion,Chimaera (Album Version)
TRGVJCZ128F9336F83,SOFFUJG12AB01836C0,AR4EJQP1187FB528D0,Sopor Aeternus & The Ensemble Of Shadows,Some Men Are Like Chocolate,Les Fleurs du Mal,2007,320.28689,0.602672225805,0.457414792347,classical,darkwave; Gothic; beautiful; neoclassical darkwave; Favourite Songs,250,125,27.712813,0,92.43082394680698,67.31196559934706,0.08413995699918382,0.22745448525082737,0.2878669032844581,Bad Religion,Chimaera (Album Version)
TRGPKPO128F9346478,SOIKYUY12AB01814C2,ARXDS951187FB4016B,Frenzal Rhomb,Ballchef,Sans Souci,2003,78.62812,0.614940035593,0.447245808939,punk,punk; aussie punk; funny; australian,130,75,15.297059,0,51.663923006909926,40.785505099492504,0.05098188137436563,0.24133176285100594,0.28680819626765863,Bad Religion,Chimaera (Album Version)
TRZGDIA128F4294E98,SOTKMPY12A8C142971,ARM9O3J1187B989D15,Tonedeff,Ridiculous,Underscore,2003,248.29342,0.6340309589,0.42449282386,hip hop,hip hop; new york; Hip-Hop; strings; 00s,605,264,54.470175,0,128.76455331714527,82.78918621997687,0.10348648277497109,0.22215591131761048,0.30416828441322125,Bad Religion,Damned to Be Free (Album Version)
TRSFRAV128F4291046,SOTGVYT12A8C14219A,AR1QAQA1187FB3DF70,Skinless,Wicked World,Trample the Weak_ Hurdle the Dead,2006,347.01016,0.701794975235,0.42582508296,metal,death metal; cover; sabbath covers; covers; groovy,110,74,11.958261,0,66.04534131965059,50.78669921870787,0.06348337402338483,0.2357137969623808,0.286204791452872,Bad Religion,Damned to Be Free (Album Version)
TRJYSJS128EF356B75,SOTFXJB12A58A7692B,ARQATWU1187B98EE26,Ill Niño,Re-Birth,Confession,2003,172.9824,0.809552209546,0.583147022091,metal,metal; Nu Metal; metalcore; rock; alternative,378,89,73.607065,0,94.6223161180219,70.98926615295315,0.08873658269119143,0.22468105063271038,0.278632500705379,Bad Religion,Damned to Be Free (Album Version)
TRBGUJV128E078FE5D,SOJUIXL12AF729FE1E,ARW8Z0L1187FB5091A,Dru Hill,Share My World,Dru Hill,1996,267.51955,0.675814548354,0.473580998559,r&b/soul,rnb; male; Favorite; r and b; stream,405,103,58.762233,0,87.06916958990925,66.58755221314436,0.08323444026643045,0.25451326063582236,0.30840889478718625,Bad Religion,Get Off
TROYKQM128F428CCED,SOTGYAV12A8C139BF5,AR3MSAN1187B98F06B,OutKast,Mainstream,ATLiens,1996,320.23465,0.796420043773,0.574497025958,hip hop,outkast; hip hop; rap; southern hip-hop; 90s,863,310,83.114379,0,130.74792477706114,81.69350264766955,0.10211687830958693,0.22357600294713284,0.3076822382655918,Bad Religion,Get Off
TROOJPJ128F14A2A86,SOMPSML12A6D4FADB0,ARPR9W71187FB3723A,Brand Nubian,All For One (Explicit) (2006 Remastered LP Version),The Very Best Of Brand Nubian  [Explicit] [Digital Version],0,295.75791,0.625067374561,0.426656264996,hip hop,Hip-Hop; relax-hop mixtape,931,317,105.707143,0,122.74685467858654,74.18849919543376,0.09273562399429221,0.2116682090863613,0.2990935338374658,Bad Religion,Get Off
TROAHPF128F92FC9E9,SOYCEDV12AB017A4C7,ARBRL2P1187B9AF9E4,The Lucksmiths,Guess How Much I Love You,A Good Kind Of Nervous,1997,202.44853,0.646413476221,0.458207543894,hip hop,Mellow; Love; so the distance is just nothing; music to think about ex-boyfriends to; songs for small coastal towns,192,83,29.715316,0,73.8746673821666,62.541461988563185,0.07817682748570398,0.253576742702685,0.28569660872454616,Funeral For A Friend,Juneau
TRAPMUC128F92F3121,SONYKAZ12A8AE4579F,ARVA5B71187B9A0FCD,Incognito,Stone Cold Heart,Who Needs Love,2003,364.06812,0.693952590684,0.498625084813,r&b/soul,soul; georgia; acid jazz; UK soul; drjazzmrfunkmusic,283,82,42.391037,0,109.06712528187353,90.6706530998691,0.11333831637483638,0.24381692793566448,0.2784123935371073,Funeral For A Friend,Juneau
TRAFEVZ128F9340E0C,SOADFUS12D021979D8,ARJGQDS1187B99DDEA,Billie Holiday,More Than You Know,Another Night With Teddy Wilson & His Orchestra,1984,187.79383,0.795691914662,0.580435109953,jazz,jazz; jazz vocal; 77davez-all-tracks; female vocalists; billie holiday,111,58,21.679483,0,54.679732280208206,46.86781593797118,0.058584769922463975,0.24381392825424272,0.27311655201942614,Funeral For A Friend,Juneau
TRPFORB128F42626DF,SOOAKMU12AF729CFD4,ARNDB1X1187B990AA0,Suicidal Tendencies,Where's The Truth,The Art Of Rebellion,1992,254.1971,0.736677413341,0.526182556347,metal,hardcore; metal; punk; crossover; Alternative  Punk,409,113,63.371918,0,106.21249872157298,90.9074666406219,0.11363433330077738,0.3235988803341946,0.35780330467480975,Wire,Another The letter
TRPCYSR128EF35F745,SOILDBD12AB017FBCE,ARTB3OO1187FB49BDA,Elton John,Heart In The Right Place,The Fox,1981,314.74893,0.843041502593,0.568304112104,pop,pop rock; elton john; body parts; the word in; the word heart,264,95,41.496988,0,60.26264704199826,49.73553090875547,0.06216941363594434,0.2519705377182612,0.2893396701621511,Wire,Another The letter
TRCRZZQ128F4286AF2,SOBUBWD12A8C13A806,ARHRC7V1187FB4D274,Gary Allan,Promise Broken,Tough All Over,2005,190.30159,0.849006448486,0.598677920185,country,country; contemporary country; pop country; true love; male country,197,102,28.827071,0,53.75006694529502,42.81162176532125,0.05351452720665156,0.230592505357492,0.2724205888860632,Wire,Another The letter
TRSCFSP128F9315B0D,SOQKHWA12AB01855E4,AR1AIMG1187FB5C976,ANJA GARBAREK,Something Written,Balloon Mood,1996,330.23955,0.631323583815,0.476641966268,jazz,jazz; trip-hop; norwegian; electronica; alternative,103,47,17.720045,0,57.479767891551845,53.14978665546041,0.06643723331932551,0.3249647253084266,0.3423330322335168,Wire,Strange
TRHHMHF128F423F004,SOTWZMD12A58A767D3,AR01HKT1187B996F26,Mountain Goats,Have To Explode,Tallahassee,2002,201.56036,0.715941051837,0.520010994102,rock,indie; I SPEAK IN SMOKE SIGNALS AND YOU SPEAK IN CODE; folk; indie rock; makes you a tiny boat in the middle of a massive sea,137,92,12.961481,0,59.725488751371174,51.9618747096533,0.06495234338706662,0.26852816095185766,0.29526741242232735,Wire,Strange
TRXPMCA128F421A28C,SOHSOGT12A58A7DDC4,ARQRSO41187B997463,Dance Hall Crashers,DHC,The Old Record,1993,162.95138,0.537568678189,0.436114774999,reggae,ska; 3rd wave ska; Dance Hall Crashers; when we liked ska,284,122,33.0,0,90.03422382107024,75.28357737677601,0.09410447172097001,0.2533438530407289,0.2851284506513003,Wire,Strange
TRLMBBV128EF342DF3,SOAGZYO12A58A776AC,ARQSYKY1187B9A7440,Lucie Silvas,Already Gone,The Same Side,2006,245.91628,0.680095391621,0.431300370593,pop,pop; female vocalists; Mellow; singer-songwriter; piano,304,104,40.54627,0,118.58278935449155,87.70780925893071,0.10963476157366339,0.26455727104770244,0.32715379946114437,The Wonder Years,Dude_ What Is a Land Pirate?
TROCPYO128F92F9ADC,SOVVPIM12AF72A33E8,AR6097P1187B998E3E,Modern Life Is War,Destination: Death or Better Days,My Love My Way,2006,148.29669,0.647506672332,0.480729481961,metal,metalcore; addicting; fury music,204,112,28.301943,0,95.38708788343274,69.93164942445233,0.08741456178056542,0.2559565249283279,0.31931117485255656,The Wonder Years,Dude_ What Is a Land Pirate?
TRFPSBS128F4298DD4,SOAQLWB12A8C13BA9D,ARQKFPA1187FB488D7,Mayday Parade,I'd Hate To Be You When People Find Out What This Song Is About (Album),A Lesson In Romantics,2007,241.42322,0.818410258875,0.561590797006,rock,amazing; Mellow; rock; indie; emo,296,80,47.413078,0,119.87233572173481,93.04027510066359,0.11630034387582949,0.26534814800531104,0.317399001583264,The Wonder Years,Dude_ What Is a Land Pirate?
TREZOUZ128EF352483,SOJNNIX12A6D4F46B2,ARG6H601187B99DB78,The Ponys,Another Wound,Celebration Castle,0,214.04689,0.630811175595,0.42302528859,rock,indie rock; indy; chicago; rock; 2005,224,75,39.331921,0,99.29273229374392,80.77449959161522,0.10096812448951903,0.28143065104882536,0.3248885917964122,Dashboard Confessional,Again I Go Unnoticed
TRUDNCD128E078F6F3,SOKPCRJ12A6701EC04,ARR3RE41187FB52D1D,Jodeci,I'm Still Waiting,Forever My Lady,1991,262.53016,0.700414793385,0.535371189814,r&b/soul,JODECI; rnb; love songs; 90s Rnb; soul,392,104,49.507575,0,144.42212190387338,108.53572334643157,0.13566965418303945,0.24879102682998233,0.3056725153661749,Dashboard Confessional,Again I Go Unnoticed
TRPZOHE128F424F9A1,SOGWDEQ12A8C132D1F,AR9EINV1187FB5290C,Capdown,MV4,Act Your Rage,2003,269.37424,0.630038644729,0.488854128006,reggae,Ska-Core; skacore; Club Planty FM,317,90,40.311289,0,130.79043157595692,100.49005884137718,0.12561257355172148,0.25029788040714174,0.30287756178462083,Dashboard Confessional,Again I Go Unnoticed
TRFWYFU128F42A9447,SODMCCQ12A8C13D3FE,ARVQQI41187FB3F504,Peter Hammill,Accidents,Enter k,1991,279.30077,0.574284068377,0.394512394954,folk,singer-songwriter; Progressive rock,255,73,26.608269,0,97.60573325475664,80.88129234462359,0.10110161543077949,0.25050414135975857,0.28735274564732816,Dashboard Confessional,Carry This Picture
TRKLBDU128F42B8359,SOCEFVH12A8C140DED,AR1HUQI1187B9AA854,Lyfe Jennings,Stingy,The Phoenix,2006,254.09261,0.770585990445,0.537822732469,r&b/soul,soul; lyfe; slow jams tag; rnb; r and b,275,106,42.047592,0,104.46957489090362,80.24014780593092,0.10030018475741365,0.22050756547356767,0.2689805797028809,Dashboard Confessional,Carry This Picture
TRUSTCJ128F4259305,SODZGYL12A8C136614,ARZEOSL1187B9AC259,Joy Electric,The Cobbler,Old Wives Tales - EP,1996,191.34649,0.63260023273,0.512217399715,electronic,electronic; dance; synthpop; christian; Christian electronica,78,55,12.041595,0,44.4764665274266,36.230154520975866,0.04528769315121983,0.22337996760576065,0.26087615623313803,Dashboard Confessional,Carry This Picture
TRLNRDG128F429C5E9,SOENAXE12A8C13C13A,ARZQ7QA1187B9AD08B,Prince,Jack U Off (LP Version),Controversy,1981,189.43955,0.831928948528,0.594627866944,r&b/soul,funk,272,93,49.040799,0,332.1013834105331,297.50456221384354,0.37188070276730445,0.4439648612379102,0.47100164285699764,Usher,U R The One
TRCPRIU128E0784F2B,SODCODJ12A58A79BF7,ARW24PI1187B9A6126,Jewel,Leave The Lights On (Album Version),0304,0,202.08281,0.768695712811,0.50952836707,pop,pop; singer-songwriter; alternative; female vocalists; mistagged,122,59,20.248457,0,193.39314963097718,173.6696978724814,0.21708712234060176,0.3774353256225919,0.4021005530330039,Usher,U R The One
TRJAQUQ128F426757B,SOMQTBN12A8C13A622,ART4QZC1187FB51612,Janet Jackson,Never Letchu Go,Discipline,2008,247.35302,0.681633362922,0.568201421807,r&b/soul,soul; rnb; sleek; RB; janet jackson,379,93,59.177699,0,281.6791022307709,238.72793116936361,0.2984099139617045,0.3571351177854156,0.3959011202367517,Usher,U R The One
TRTXZGM128F428B62B,SOFGKDT12A8C1399DD,ARAEX7Y1187FB42D36,Toni Braxton,Love Affair,Toni Braxton,1993,268.45995,0.7379725284,0.555968803752,r&b/soul,rnb; female vocalists; Smooth Jazz; soul; Mellow,266,100,40.274061,0,145.80593734939384,106.65277766899354,0.1333159720862419,0.30525819361006556,0.3749410955901267,Chris Brown,Ain't No Way (You Won't Love Me)
TRWZWOX128F935A084,SOTYTWT12A58A7BBEE,AR9LJ9D1187FB4303D,Sean Kingston,Magical,Tomorrow,2009,189.1522,0.925191958311,0.662876286408,hip hop,Hip-Hop; hiphop; rap; hip hop and rap; hip hop,360,96,64.699304,0,167.4089555805189,124.59944695388057,0.1557493086923507,0.30671344467603523,0.37216311629152266,Chris Brown,Ain't No Way (You Won't Love Me)
TRQDUMO128F92E3896,SOUZUFC12A8C14222C,ARFNJLY1187FB3E735,Binary Star,Honest Expression,Masters Of The Universe,1999,300.19873,0.633365676221,0.427067011815,hip hop,Hip-Hop; underground hip hop; hip hop; rap; Binary Star,933,334,87.749644,0,316.79731043705425,182.38349192742152,0.2279793649092769,0.25487285070345,0.3691670530764354,Chris Brown,Ain't No Way (You Won't Love Me)
TRWXSWA128F1456793,SOCREJX12A6D4F7A4B,ARP4J5Q1187B99171D,Shai,Waiting For The Day,If I Ever Fall In Love,1992,285.12608,0.657823757354,0.420958744705,r&b/soul,r&b; new jack swing; rnb; 1993; 1990s,569,137,92.471617,0,227.9710950170713,165.75268188110897,0.2071908523513862,0.3236310569804455,0.3968949654512515,Usher,Nice & Slow
TRYXYFR128E078C6B5,SOZGLGT12A67020BA5,ARYSJWK1187B9B32CE,Digital Underground,Sex Packets (LP Version),The Best Of Digital Underground: Playwutchyalike,0,440.86812,0.674105191296,0.51148628336,hip hop,hip hop,483,131,64.753378,0,235.26907851485063,174.1472555047771,0.21768406938097137,0.327519813660629,0.39677605047896447,Usher,Nice & Slow
TRRGBMM128F1454737,SOHTSXZ12A6D4F8B20,ARBNV5F1187FB46ECE,Simon Webbe,Star,Sanctuary,2005,203.54567,0.648199055909,0.406305019273,hip hop,rap; soul; pop,233,110,30.182777,0,182.5112381550111,136.46809901084447,0.17058512376355559,0.32288475294578917,0.389160303750252,Usher,Nice & Slow
TRSAGIL128F42366CE,SOEVBYG12A8C1340A1,ARJDHQE11F4C83D7DE,Leadbelly,Keep Your Hands Off Her,Folkways: A Vision Revisited - The Original Peformances Of Leadbelly_ Woody Guthrie_ Pete Seeger,0,172.95628,0.728763184773,0.439617333915,blues,blues; Leadbelly; Folk Blues; pre-blues; stepping into muddy water,74,26,17.406895,0,126.50470275499198,114.60999037901273,0.14326248797376592,0.37746489416138423,0.3977052352216641,Usher,Roni
TRALZXZ128F92E26EF,SOXZUMI12A58A77D7F,AR76DOS1187FB5AE78,The Jeff Healey Band,My Little Girl,LIVE AT MONTREUX,1988,223.92118,0.716854351769,0.414236247722,blues,blues rock; blues; rock; littlegirl; JeffHealey,218,73,37.403208,0,159.39235474432596,128.65757539231646,0.16082196924039557,0.29543956747553435,0.3418361019063918,Usher,Roni
TRLTTDC128E079380E,SOCTYHG12A679D7E2B,ARE0WH81187B9A7BA3,Rufus Wainwright,Baby,Rufus Wainwright,1998,313.12934,0.754130066262,0.64041969134,folk,singer-songwriter; afternoon; cloudy; beauty; rufus,245,84,43.255058,0,150.27542611443872,117.38260107140214,0.14672825133925266,0.2726462170679191,0.3242712542152958,Usher,Roni
TRBDCAH128EF362D31,SOSTXYN12A6D4F67D4,AR82DJK1187B991107,The Pharcyde,Passin' Me By,Bizarre Ride II,1993,303.46404,0.756063870843,0.491468881637,hip hop,hip hop; 90s; rap; classic; songs about the opposite sex,697,235,90.465463,0,262.806106637914,157.17543813553502,0.19646929766941879,0.23268935634725835,0.3352522186527724,Chris Brown,Damage
TRALKUS128F42384AC,SOEOKHN12A81C2160D,ARVKB9G1187B990C70,Keith Sweat,Caught Up,Didn't See Me Coming,2000,318.35383,0.740028701828,0.481818352667,r&b/soul,keith sweat; rnb; slow jams; soul; Hip-Hop,673,147,102.805642,0,267.12559685482626,181.36410710155232,0.2267051338769404,0.2549196762647371,0.33506974400073847,Chris Brown,Damage
TREXHBK128F9312A37,SONCSOX12AB017F3A5,ARTN7KV1187FB4CF64,Amerie,Higher,In Love & War,2009,172.22485,0.824199579564,0.512522676107,r&b/soul,real; soul; groovy; vocalization; feel good,397,106,62.705662,0,205.25789140683048,145.43315544752252,0.18179144430940317,0.260717746910002,0.33207913278948376,Chris Brown,Damage
TRMJBIJ128F93391B9,SODOFEI12AAFF44BF1,ARRQZEV1187B98C8C2,Bow Wow,Sunshine,New Jack City II,0,207.35955,0.870870765597,0.531978917471,hip hop,hip hop; Hip-Hop; rnb; bow wow,506,186,63.285069,0,252.7837821944356,186.07271783511,0.23259089729388752,0.30595979083024616,0.3700798839173145,Chris Brown,Gotta Be Ur Man
TRIRVHL128F92F5ECF,SOUAMLJ12A8C14347F,ARTO3L81187B9ACA8C,Jeff Buckley,Be Your Husband,Live At Sin-é (Legacy Edition),2003,295.3922,0.839434713226,0.63342998297,blues,blues; cover; singer-songwriter; 77davez-all-tracks; live,137,44,24.899799,0,104.88918174447892,92.01054766609477,0.11501318458261846,0.3190103216497441,0.3470743531137192,Chris Brown,Gotta Be Ur Man
TRJLMAI128F92EBB04,SOLMEOG12A8C142046,ARJT1PO1187FB52E7D,Marques Houston,Naked,Wendy Williams Brings The Heat Vol. 1,0,264.98567,0.740455341569,0.492729093193,r&b/soul,naked; rnb; sexy; Marques Houston - Naked; soul,516,145,64.621978,0,227.70788242631207,170.12789167688751,0.2126598645961094,0.2770810609600368,0.33732824918615906,Chris Brown,Gotta Be Ur Man
TRMIFQQ128F9338145,SOQUMVV12AB01853A1,AR6VBI71187FB462F3,Kenny Lattimore,Forgiveness,Kenny Lattimore,1996,248.18893,0.549328473477,0.426421992829,r&b/soul,soul; rnb; slow jams tag; love songs; Neo-Soul,384,110,54.101756,0,208.01281788134466,154.2183466064477,0.19277293325805964,0.28679769676353234,0.35162719943980186,Akon,Birthmark
TRHBGQQ128E07858E2,SOHGQLN12A6701F775,AR5OH1V1187FB574C3,Kenny Wayne Shepherd,Get It Together (Album Version),The Place You're In,2004,226.53342,0.770847750968,0.452102264925,blues,blues rock; blues; rock; guitar; blues-rock,225,85,46.13025,0,176.04145176256725,137.70823227354717,0.17213529034193395,0.29754058235627645,0.35058449778470374,Akon,Birthmark
TRYYRLU12903D082FF,SOKNZNC12AC4689423,ARBHBE91187B9A1F58,Jonny Lang,Breakin Me,Live at the Ryman,2009,474.64444,0.698969925264,0.486783024923,blues,blues; jonny lang; singer-songwriter; rock; guitar,229,111,32.526912,0,139.57377376926456,96.8093726901011,0.12101171586262638,0.25687009795704346,0.3325029526841824,Akon,Birthmark
TREIBLK128F148642C,SOHGAWO12A6D4F8F9E,ARQ1QGC1187FB4D088,The Adicts,Disco,Sound of Music,1982,134.68689,0.723171832289,0.515688981481,punk,funny; punk; punk rock; Disco; British Punk,115,33,27.838822,0,128.67810346655864,115.07149473006264,0.1438393684125783,0.371929327762567,0.3923545499462218,R. Kelly,Don't You Say No
TRMQQGH128F9301E4B,SONZTKX12A6D4FB006,ARIX1PC1187FB5608F,Mutya Buena,Not Your Baby,Real Girl,2007,208.53506,0.685487251348,0.423959313935,pop,pop; female vocalists; catchy; british babes; Energetic,402,104,61.171889,0,203.43378229080207,155.76526269167243,0.19470657836459054,0.3285862786731348,0.38992366054128097,R. Kelly,Don't You Say No
TRJLMAI128F92EBB04,SOLMEOG12A8C142046,ARJT1PO1187FB52E7D,Marques Houston,Naked,Wendy Williams Brings The Heat Vol. 1,0,264.98567,0.740455341569,0.492729093193,r&b/soul,naked; rnb; sexy; Marques Houston - Naked; soul,516,145,64.621978,0,235.1137646390345,166.65882431270168,0.20832353039087712,0.2864847556275504,0.3613019664565142,R. Kelly,Don't You Say No
TROIJDA128F9341E70,SOCUXGX12A8C13B78C,ARLMXEA1187B9A7D04,R. Kelly,I Mean (I Don't Mean It),TP-2.com,2000,205.00853,0.811092052861,0.783843023046,r&b/soul,soul; rnb; english lyrics; SDZ,701,190,135.443715,0,329.886323236455,219.52972312311863,0.2744121539038983,0.29132591319659856,0.3814190543515246,R. Kelly,Kickin' It With Your Girlfriend
TRFUJVJ128F426F2A2,SOONCPO12AF72A1986,AR8W8P31187B9A4063,Lauryn Hill,Interlude 5,MTV Unplugged No. 2.0,2002,734.48444,0.697206464376,0.580125198887,r&b/soul,ms hill; the realness; The Truth; true; rnb,1903,409,215.044182,0,558.7945561456543,298.6964807109785,0.37337060088872315,0.25331885711854923,0.37956575112795016,R. Kelly,Kickin' It With Your Girlfriend
TRNDNKN12903CC8A4C,SOQIBZY12AB018A208,ARIFGKC1187B9B04D5,Dean Martin,Kiss,The Greatest Hits from 40's and 50's_ Vol. 57,1989,143.77751,0.708439813809,0.623970265514,jazz,oldies; easy listening; romantic; Rat Pack; swing,408,112,60.074953,0,281.07472377394777,205.97312789596472,0.2574664098699559,0.2937074690888676,0.36156990650590304,R. Kelly,Kickin' It With Your Girlfriend
TRTKAVS128F93096FD,SOWFFAB12AB01805A1,ARYE9E71187B9AA1B3,Flobots,Rise,Rise,2007,252.36853,0.823548644775,0.559270388355,hip hop,Hip-Hop; alternative; hip hop; alternative rap; rap,370,142,71.770467,0,351.4945713257898,285.0259879625806,0.35628248495322573,0.35985952726674625,0.4090485726466214,R. Kelly,Rise Up
TRDAYRK12903CFDBFB,SOFSVBU12AB01847D6,AR3FYKL1187FB44945,Dierks Bentley,You Hold Me Together,Feel That Fire,2009,236.43383,0.873078297056,0.565078806242,country,country; Gina CD,255,109,31.796226,0,215.56245767354758,167.64697506712736,0.2095587188339092,0.30987878603710495,0.3658752000631723,R. Kelly,Rise Up
TREJWGR12903CA8F6A,SOMAMBJ12AB018B702,ARYU0GB1187FB52CEA,John Waite,Sometimes,Rover's Return,1987,294.84363,0.649373772514,0.453372692887,pop,pop rock; low bass,242,92,39.038443,0,214.84116499348914,167.85569101429536,0.2098196137678692,0.29356731506334693,0.34681240255138124,R. Kelly,Rise Up
TRGGPDR128F42A56FC,SOCIXUM12AF72A31A4,ARS23GQ1187FB4F71A,Ledisi,Joy,Lost And Found,2007,262.39955,0.746619436962,0.535121107496,r&b/soul,Neo-Soul; soul; rnb; ledisi; ya nice track,352,78,66.962676,0,227.22304949656427,186.79371070173627,0.23349213837717034,0.2873485022572048,0.3288244131536544,Mariah Carey,Joy Ride
TRZNEII128F93319A2,SOVDWUN12AB0188590,ARKLKQS11E2835CE89,Kristine W,Strings,The Power of Music,2009,248.89424,0.656139715602,0.408930434272,r&b/soul,soul; pop; female vocalists; love songs,489,114,67.549981,0,249.5856376796722,188.26662413631516,0.23533328017039395,0.260589777626265,0.318196944745482,Mariah Carey,Joy Ride
TRPSOTP128E0785533,SOOLLHO12A67020EE8,ARVKB9G1187B990C70,Keith Sweat,Make You Sweat (LP Version),I'll Give All My Love To You,1990,320.49587,0.740028701828,0.481818352667,jazz,new jack swing,402,91,70.851958,0,202.6862263752272,156.9074397498956,0.19613429968736948,0.25375388335945376,0.3051928277282074,Mariah Carey,Joy Ride
TRFDCNQ128F1459669,SODUFYR12A6D4F7584,ARD5ZH01187FB3C0E5,Fats Domino,I'm Ready,The Best Of Fats Domino,1985,126.24934,0.745575312839,0.491707370037,rock,Rock and Roll; rock n roll; 50s; oldies; rock,330,71,71.372264,0,399.5421169610136,372.84855783777834,0.46606069729722294,0.5853204101641939,0.6017585237425861,Mariah Carey,Sprung
TRCQZCM128F425FD8C,SONGPQL12A8AE45DE5,ARA3I0J1187FB57869,Blink-182,GO,Greatest Hits,2003,111.75138,0.851351443053,0.582346373958,punk,punk rock; pop punk; punk; alternative rock; rock,192,76,40.373258,0,306.805348215535,281.82883128372964,0.35228603910466205,0.5229843719898714,0.5440927610524087,Mariah Carey,Sprung
TRMRQPP128F9306AE2,SOHYEEO12AB0185658,ARV3Q7L1187B98A3A5,Chenoa,Why You Doing Like That,Soy Mujer,2003,198.73914,0.608320930737,0.358484841264,rock,euro; rock; pop,246,76,41.725292,0,323.7374158663467,295.82970291006785,0.36978712863758484,0.5211361091949244,0.5435719665128826,Mariah Carey,Sprung
TRVSBVC128F930251F,SOKIUOK12AB018306E,ART39TB1187B9ADED6,The Selecter,Too Much Pressure,Greatest Hits Live,1979,315.50649,0.607154324887,0.420284621162,reggae,ska; two-tone; 80s; 2 tone; 2tone,250,59,58.438001,0,135.61671077655387,114.31265663840158,0.14289082079800197,0.32339386429482975,0.35984513512950134,Luther Vandross,Never Too Much
TRZSQNU128F1461A9A,SOSKIZH12A6D4F7B05,ARTYQLR1187B98DA19,Eternal,Oh Baby I,Changing Faces - The Best Of Louise,0,273.21424,0.61510281663,0.379554849312,r&b/soul,rnb; soul; pop; love song; Mellow,444,95,79.636675,0,169.95688619462405,131.24136163589375,0.1640517020448672,0.2998957668975892,0.3567342123804202,Luther Vandross,Never Too Much
TREENNZ128F145B67D,SOALXFE12A6D4F78B0,AREIN101187FB5A5FA,Nat King Cole,She's Funny That Way,Big Band Cole,1989,183.7971,0.764096099196,0.658441303099,jazz,jazz,181,75,29.732137,0,105.7713130371459,83.73411225369408,0.1046676403171176,0.2944642261123552,0.34473907904164586,Luther Vandross,Never Too Much
TRLNRDG128F429C5E9,SOENAXE12A8C13C13A,ARZQ7QA1187B9AD08B,Prince,Jack U Off (LP Version),Controversy,1981,189.43955,0.831928948528,0.594627866944,r&b/soul,funk,272,93,49.040799,0,281.9099344494647,241.3528713057851,0.30169108913223136,0.41590704724405586,0.45114678323486257,R. Kelly,Chocolate Factory
TRTUBMJ128F148AD6D,SONISBV12AF72A4E2E,ARDGPFY1187B9A371B,Long Beach Dub Allstars,It Ain't Easy,Wonders Of The World,2001,207.5424,0.575412600552,0.417351055803,reggae,dub; ska; punk; reggae; wicked dub style,272,97,49.809638,0,246.48138405992913,205.6522229492453,0.2570652786865566,0.36143604824579073,0.4018349891278672,R. Kelly,Chocolate Factory
TRIJACB128E0792AD9,SOVIBRM12A6701F70A,AR6FIPL1187FB4D5AA,Pulp,Space,Intro: The Gift Recordings,1992,312.86812,0.723184727219,0.518490727238,pop,britpop; where is my bong; sexy; 90s; male vocalists,400,121,36.619667,0,257.3953829706081,201.0811100977908,0.2513513876222385,0.3300172600533951,0.38622922097300283,R. Kelly,Chocolate Factory
TRGKQYE128F92E235D,SOEIKWC12A8C140D19,AR4BDNG1187FB44870,Robert Palmer,I Didn't Mean To Turn You On,LIVE AT THE APOLLO,1985,214.77832,0.755566397734,0.464186401696,rock,80s; rock; classic rock; pop; robert palmer,229,59,53.925875,0,207.3181429843796,167.0692689031289,0.2088365861289111,0.36558506207362623,0.41028684912976165,R. Kelly,I Mean (I Don't Mean It)
TRGHYGG12903CAC100,SORLWRB12D02199388,ARLMXEA1187B9A7D04,R. Kelly,Kickin' It With Your Girlfriend,TP.3 Reloaded,2005,214.12526,0.811506286892,0.796033968652,r&b/soul,rnb; r kelly; sad; Someone tagged this song as their favorite song; situations,642,146,92.639085,0,329.886323236455,219.52972312311863,0.2744121539038983,0.29132591319660117,0.3814190543515247,R. Kelly,I Mean (I Don't Mean It)
TRUBEUP128F42634A4,SOBEISJ12A8C13487D,ARO80D41187B9B8D8F,Jon B.,Do It All Again,Pleasures U Like,2001,295.70567,0.68683623629,0.453836455007,r&b/soul,rnb; Mellow; love songs; slow jams; drjazzmrfunkmusic,431,122,56.964901,0,264.1637632628272,177.5964150446034,0.22199551880575424,0.2924870579928742,0.38017233235622944,R. Kelly,I Mean (I Don't Mean It)
TREPPUG128F9301FAB,SOBRREA12A6701C403,ARTDQRC1187FB4EFD4,Black Eyed Peas,Sexy,Elephunk (Ecopac),2003,283.48036,0.84560188664,1.00594196595,hip hop,Hip-Hop; sexy; hip hop; rnb; rap,440,149,55.317267,0,192.6895436157731,147.6246385572615,0.1845307981965769,0.3065441757656903,0.36508414239265813,R. Kelly,In The Kitchen
TRIYNIM128F145F8FA,SOZWPSF12A8AE48BA4,ARMJXRP1187FB461A0,Ohio Players,It's All Over,Funk On Fire - The Mercury Anthology,1974,254.74567,0.737536569987,0.44483436955,jazz,drjazzmrfunkmusic; 70s; its all over; Jazz  Funk; metro funky,246,67,59.69087,0,108.47066007983005,89.45494391319366,0.11181867989149208,0.29768217015943393,0.3392506144532914,R. Kelly,In The Kitchen
TRNFIAC128F42A038C,SORMJEK12A8C13CCFF,ARDZQ5U1187B9ADEAE,John Fogerty,Rock And Roll Girls,Centerfield,1985,208.3522,0.733637824827,0.526549034691,rock,classic rock; rock; 80s; g; creedence clearwater revival,125,70,16.522712,0,90.22664399236848,73.83258971400863,0.09229073714251079,0.2821729657336027,0.3242510068745286,R. Kelly,In The Kitchen
TRZSQNU128F1461A9A,SOSKIZH12A6D4F7B05,ARTYQLR1187B98DA19,Eternal,Oh Baby I,Changing Faces - The Best Of Louise,0,273.21424,0.61510281663,0.379554849312,r&b/soul,rnb; soul; pop; love song; Mellow,444,95,79.636675,0,164.62317178291852,130.40637998312224,0.1630079749789028,0.28614503297689203,0.3359006378188236,Alicia Keys,Distance And Time
TRNXDRD128F92DCE10,SOTBQNN12AB017C3B4,ARZ8KO81187B9B1B7C,Burt Bacharach,The Look Of Love,Live At The Sydney Opera House,1967,163.57832,0.606769573205,0.470790249527,jazz,jazz; easy listening; loved instrumentals; pop; instrumental,269,117,33.316662,0,134.4959559742881,101.61452222516532,0.12701815278145664,0.276210683064846,0.3346781688653846,Alicia Keys,Distance And Time
TRTQOXV128E0786E3C,SOOTLLF12A670216A7,ARP061U1187FB4D572,Alphaville,20th Century,Afternoons In Utopia,1986,84.24444,0.697570290101,0.5124874994,pop,synthpop; synth pop; The Kosmos,95,65,11.135529,0,81.15117315426244,66.85670879640101,0.08357088599550126,0.2891823376456333,0.3304828551159951,Alicia Keys,Distance And Time
TROWDHT128F4281FA3,SODJRXJ12A6701FDFD,AR27AEB1187B98D39D,Bo Diddley,You Can't Judge A Book By It's Cover,His Best,1995,193.802,0.666186772457,0.461696963365,blues,blues; Rock and Roll; Bo Diddley; rock; rhythm and blues,234,59,44.777226,0,108.53428133884678,91.69682454734577,0.11462103068418221,0.3201169815529861,0.3566044101910355,Alicia Keys,Lover Man
TRQXNOX128F1460E10,SOEFVUJ12A58A7D3F7,ARISNG51187FB4CE02,Kurt Elling,Moonlight Serenade,Flirting With Twilight,2001,262.08608,0.6277328317,0.477005136882,jazz,jazz; jazz vocal; vocal jazz; blues; Smooth Jazz,211,112,23.259407,0,126.4893674045368,94.81526762573287,0.11851908453216609,0.2798375661106676,0.3412742845034766,Alicia Keys,Lover Man
TRWEHQE128F935A2D6,SOKQSDH12AB0188B1A,AR20CFC1187B98A25D,Ray Charles,I Got a Woman,Blues Routes Ray Charles,0,175.25506,0.759912526334,0.673207274956,blues,blues; soul; jazz; rhythm and blues; oldies,216,88,31.464265,0,144.71205196543232,113.48797290624958,0.141859966132812,0.2749937770436943,0.3258537965267447,Alicia Keys,Lover Man
TRVRMUG128E0791E50,SOHMAMN12A67021CBD,ARZGTK71187B9AC7F5,Eels,Jeannie's Diary,Daisies of the Galaxy,1999,215.64036,0.762248807048,0.570684387289,rock,indie; alternative; alternative rock; about a girl; names,136,67,18.734994,0,64.52226285029427,56.323011963738026,0.07040376495467253,0.3491598529618025,0.3806325400023502,Alicia Keys,Nobody Not Really (Interlude)
TRRHITI128F146A084,SOEKFHZ12A6D4F8F3A,ARDGES11187B9B7DDF,Roxy Music,A Really Good Time (1999 Digital Remaster),Country Life,1974,225.88036,0.758881218796,0.497499394419,punk,glamwavepunk,217,118,23.345235,0,83.15004586601103,67.29249384766796,0.08411561730958494,0.3071968196866181,0.35230188194484313,Alicia Keys,Nobody Not Really (Interlude)
TREMJCL128F1484AB4,SONUKMU12A6D4F92D5,ARALUUG1187FB58696,Irma Thomas,Anyone Who Knows What Love Is (Will Understand),Straight From The Soul,1964,180.50567,0.623823767852,0.441106359144,r&b/soul,soul; female vocalists; drjazzmrfunkmusic; blues; rhythm and blues,139,59,26.944387,0,78.80500341369972,69.95856019705607,0.08744820024632009,0.322376440956903,0.34868303902965203,Alicia Keys,Nobody Not Really (Interlude)
TRYXXWR12903CA7191,SOMYDUA12AB018B510,ARMBTFC1187FB56343,Korn,Lowrider,Life Is Peachy,1996,58.04363,0.829135422075,0.528709934432,metal,Nu Metal; Korn; 90s; cover; covers,38,21,7.28011,0,43.20035304201084,40.193245045439944,0.05024155630679993,0.3652608927086096,0.3789991092870976,Alicia Keys,Piano & I
TRZARUP128F9348146,SOIUWJT12AB0184B9F,AR6G29T1187B9A99F9,KMD,Plumskinzz (Loose Hoe_ God & Cupid),Bl_ck B_st_rds,0,103.57506,0.587827035652,0.379980017386,hip hop,ripp-off; hip hop; Hip-Hop; new york; 90s,833,274,87.275426,0,172.26309915696,128.50424784970463,0.16063030981213078,0.3082503659244709,0.36883124766022013,Alicia Keys,Piano & I
TRSEYKD128F427F46E,SOBVQMR12A8C139495,AR4FVK41187FB4BC83,Frankie J,Without You,The One,2005,254.30159,0.761357312241,0.42337640991,r&b/soul,frankie j; rnb; smooth; hot; My Heart,501,134,75.398939,0,120.04183459769165,94.44619494305907,0.11805774367882384,0.3132871954795627,0.3653888920650079,Alicia Keys,Piano & I
TRZCHKB128F92CB740,SOFCVMN12A8C141F62,AR4RBOB1187B9AC209,Anastacia,Club Megamix,Pieces Of A Dream,0,708.72771,0.583808862216,0.323553746888,rock,Slow Rock; pop; dance; party; female vocalist,749,201,98.020406,0,359.40989239653214,243.9437944935337,0.3049297431169171,0.29493165007238903,0.37710131543606995,Alicia Keys,Tell You Something (Nana's Reprise)
TRSRQVI128F92E3718,SOGYLVQ12AAF3B5330,ARAGT961187FB4193B,Chromeo,Destination: Overdrive,She's in Control,2004,336.1171,0.807528141064,0.485403744298,electronic,electronic; electrofunk; funk; electro; dance,117,64,13.56466,0,151.4573728429626,127.54010189859096,0.1594251273732387,0.3299483719108975,0.3676648493977631,Alicia Keys,Tell You Something (Nana's Reprise)
TRBOZJG128F92EC1F5,SOPGXNZ12AB017C185,ARBJB2S1187B9BA2CB,Vetiver,Everyday,Tight Knit,2009,224.9922,0.695890248329,0.502230977638,folk,folk; summer; indie; feel good; indie pop,131,71,21.977261,0,145.53418281928745,117.0599123826371,0.14632489047829636,0.3139366542124172,0.3623387056228359,Alicia Keys,Tell You Something (Nana's Reprise)
TRRXFHO128EF3550BC,SODUANR12A6D4F5036,ARSS4I01187FB400D9,Erin McKeown,Fast As I Can,Monday Morning Cold,2000,338.46812,0.644241924129,0.455378786837,folk,singer-songwriter; female vocalists; acoustic; female vocalist; americana,332,79,49.162994,0,174.63097219205653,147.5669126423183,0.18445864080289787,0.38907201635391747,0.4293132451190699,Alicia Keys,Try Sleeping With A Broken Heart
TRMIFQQ128F9338145,SOQUMVV12AB01853A1,AR6VBI71187FB462F3,Kenny Lattimore,Forgiveness,Kenny Lattimore,1996,248.18893,0.549328473477,0.426421992829,r&b/soul,soul; rnb; slow jams tag; love songs; Neo-Soul,384,110,54.101756,0,159.29134516115462,119.92195023806437,0.14990243779758047,0.27560148227432035,0.33566782559352193,Alicia Keys,Try Sleeping With A Broken Heart
TRDCQNE128F4247EFA,SOXYQHD12A6D4FAFD0,ARB8H82119B34032E1,Ashton Shepherd,Lost In You,Sounds So Good,2008,253.54404,0.679395051422,0.390963611732,country,country; ash; irish country; Lost in you,178,93,20.322401,0,126.79635498780794,97.69333872920214,0.12211667341150267,0.27992806057519737,0.33534470393367416,Alicia Keys,Try Sleeping With A Broken Heart
TRWLKBS12903CC57D7,SOPCWSS12AF72A2A0F,AREFJQ111C8A422105,Good Old War,Tell Me (Acoustic),Good Old War: The PureVolume.com Sessions,0,165.01506,0.63032052007,0.554680550116,folk,guitar; acoustic; indie; great vocals; harmony,211,112,29.257478,0,121.12492418147681,95.64030061085363,0.11955037576356703,0.30157392556716706,0.35275443040353915,Alicia Keys,Why Do I Feel So Sad
TRUITJJ128F4226AA6,SOFLXEX12AF7299CD3,ARNJRQ91187B9ACFDD,Cibelle,Hate,Cibelle,2003,346.25261,0.641788401177,0.449302249463,electronic,brazilian; chillout; female vocalists; Bossa Nova; downtempo,404,48,108.774997,0,156.0950749463697,135.29075330502042,0.1691134416312755,0.3135748165054577,0.34463961536801513,Alicia Keys,Why Do I Feel So Sad
TROSRFJ128F428A759,SOTEDRT12A8C13FBA7,ARPKK761187FB4D53C,The Ataris,You Need A Hug,End Is Forever,2001,229.82485,0.827853769867,0.517328583566,punk,punk rock; punk; The Ataris; emo; favorites,249,86,40.755368,0,123.73804843932515,102.79151593269627,0.12848939491587033,0.297317863042114,0.33745003132817886,Alicia Keys,Why Do I Feel So Sad
TRCLAQP128F428C798,SOBXZEI12A8C13AD47,ARR9XGB1187B9912E6,Boyz II Men,Easy,Motown - Hitsville_ USA,2007,325.77261,0.790922847956,0.601184941794,r&b/soul,r&b; rhythm and blues; motown; soulful; beauitful ballad,185,66,40.087405,0,118.12620128955487,107.28770955783065,0.1341096369472883,0.41071916661477287,0.43413465345933117,Alicia Keys,Lovin U
TRZOWKJ128F149D2DD,SOFGYYW12A6D4FC12C,ARQG4O41187B98A03B,RJD2,Work It Out,The Third Hand,2007,206.36689,0.737182304529,0.480726641351,electronic,electronic; chillout; trip-hop; Hip-Hop; instrumental,101,17,26.907248,0,81.91711031289162,77.16110201398992,0.09645137751748739,0.39392373102681444,0.4064197861879609,Alicia Keys,Lovin U
TRVTMNR128F4264BF1,SODXQFP12A8C134B8D,AR9I1L41187FB37F0E,Harry Connick_ Jr.,Easy To Love,Come By Me,1999,186.04363,0.691133728644,0.53105019318,jazz,Rat Pack; oldies; male vocalists; early radio; big band sound,98,42,17.262677,0,76.14486748624661,69.17370328746242,0.08646712910932802,0.3696530440051258,0.3920374063285143,Alicia Keys,Lovin U
TRZBKVK128F9346298,SOTKJZM12AB0186336,ARS8KBY1187FB4BC7E,Kurupt,Who Ride Wit Us,Tha Streetz Iz A Mutha,1999,261.09342,0.632852016575,0.411797826815,hip hop,West Coast Rap; gangsta; rap; C-Walk; my fucking party,528,157,82.746601,0,376.24288140034247,310.9079358162044,0.38863491977025544,0.42117977955582486,0.46715499386747866,Jeremih,My Ride
TRCBPPY128F42AF43A,SOFVLVR12A8C1413F4,AR8HI8C1187B9B31F6,Ruben Studdard,To Da Crib,The Return,2006,213.41995,0.714666081433,0.449158303931,r&b/soul,rnb; male vocalists; male vocalist; cool down,400,118,62.681736,0,268.016993136081,205.2989674643846,0.25662370933048073,0.3323524011098586,0.3936849326971028,Jeremih,My Ride
TRNKKTV128F92DE53A,SODSHSS12A58A7C1E3,AR51JTF1187FB395B9,Michelle Williams,Stop This Car,Unexpected,2008,238.05342,0.711675841014,0.50446183354,r&b/soul,rnb; michelle williams; stargate; Kelly Rowland; beyonce,485,137,61.814238,0,280.4901234235481,201.9530311617834,0.2524412889522292,0.294800241959488,0.3673304984583729,Jeremih,My Ride
TRYLINA128F1459E1C,SOOZOFD12A6701DF50,ARUJZFJ1187B9B135F,Shania Twain,I'm Not In The Mood (To Say No)!,Up!,2002,207.56853,0.870033796618,0.546326119552,country,country; pop; female vocalists; shania; gotanygoodmusic female vocalists,430,70,73.123184,0,205.92397646490224,171.31413199977294,0.21414266499971618,0.3250796822936381,0.3659891186315041,Jeremih,Starting All Over
TRZARUP128F9348146,SOIUWJT12AB0184B9F,AR6G29T1187B9A99F9,KMD,Plumskinzz (Loose Hoe_ God & Cupid),Bl_ck B_st_rds,0,103.57506,0.587827035652,0.379980017386,hip hop,ripp-off; hip hop; Hip-Hop; new york; 90s,833,274,87.275426,0,297.9443199207326,206.07351690597653,0.2575918961324707,0.2802215691632878,0.35745689437927314,Jeremih,Starting All Over
TRUNEHG128F9320309,SOKCPVV12AB018699F,AR656DK1187FB4D055,Afroman,Life of Tha Party,4ro: 20,0,359.94077,0.781956995076,0.469158127875,hip hop,West Coast Rap,458,159,62.705662,0,238.8821765469038,184.5784362046042,0.23072304525575527,0.29854394953026303,0.35516220396840875,Jeremih,Starting All Over
TRPUAPX128E07929F5,SOYZMEH12A8C143D9E,ARNJ4771187FB58301,Lisa Loeb,Jake,Firecracker,1997,181.31546,0.799816270901,0.524158933138,folk,female vocalists; singer-songwriter; alternative; folk; pop,248,117,21.84033,0,128.8236365269027,104.93718326780356,0.13117147908475446,0.299219329953637,0.34321169164313536,Duffy,Oh Boy
TRTIUIY128F14884B4,SOVXHMY12A6D4F91BB,AR5OH2Z1187B9A46A9,Iggy Pop,Home,Brick By Brick,1990,240.43057,0.789018488522,0.573554543514,rock,rock; punk; proto-punk; classic rock; hard rock,239,89,46.593991,0,111.45522656215005,94.7382868797649,0.11842285859970612,0.3048802420717719,0.3403620546821755,Duffy,Oh Boy
TRMYEPQ128E0791D78,SOLEPCT12A67020BEE,AR5J8XN1187B9B712E,Extreme,Li'l Jack Horny,Extreme II - Pornograffitti,0,291.63057,0.717991695486,0.497711444141,rock,hard rock; rock; funk metal; Extreme; nuno bettencourt,187,68,39.127995,0,107.30799518948167,92.43509340081732,0.11554386675102166,0.28584300212047603,0.31712666746700074,Duffy,Oh Boy
TRCLRJF128F9349B59,SOGSMTD12AB0181B7D,ARZWU1E1187B99B0B6,Rebelution,Safe and Sound,Future Sound Of Reggae Vol. 1,2007,287.99955,0.727863199273,0.515129681019,reggae,reggae; rebelution; chill; dub; California,441,86,70.894287,0,170.91225729059002,133.14365182038097,0.1664295647754762,0.2594333720090244,0.3101815648363682,Jay Sean,Maybe
TRXJCKL128EF33FA0C,SOHJQFM12B0B809305,ARCF06I1187B995398,K-OS,FlyPaper,Atlantis - Hymns for Disco,2006,250.3571,0.712662163367,0.430697046289,hip hop,Hip-Hop; Canadian; summer; cool; funky,586,206,71.770467,0,226.35085930374544,147.98085795602458,0.18497607244503073,0.22074772584075747,0.2997822604024766,Jay Sean,Maybe
TRVSQLY128F428B1B5,SOSYSEP12A8C13A440,ARPIRQD1187B9AE9CA,Michael Penn,Evenfall,March,1989,232.75057,0.586180551385,0.453792345409,rock,rock; alt rock; falling; Driving Songs; fall,247,103,35.777088,0,128.8469408299748,94.98959306751708,0.11873699133439634,0.23342059865062637,0.2922305359939758,Jay Sean,Maybe
TRXKKSZ12903CB6EFF,SOYFDKT12AB0184F67,ARJFNSC1187B9939BD,Saint Etienne,Stop & Think It Over,Finisterre,2002,213.05424,0.703381096068,0.464246298168,pop,pop; british; romantic tension; emotive; favorite by this group,182,82,24.617067,0,146.51630553887557,114.48730909563605,0.14310913636954506,0.3156167684263599,0.3695105278815795,Jay Sean,Stuck In the Middle
TRQYLEW128F421AB33,SONZCSB12A6D4FC97C,ARHKJET1187FB49757,David Ball,Loser Friendly,Amigo,2001,221.30893,0.531609296241,0.349413606729,country,country; Traditional Country; jo; top country; My Kentucky Roots,192,89,26.057628,0,156.13928789753285,120.04701467583826,0.1500587683447978,0.30917886466790795,0.36671324187884763,Jay Sean,Stuck In the Middle
TRFYBJS128F145F5FA,SOOEBXF12A58A78509,AR9BQRE1187B9953E2,Sammie,I Like It (Remix),From The Bottom To The Top,0,250.122,0.72545001948,0.455681268663,hip hop,sammie; Sammie-I Like It; hip hop; rnb; remix,481,102,92.91932,0,178.0675162622211,130.5667203816585,0.16320840047707313,0.28515808163334677,0.35185086605363447,Jay Sean,Stuck In the Middle
TRIJRST128E0793392,SONQRIB12A6701E797,ARTDHFJ1187B9BA3FA,Samantha Mumba,Never Meant To Be,Gotta Tell You,2001,252.13342,0.631680472151,0.434806675131,r&b/soul,rnb; pop; irish; female vocalists; european pop,247,88,37.98684,0,127.72621432125874,98.83767078904988,0.12354708848631235,0.28873369453067055,0.34362572934121516,Fantasia,Bump What Your Friends Say
TRVQVOK128F423C8B6,SOFZNJD12A8AE477DE,ARFJZRY1187FB3C85E,Bette Midler,Friends/Oh My My (LIve),Live At Last,0,255.26812,0.685244285268,0.52881351314,folk,funny; feelgood; Bette1; good movin music; annymix,505,132,82.2253,0,178.18267023092298,129.14419347133673,0.16143024183917093,0.2692787475491439,0.3370640538938301,Fantasia,Bump What Your Friends Say
TRHIZHZ128F4295EFA,SOLYDEE12A8C13B199,AR3JMC51187B9AE49D,Backstreet Boys,Don't Want You Back,Millennium,1999,206.49751,0.851417628847,0.592614927352,pop,pop; boybands; backstreet boys; dance; 90s,366,96,73.824115,0,140.25660977439713,108.55110797223867,0.13568888496529832,0.28102723122506834,0.33499008904590066,Fantasia,Bump What Your Friends Say
TRCSWQR128F146292C,SONIOGK12A6D4F861D,ARYCP7D1187B99516B,Pat Travers,Is This Love,The Best Of Pat Travers 20th Century Masters The Millennium Collection,2003,327.96689,0.565971267271,0.384018128543,reggae,reggae; guitar; blues rock,303,54,54.064776,0,118.23579181102873,100.95014098057844,0.12618767622572305,0.28325200965558633,0.3159483169485602,Ray Charles,Smack Dab In The Middle
TRYWLDI128F92FE846,SOFCVLP12AB017E87C,AR6681Y1187FB39B02,Ike & Tina Turner,Rock Me Baby,Spotlight On The Four Aces,1987,165.09342,0.785640031695,0.466120647971,r&b/soul,Ike and Tina Turner; soul; blues; pop; best,168,37,36.945906,0,90.84040446933989,79.59925201704166,0.09949906502130208,0.28199169004450714,0.3083068117381084,Ray Charles,Smack Dab In The Middle
TRPCLEM128F92CD1FF,SOTVYTQ12A8C14461B,ARGJ7R91187B9AF64A,T. Rex,20th Century Boy,The Best of Marc Bolan & T.Rex 1972-77,1973,221.98812,0.671282809598,0.520312854929,rock,glam rock; classic rock; rock; 70s; glam,216,45,38.249183,0,98.89872676099343,85.32716911946413,0.10665896139933016,0.2776949442742914,0.3074807140432739,Ray Charles,Smack Dab In The Middle
TRHSWOG128F4257515,SONPOCZ12A8C1373DE,ARVALPV11F50C4E2A6,Gregory Isaac,Soon Forward,Greatest & Latest,0,152.05832,0.58210513162,0.41674372144,reggae,reggae; roots reggae; Soon Forward; jamaica; lovers rock,151,53,32.634338,0,94.57869495428618,84.62994688104837,0.10578743360131046,0.4127289727054413,0.43964818750929496,Ray Charles,Don't You Know
TRZPSAF128F9349767,SOLOQYJ12AB0188A53,AR20CFC1187B98A25D,Ray Charles,Kiss me baby,Genius=blues,0,188.44689,0.759912526334,0.673207274956,jazz,jazz; blues; soul; swing; double-ender 11,205,67,42.023803,0,103.06964675581963,89.33954323500454,0.11167442904375567,0.3378022026287595,0.37040570583983984,Ray Charles,Don't You Know
TRNFUAB128E0792001,SOZDIOV12A6701D7E9,AR76ZQP1187FB56A79,The Temptations,Ain't Too Proud To Beg,Lost & Found:The Temptations: You've Got To Earn It (1962-1968),1966,150.54322,0.709227648439,0.633353702739,r&b/soul,soul; motown; oldies; 60s; rhythm and blues,345,85,62.585941,0,107.15996771681895,89.31163444077501,0.11163954305096876,0.28996172447988944,0.32885064567251365,Ray Charles,Don't You Know
TRRZSBO128F428BE44,SOGEKBX12A8C13ACE1,ARPDVPJ1187B9ADBE9,Usher,Nice & Slow,Live,1997,390.76526,0.856448923652,0.851233891127,r&b/soul,rnb; slow jams; 90s; hip hop; sexy,469,139,69.382995,0,247.38217780410628,181.1131819652982,0.22639147745662275,0.30965317608636045,0.37980143836002317,Chrisette Michele,All I Ever Think About
TRMTSMP128F92F621B,SOJUGCS12AB01856DD,ARLSC551187B99C55C,N-Dubz,Sex,Uncle B,2008,136.4371,0.650219484899,0.569460848691,hip hop,sex; Hip-Hop; n-dubz sex song; skins; rap,610,205,64.404969,0,254.30145925010734,163.09563117656248,0.2038695389707031,0.2526707715794159,0.3435082518912879,Chrisette Michele,All I Ever Think About
TRWXSWA128F1456793,SOCREJX12A6D4F7A4B,ARP4J5Q1187B99171D,Shai,Waiting For The Day,If I Ever Fall In Love,1992,285.12608,0.657823757354,0.420958744705,r&b/soul,r&b; new jack swing; rnb; 1993; 1990s,569,137,92.471617,0,206.5589435493295,144.80206347662542,0.1810025793457818,0.2631554595134666,0.33743480533446885,Chrisette Michele,All I Ever Think About
TREMJCL128F1484AB4,SONUKMU12A6D4F92D5,ARALUUG1187FB58696,Irma Thomas,Anyone Who Knows What Love Is (Will Understand),Straight From The Soul,1964,180.50567,0.623823767852,0.441106359144,r&b/soul,soul; female vocalists; drjazzmrfunkmusic; blues; rhythm and blues,139,59,26.944387,0,145.0241410443404,133.92610637203776,0.1674076329650472,0.40875077584736774,0.4281212897783685,Jackson 5,(You Were Made) Especially For Me
TRMOHUN128F424DEE6,SOCIAUG12A8C130F7F,ARO7DTP1187B9A1D2B,The Puppini Sisters,Don't Sit Under The Apple Tree,The Rise And Fall Of Ruby Woo,2007,171.15383,0.687549908847,0.627258614097,jazz,swing; sweet; stylish; female vocalists; romantic,251,59,46.270941,0,201.39091191071603,185.43212234709623,0.23179015293387029,0.4009683534119523,0.4209489384911443,Jackson 5,(You Were Made) Especially For Me
TRRZFQA128F425F1A3,SOFOSCE12A8AE48955,ARIIT891187B9AFD62,Newton Faulkner,Dream Catch Me,Hand Built By Robots,2007,250.69669,0.821576637069,0.511213682811,folk,singer-songwriter; acoustic; folk; indie; pop,313,70,58.898217,0,196.11975682789074,176.70306438950078,0.22087883048687598,0.38216113322197287,0.4067086093589066,Jackson 5,(You Were Made) Especially For Me
TRMBUXS128E0780EF9,SOVNTPR12A6310F98E,ARH85T41187FB41809,Busted,Build Me Up Buttercup,Crashed The Wedding,0,158.9024,0.679202438529,0.43892202451,pop,britpop; british; rock; pop; McFly,235,86,39.949969,0,123.1397917848653,101.80523382972886,0.12725654228716107,0.3257142501954532,0.36866660392069595,Jackson 5,I Was Made To Love Her
TRHJRZH128F428BC86,SOEWJIT12AF72A186E,ARGCVZG1187B9B916F,Hayseed Dixie,Black Dog,A Hot Piece Of Grass,2005,187.58485,0.633049366774,0.429734811931,country,bluegrass; cover; country; hillbilly; psychobilly,273,111,48.579831,0,181.34135382552188,147.2155962386194,0.18401949529827427,0.3209799431840641,0.36799774609352626,Jackson 5,I Was Made To Love Her
TRJAPND128F42507C5,SOZUOXB12A81C22A66,ARJK7JU1187FB4C3F3,Simian Mobile Disco,I BELIEVE,SAMPLE AND HOLD: Attack Decay Sustain Release REMIXED,2006,309.57669,0.750813999633,0.575685760236,electronic,electronic; dance; electro; electronica; new rave,355,87,68.651293,0,142.26544644677222,116.11153236903398,0.14513941546129247,0.3055003062303986,0.3501061772410168,Jackson 5,I Was Made To Love Her
TRDDTJP128F42437DA,SORMLWN12A58A7699C,AR06M3F1187FB38BED,Mississippi Fred McDowell,When I Lay My Burden Down,You Got To Move,1964,134.26893,0.603268921561,0.385305378334,blues,blues; delta blues; good ole homely country folk playing banjo yodeling; folk; acoustic,103,30,26.589472,0,113.39261753129243,106.54211054384218,0.13317763817980274,0.45213053732191116,0.4659248481216732,Jackson 5,Bridge Over Troubled Water
TRFTEXX128F426B193,SOFYSHZ12A8C134CB9,ARAOBIZ1187FB38574,Johnny Winter,Lay Down Your Sorrows,The Very Best Of Vol. 1,1974,250.69669,0.749711707474,0.452380503907,blues,blues; blues rock; guitar; ballads,257,85,42.461747,0,126.82296232600379,107.61246389329251,0.13451557986661564,0.30886412510195616,0.3448308400581349,Jackson 5,Bridge Over Troubled Water
TRUIBFH128F146CBCD,SOAWKPV12A6D4F822C,ARO8IW51187B9B7092,Stellastarr*,Sweet Troubled Soul,Harmonies For The Haunted,2005,247.84934,0.662879789391,0.419883764108,rock,indie; indie rock; rock; alternative; favorite songs,212,68,25.865034,0,93.91444690087759,79.77976103920062,0.09972470129900078,0.2584132627603362,0.29086160064463573,Jackson 5,Bridge Over Troubled Water
TRUHUSZ128F42A6ACF,SOWDJSK12A8C13C665,ARDSMT71187FB52D10,Avant,Heaven,Private Room,2003,236.69506,0.850584461589,0.573337429721,r&b/soul,rnb; smooth; soul; avant; pure rnb,432,77,75.286121,0,154.14735022265984,130.96113231091056,0.1637014153886382,0.3411061516654979,0.3786225921469644,Jackson 5,Goin' Back To Indiana
TRRPZEH128F1466812,SOJRVID12A6D4F73F8,ARQCSP31187B9A17ED,Us3,I Got It Goin' On,Hand On The Torch,1993,318.48444,0.686350895519,0.474644868283,jazz,acid jazz; Jazz Hop; jazz; chillout; funk,443,169,66.813172,0,163.44147719644076,127.8826389977425,0.15985329874717813,0.30035921086839446,0.352702289193969,Jackson 5,Goin' Back To Indiana
TRTJIOL128F1495A4B,SOCXPOX12A6D4F95D1,AR2UWUD1187B9B3B01,Nina Simone,He Ain't Comin' Home No More,Compact Jazz - Nina Simone,1967,191.99955,0.761138734412,0.545536177337,classical,nina simone; black classical music; hahnm; drjazzmrfunkmusic,131,71,18.734994,0,94.02727291376029,79.20422055915839,0.09900527569894799,0.3000273436054198,0.33722557114994584,Jackson 5,Goin' Back To Indiana
TRGAFJY128F1464C16,SOLCSXJ12A6D4F854B,AR2XJGJ1187B9986A9,Houston,Twizala,It's Already Written,0,218.20036,0.568227980581,0.433325272258,r&b/soul,rnb; searching for love; brain2brain,524,108,81.547532,0,212.85900717322562,183.83381175498997,0.22979226469373745,0.325192454552827,0.3576912716638052,Jackson 5,Lookin' Through The Windows
TRCXJMY128F42968F1,SOIJKTG12A8C13AAEB,AR2Y4271187FB509B8,Waldeck,Morning Light,The Night Garden,2001,200.75057,0.648378714282,0.476408190663,reggae,trip-hop; chillout; dub; chill; Lo-Fi,140,59,19.77372,0,109.79205675637432,96.12166930325238,0.12015208662906547,0.3083408292637022,0.3373578996234496,Jackson 5,Lookin' Through The Windows
TRRPFIV128F9308F6F,SODSMLB12AB017D846,ARDKBON122BCFCC434,The Mick Fleetwood Blues Band,Looking for Somebody,Blue Again,2008,301.71383,0.288823568646,0.0,blues,Fleetwood Mac; blues rock; blues; christine mcvie; Peter Green,65,32,11.958261,0,71.28853014945872,63.35582653717201,0.07919478317146501,0.26987253623954294,0.29357917350732315,Jackson 5,Lookin' Through The Windows
TRFGRSH128F42965DE,SODNMAH12A8C13C287,ARVP1TO1187B9A4A7A,Luther Vandross,Here And Now,Live Radio City Music Hall 2003,1989,460.95628,0.744096792889,0.522665045269,r&b/soul,love songs; soul; luther vandross; rnb; Here and Now,291,78,55.081757,0,135.66379743999994,116.24479889888221,0.14530599862360277,0.3268672036981614,0.3616247379099295,Jackson 5,You've Changed
TRSTVRS128F427AF41,SOKOPJY12A8C13BEB7,ARPT0RR1187FB527E1,Moby,Yeah,Moby,1992,348.57751,0.788530660522,0.52912497163,electronic,ambient; electronic; hypnotic; Songs to Read By; fyeah,376,55,67.919069,0,180.8748532245621,157.48332640813092,0.19685415801016365,0.3204527249756574,0.3513194300274958,Jackson 5,You've Changed
TRUURUQ128E07990A3,SOKLHOW12A67ADE678,AR6XEHV1187FB43D1A,Bonnie Raitt,Something To Talk About,Luck Of The Draw,1991,227.63057,0.708725289752,0.507748488038,blues,female vocalists; blues; country; rock; 90s,301,102,43.335897,0,145.27475774581382,121.37119026343314,0.1517139878292914,0.30016506537611887,0.33892809867725093,Jackson 5,You've Changed
TRCRGWF128F92E7387,SODLATA12B0B80785F,ARJ5MFV1187FB3F403,Nickel Creek,Best Of Luck,Why Should The Fire Die?,2005,202.10893,0.649624667439,0.501924954676,country,bluegrass; acoustic; folk; newgrass; country,230,104,30.643107,0,186.3420372320344,143.59588559081897,0.17949485698852372,0.29988873510256286,0.3572213122160021,Jazmine Sullivan,Switch!
TRHTTDL12903CB061E,SOYCDYS12A58A7BF3D,AR9WE2M1187FB46290,Wisdom In Chains,I Don't Care,Class War,2007,69.3024,0.643775125172,0.355005826477,metal,hardcore; shed; wisdon in the chains; punk minute,133,60,24.779023,0,128.72657337307925,108.12295180425437,0.13515368975531797,0.31622955115509094,0.35401940422671757,Jazmine Sullivan,Switch!
TRRMFJW128EF34FE5E,SOOKVDG12A6D2281E1,ARJB1XH1187FB3D6E2,Judge Dread,The Winkle Man,Big Six,1976,176.5873,0.586537108632,0.362627181231,reggae,skinhead reggae; ska; reggae; aaa; XAp,289,141,29.223278,0,167.72171160482932,123.30537447713576,0.1541317180964197,0.27703210634557396,0.3422248559435739,Jazmine Sullivan,Switch!
TRYEMUJ128F92E0392,SODSJPM12AB017B07F,ARK8EHO1187B9B71D1,Shamen,Lightspan,En-Tact,1990,276.21832,0.605880471066,0.393660867924,electronic,techno; tribal; electronic; Acid; club,34,8,12.165525,0,45.88573550576466,43.566763195139906,0.054458453993924884,0.33355674503031074,0.34217233499052213,The Police,One World (Not Three)
TRZYDHT128F145736F,SOMCFMK12A6D4F7AFB,ARPAZT21187B98C378,Tracie Spencer,Imagine,Tracie Spencer,1988,268.9824,0.506279056408,0.359826933858,r&b/soul,rnb; female vocalists; 80s; singer-songwriter; cover,215,78,29.698485,0,103.65156390055114,85.43493911599346,0.10679367389499182,0.2513478398447667,0.28931380557331776,The Police,One World (Not Three)
TRWNSOH128F428C406,SOEYGIG12A8C141EA3,ARRPCW31187FB54502,The Flatliners,This Respirator,The Great Awake,2007,117.4722,0.691413300351,0.523857080363,reggae,ska; punk rock; ska punk; punk; ska-punk,245,122,29.782545,0,120.21755823549013,94.80035661625838,0.11850044577032298,0.24208231770345148,0.2874282450582722,The Police,One World (Not Three)
TRDPGXU128F9339C2A,SOELYON12AB01876A3,ARLHO5Z1187FB4C861,Beastie Boys,B-Boy Bouillabaisse: A.W.O.L. (2009 Digital Remaster),Paul's Boutique (20th Anniversary Remastered Edition),0,105.56036,0.853124523276,0.591628024008,hip hop,hip hop; leapsandbounds CDCollection,1746,505,153.652205,0,697.3150897477746,314.301862429772,0.392877328037215,0.25818265473797447,0.4305291722303031,Matisyahu,Close My Eyes
TREKDDG128F4298103,SOBDJYO12A81C22157,ARQNLH31187B9ADC1D,The Cat Empire,Days Like These,Two Shoes,2003,248.76363,0.685071701775,0.55166407686,reggae,ska; australian; funk; alternative; happy,559,226,58.566202,0,393.3836284930576,216.33784611484097,0.27042230764355124,0.26577489023406076,0.3969411931313875,Matisyahu,Close My Eyes
TRFPLQD128F92FFB52,SOIRTUC12AB0182042,ARH0Z131187B9B69E9,Kool Moe Dee,Bad Mutha,Kool Moe Dee,1987,335.49016,0.545866608602,0.375362434357,hip hop,hiphop; hip hop; Hip-Hop; party; oldschool,768,283,85.252566,0,408.415522817709,210.4801952074623,0.26310024400932785,0.24361250432392215,0.3845358708627218,Matisyahu,Close My Eyes
TRFJEJR128F1469572,SOJJJEY12A6D4F7FAE,ARFOVF61187B9892CD,Enigma,Prism Of Life,Le Roi Est Mort_ Vive Le Roi!,1996,295.20934,0.802080867427,0.542807953364,electronic,new age; ambient; enigma; electronic; chillout,136,94,13.96424,0,99.91720134533489,81.13571607471482,0.10141964509339353,0.3194923012711776,0.36635024154259943,Matisyahu,Exaltation
TRTLEVO128F425EA4F,SOGBKDN12A8AE469FE,ARK36B71187FB589D2,Paul Potts,O Holy Night,One Chance - Christmas Edition,2007,265.35138,0.690856950177,0.384766646253,classical,christmas; opera; weihnacht; paul potts etc; fmera xmas,226,116,24.454039,0,145.35264311695298,117.6317385287298,0.14703967316091224,0.31620712066451784,0.36362592209774763,Matisyahu,Exaltation
TRKJHIA128F4252CD7,SOISMKA12A6BD548B5,ARWKO2O1187B9B5FA7,Tree63,All Over The World,Blessed Be Your Name - The Hits,2005,331.44118,0.647587400319,0.430969663992,rock,christian rock; praise and worship; this is great; worship; Love it,349,80,59.816386,0,160.4320031266994,133.18243579993347,0.16647804474991684,0.31196693459316677,0.35297145243405165,Matisyahu,Exaltation
TRNQCSM128F930C97C,SOSGNDE12AB017CE92,ARD0E2Q1187B9B4BD6,Dominici,So Help Me God,O3 A Trilogy - Part 3,2008,263.6273,0.579243861744,0.344297196131,electronic,Progressive; ambient; Progressive rock; Progressive metal; Dream Theater,175,71,31.22499,0,148.7675879596901,113.46087492243949,0.14182609365304935,0.32431967374334264,0.3821645462797341,Matisyahu,Fire and Heights
TREBQOW128F92C4549,SOLIKYJ12A8C13F7DA,AR54RGR1187FB51D10,Common,Book Of Life,thisisme then: the best of common,1994,306.85995,0.865128983978,0.53481975015,hip hop,Hip-Hop; hip hop; hiphop; rap; Jazz Hop,569,226,78.663842,0,275.2128317311622,159.91609004366813,0.19989511255458517,0.2589651378149454,0.37524339311872656,Matisyahu,Fire and Heights
TRVFKVN128F42B501F,SOIPNIY12A8C13EBA4,ARUJZFJ1187B9B135F,Shania Twain,All Fired Up_ No Place To Go,The Complete Limelight Session,0,198.55628,0.870033796618,0.546326119552,country,country; Typ country; balla brudar,298,86,49.969991,0,191.90929903176274,143.54628287472684,0.17943285359340855,0.2928662926145474,0.3523219407112028,Matisyahu,Fire and Heights
TRLINLH128F9346400,SOROKRP12AF729F9B4,ARTDQRC1187FB4EFD4,Black Eyed Peas,One Tribe,THE E.N.D. (THE ENERGY NEVER DIES),2009,280.60689,0.84560188664,1.00594196595,hip hop,Hip-Hop; black eyed peas; pop; Tehno-rap; best songs of 2009,724,166,128.17176,0,233.16501136430196,171.03257307326217,0.2137907163415777,0.28891593213631855,0.35622368969099705,Matisyahu,Jerusalem
TRXDZMT128F92C5255,SOOPYMB12A8C14139A,ARYLQXI1187FB3CDFC,Matthew Ryan,Autopilot,Concussion,2001,207.20281,0.693924063519,0.387751278886,folk,folk; americana; singer-songwriter; alt country; cool but sad,155,77,27.45906,0,112.89778002746986,88.53761563173671,0.11067201953967089,0.2928996070661074,0.34539969455922404,Matisyahu,Jerusalem
TRRGWST128F930E4AE,SOSUUFB12AB017F629,AR3XOZN1187FB483F9,Sara Gazarek,Yours (Live),Live At The Jazz Bakery,2006,243.53914,0.605533447271,0.398221704019,jazz,jazz vocal,187,73,30.545049,0,117.13066688420021,91.72006156825593,0.11465007696031991,0.28568579587697857,0.3377883808890825,Matisyahu,Jerusalem
TRHQAPS128F42A51F4,SOSWVVV12A8C13C21C,AR6J3X81187FB59A7B,Matisyahu,Fire and Heights,Live at Stubb's,2005,260.15302,0.83059250647,0.639798164281,reggae,reggae; jewish reggae; jazz; instrumental; jewish american,621,190,71.386273,0,185.65701426280464,115.92703263951017,0.1449087907993877,0.23469162539254976,0.328860925085809,Matisyahu,Warrior
TRWMHCZ128F42AE295,SOPJZCC12A8C13FF7B,AR6J3X81187FB59A7B,Matisyahu,Jerusalem,Youth,2006,240.24771,0.83059250647,0.639798164281,reggae,reggae; jewish; Hip-Hop; Matisyahu; hasidic reggae,480,143,63.741666,0,147.2916803090928,100.85307991670422,0.12606634989588028,0.22845389115565476,0.3016826545406076,Matisyahu,Warrior
TRWJQPJ128F426F26E,SORCQJA12A8C131FB1,AR8W8P31187B9A4063,Lauryn Hill,Adam Lives In Theory,MTV Unplugged No. 2.0,2002,446.14485,0.697206464376,0.580125198887,r&b/soul,soul; rnb; lauryn hill; favorites; hip hop,538,216,58.983048,0,160.8767587864857,93.90400411128506,0.11738000513910633,0.19470354804028123,0.29253573425594626,Matisyahu,Warrior
TRDPGXU128F9339C2A,SOELYON12AB01876A3,ARLHO5Z1187FB4C861,Beastie Boys,B-Boy Bouillabaisse: A.W.O.L. (2009 Digital Remaster),Paul's Boutique (20th Anniversary Remastered Edition),0,105.56036,0.853124523276,0.591628024008,hip hop,hip hop; leapsandbounds CDCollection,1746,505,153.652205,0,570.8619740817198,256.6547059259176,0.320818382407397,0.2380815468895632,0.40318140228702,Sublime,Don't Push
TRQUQDU12903C9AF09,SOJQGGQ12AF72A0CD6,AR72OEM1187FB43E2A,Biz Markie,Make the Music With Your Mouth_ Biz,Just A Friend - EP,0,304.19546,0.638593203241,0.418282745711,hip hop,old school; beatbox; biz markie; rap; hip hop,671,225,70.94364,0,376.30474316726037,233.41537329270378,0.29176921661587973,0.27591501900196974,0.380280072700072,Sublime,Don't Push
TRYHHPK128F42A4CAF,SODXCYQ12AF72A03A9,ARMZIKF1187FB46B0D,Murs,The Dance,The End Of The Beginning,0,277.62893,0.761511378147,0.538088715071,hip hop,classic; Definitive Jux; Favorite songs ever; Def Jux; murs might be the best rapper alive,913,377,73.130021,0,414.0002547972264,191.73069783442625,0.2396633722930328,0.2091304677928912,0.36159881043366304,Sublime,Don't Push
TRHHLCB128F426AB42,SOPBOSD12A8C130C74,ARKVLYL1187B98DD50,Ginuwine,Do You Remember,100% Ginuwine,1999,369.3971,0.78626800889,0.496705942843,r&b/soul,rnb; Ginuwine; Kiley Dean; Ray J; bubba sparxxx,461,112,76.804948,0,142.1657707256545,124.22995915786902,0.15528744894733626,0.3364365057216651,0.3654132576017053,Sublime,Pawn Shop
TRQPTHF128F932E0DC,SOKJJZF12AB0187957,ARUAKBD1187B9A2114,Jimmy Barnes,Stone Cold,Sheperds Bush Empire Live 2001,1993,263.6273,0.558796616476,0.405059883131,r&b/soul,soulful; rock; soul; singer-songwriter; Ballad,186,74,32.710854,0,81.03796066021283,71.42778458776536,0.0892847307347067,0.2950925327484761,0.32160342226711636,Sublime,Pawn Shop
TRYYGDU128F14774E1,SOITAFR12A6D4F8C62,AR5AA4Q1187FB4CFBD,Alisha's Attic,The House That We Built,The House We Built,2001,198.89587,0.550436066935,0.412800421006,electronic,female vocalists; 90s; Alisha s Attic; The House we Built; Karen Poole,355,75,59.329588,0,107.68873870134045,93.4078314394013,0.11675978929925163,0.28041145452575655,0.30928778938706464,Sublime,Pawn Shop
TRWWTWK128F9337990,SOBWZXK12AB0183988,ARVCWHC1187B9B3435,Technicolour,At The Spot,At The Spot/Good News Green (Drumsound & Bassline Smith Remix),0,357.642,0.493087344249,0.364190716289,r&b/soul,Drum and bass; dnb; liquid funk,270,85,31.937439,0,195.32529972768606,164.3787397505651,0.20547342468820637,0.3631335787329631,0.4038859544144902,Michael Franti & Spearhead,See you in the Light
TRXRPLG128F428D23F,SOVTPZH12A8C13AA4B,ARR57MZ1187FB5C275,Lisa Stansfield,You Know How to Love Me,Lisa Stansfield,1997,331.88526,0.675730792169,0.382820411594,r&b/soul,soul; Lisa Stansfield; fmera pop; cover; female vocal,329,82,66.693328,0,138.1654450427064,115.78393478168505,0.1447299184771063,0.3356458869199598,0.37608448000130285,Michael Franti & Spearhead,See you in the Light
TREXMWU128F9319FB7,SOYYIZX12A6D4FD72C,ARAOQ5T1187FB435AB,Björk,Hyper-Ballad,Greatest Hits,1995,321.35791,0.853153520662,0.559129441527,electronic,electronic; alternative; female vocalists; bjork; icelandic,223,86,33.570821,0,119.51631961788188,97.39084484005186,0.12173855605006483,0.30127390939421667,0.34603348510078,Michael Franti & Spearhead,See you in the Light
TRPFORB128F42626DF,SOOAKMU12AF729CFD4,ARNDB1X1187B990AA0,Suicidal Tendencies,Where's The Truth,The Art Of Rebellion,1992,254.1971,0.736677413341,0.526182556347,metal,hardcore; metal; punk; crossover; Alternative  Punk,409,113,63.371918,0,183.52322996317903,148.03929284920923,0.18504911606151153,0.2851801860014289,0.33087616402443265,Michael Franti & Spearhead,Sweet Little Lies
TRRQUHL128F4259E45,SOHERKO12AF72A38DF,ARYBGMF1187FB4D82C,Berlin,Masquerade,Metro: Greatest Hits,1982,257.2273,0.651772658526,0.524477183577,pop,new wave; 80s; female vocalists; synth pop; rock,279,97,42.941821,0,133.77360166191554,106.82945771262068,0.13353682214077586,0.2698093350898466,0.3163004805952292,Michael Franti & Spearhead,Sweet Little Lies
TRJENHJ128F92E5292,SOSYQCM12A8C1447EE,AR183IH1187B9AC2F0,Funker Vogt,Blind Rage,Aviator,2007,427.44118,0.626485899941,0.495091227863,electronic,industrial; ebm; Aggrotech; dark electro; minemine,174,80,19.595918,0,114.41540074086065,92.6292688011637,0.11578658600145462,0.27155395510643676,0.3152855685053165,Michael Franti & Spearhead,Sweet Little Lies
TROSAQJ128F92D308C,SOVNMOR12A8C142419,ARMPCW71187B9B85C1,Charlie Wilson,What You Do To Me,Uncle Charlie,2008,205.322,0.697759493501,0.63251296416,r&b/soul,smooth groove; rnb; rhythm and blues; sage; slowjamz,436,105,82.352899,0,116.72786782547203,85.08744166227609,0.10635930207784511,0.2710732533373094,0.3378210690399687,McFly,The Way You Make Me Feel
TRANAPL128F42BA7D6,SOOAXBU12A8C141C71,AR81GOD1187B9B1583,Young Jeezy,By The Way,The Recession,2008,239.98649,0.922092702113,0.553782209471,hip hop,Jeezy; hiphop; southern rap; rap; hip hop,778,187,117.626528,0,189.26958078687102,127.05160782162554,0.15881450977703193,0.24921641623513066,0.33026485756559454,McFly,The Way You Make Me Feel
TRXKRGP128F4284FEA,SOXTDMC12A8C13A302,ARMBD941187FB532C0,The Partridge Family,There'll Come A Time,Shopping Bag,1993,168.85506,0.568507555315,0.42624548675,pop,70s; pop; oldies; bubblegum; catchy,201,71,34.336569,0,91.48958250281406,69.97780115718756,0.08747225144648445,0.2732626289229613,0.3292063830517608,McFly,The Way You Make Me Feel
TRJWWFP128F934D169,SODSQNU12AB018911A,ARVTCS91187FB44DF6,Thievery Corporation,Exilio,Babylon Rewound,2004,341.86404,0.778079975476,0.561861499693,latin,musica latina; trip hop; garden279; latinbeat1; Thievery Corporation,114,28,34.249088,0,418.7122906087582,406.9703016365615,0.5087128770457019,0.5834135796741106,0.5879265904436154,Daddy Yankee,Grito Mundial
TRPGDLF128F9340FAA,SORYVXN12AB0186258,AR7PARM1187FB52B76,El sueño de Morfeo,Ven,Cosas que nos hacen sentir bien,2009,187.34975,0.54811484852,0.356559153165,pop,pop; spanish; Sousaphonic AOTM 201102,130,57,17.549929,0,375.2245509798552,356.2826677873852,0.4453533347342315,0.5661654311704537,0.5787407149741132,Daddy Yankee,Grito Mundial
TRUBYBP128F9343168,SODWEHO12AB01816FB,ARE8TB61187FB3601C,Cartel De Santa,La Ranfla Del Cartel,Volumen Prohibido,2007,218.93179,0.748311833105,0.390596227753,hip hop,Hip-Hop; asesinos de asesinos; la pelotona,328,83,48.4252,0,615.2864577530161,573.3416921231998,0.7166771151539997,0.5509564075735945,0.5680084526879466,Daddy Yankee,Grito Mundial
TRPFCIB128F14B026B,SOYSZFQ12A58A7C2DD,AROWNZP1187FB3C028,Black Box,Everybody Everybody,Dreamland,1990,247.03955,0.611726027445,0.361992288025,electronic,House; everybody everybody; 1990; Black Box; eurodance,293,74,72.580989,0,199.73813363423184,173.64646550373806,0.21705808187967257,0.3379723633872757,0.3698695283579806,tobyMac,Get This Party Started: Ghost Remix
TRPFSWR128F93441C5,SOKSRTY12A8C143C90,ARZNILY1187B98FCC5,The Planet Smashers,Life Of The Party,Life Of The Party,1999,144.14322,0.62027753253,0.388392491651,reggae,ska; ska punk,234,68,43.405069,0,155.33983923651206,133.719068119135,0.16714883514891873,0.29030486118104465,0.3218849420283478,tobyMac,Get This Party Started: Ghost Remix
TRELGFO128F429150F,SOBNIUX12A8C13ABB6,ARLB1N91187B99D823,Nina Hagen,Where's The Party,Nina Hagen,1989,226.11546,0.687294791628,0.44779064093,punk,punk; pop; new wave; punk rock; post-punk,399,144,42.930176,0,195.84189503424577,150.62702500716773,0.18828378125895967,0.26400579628307874,0.3168095702973003,tobyMac,Get This Party Started: Ghost Remix
TRGRDJF128F934EF03,SOIJKHS12A8C13B053,ARL5BEN1187B98E4D9,Jah Cure,Sticky,The Universal Cure,2007,209.55383,0.707204743933,0.519636855546,reggae,reggae; Jah Cure; Rasta; roots; nu roots,335,79,53.225934,0,153.41551038285223,135.72128151065726,0.16965160188832157,0.34692099509327506,0.37517902968139494,Bob Marley & The Wailers,Africa Unite
TRFZJFH12903CE42DD,SORAGRO12AB018633F,AR8Y9QU1187B99E181,Pedro The Lion,Progress,Control,2002,246.38649,0.691357521057,0.494600739455,rock,indie; indie rock; soo simple but soo good; songs that remind me of home; beautiful beard,187,89,23.664319,0,83.98390368354951,71.17020763188145,0.08896275953985182,0.30049596011420027,0.3360891677520376,Bob Marley & The Wailers,Africa Unite
TRWJFKR128F423382A,SODYZNF12A81C217CE,ARXDQJB1187FB57154,Faithless,To All New Arrivals,To All New Arrivals,2006,303.12444,0.813013088935,0.548533654534,electronic,electronic; electronica; dance; Faithless; House,191,79,26.589472,0,87.76776363667402,75.59962240554923,0.09449952800693653,0.29647769946072783,0.3284868440777364,Bob Marley & The Wailers,Africa Unite
TROIHBO128F42613D7,SOBXQKV12A8C13451B,AR456541187B98F3DB,Missing Persons,Destination Unknown,Spring Session M.,1982,216.73751,0.585234055218,0.405415485031,pop,80s; new wave; synth pop; electronic; pop,248,73,38.327536,0,107.15582515268503,84.39957764075382,0.10549947205094228,0.28253949495225833,0.3330219351516507,Bob Marley & The Wailers,Could You Be Loved
TRVBOFB128F1495AB8,SOGNOAN12A58A7ABB0,AR3THYK1187B999F1F,João Gilberto,You Do Something To Me,Joao,1991,161.04444,0.645192338747,0.471224329919,latin,Bossa Nova; Joao Gilberto; latin; romantic,47,27,11.269428,0,45.26923358744797,39.878706011141375,0.04984838251392672,0.30861846036389595,0.3323635602176291,Bob Marley & The Wailers,Could You Be Loved
TRWNAZK128F9301315,SOIKHQJ12AB017E83A,ARDLRLV1187B99ABE4,Mc Chris,Rollercoaster,MC Chris Is Dead Black,2008,165.40689,0.738366505452,0.542901788316,hip hop,rap; fun; Tag; nerdcore; rollercoastercore,438,189,43.726422,0,154.2734074427984,107.00540036803368,0.1337567504600421,0.2538325282859558,0.32834052436607064,Bob Marley & The Wailers,Could You Be Loved
TRQMVYN128F4250E38,SOPYZTH12A8C135090,ARAZCWP129462A97F1,Bob Marley,Rebels Hop,Soul Almighty - Natural Mystic II,2005,149.75955,0.778835827402,0.570106511951,reggae,reggae; Bob Marley; Juli,158,72,19.646883,0,204.7993059559812,195.4018924097058,0.24425236551213225,0.9490421284375897,0.9512575878871904,Bob Marley,No Water
TRHQIZI128F42A0297,SOMINWR12AF72AB038,AR9L6R11187B9AA3F2,Duran Duran,All Along The Water,The Singles Box 1986 - 1995,1990,231.31383,0.777839247578,0.590400936943,pop,pop; dance; tangy; groovy; House,283,73,59.270566,0,100.63398682271543,88.17042718212079,0.11021303397765099,0.282707574427667,0.31019944369671565,Bob Marley,No Water
TRYRZDA128F427DAE9,SOBILDF12A6D4FC6AE,ARJ3GS61187B9A15C0,Gabriella Cilmi,Don't Wanna Go To Bed Now,Lessons To Be Learned,2008,188.3424,0.702823103609,0.470879187724,jazz,female vocalists; pop jazz; jazz; pop; soul,303,76,57.593402,0,86.53087631384153,74.1288011610664,0.092661001451333,0.277842753722958,0.3099104181220976,Bob Marley,No Water
TRWVZBZ128F1462E08,SOKLVHU12A6D4F4778,AR048JZ1187B9AEB85,Yellowcard,Believe,Ocean Avenue,2003,271.17669,0.872933783073,0.627467258563,punk,punk rock; rock; punk; pop punk; alternative,371,125,59.008474,0,203.34718203514345,170.16332607184506,0.21270415758980632,0.35309164913022095,0.3941847799267135,Bob Marley & The Wailers,One Love / People Get Ready
TRQRLHF128F14722B5,SOUNWQX12A6D4F76E0,ARMLOSJ1187B98B08C,Anouk,Alright,Anouk Is Alive,0,212.97587,0.725759377053,0.505554688817,rock,rock; female vocalists; pop; Anouk; singer-songwriter,242,85,37.067506,0,148.17708651579747,121.98304528969179,0.15247880661211474,0.30952911596161353,0.35220705840969835,Bob Marley & The Wailers,One Love / People Get Ready
TRRXHUS128F4289B89,SOZFAFS12A8C13DF99,ARFKNYS11F4C847490,Useless I.D.,It's Alright,Redemption,0,177.34485,0.498919094907,0.126734899223,punk,punk rock; melodic punk; pop punk; rock; punk,277,95,40.816663,0,122.89126318501597,99.78845820188587,0.12473557275235735,0.2766001645631577,0.3199377789331902,Bob Marley & The Wailers,One Love / People Get Ready
TRNKNQY12903CFF808,SOZKPQP12AC9097972,ARQVZ7F1187FB57CC9,Twenty 4 Seven,Take Me Away,Best of,0,213.34159,0.540862601844,0.482490972444,electronic,90s; eurodance; electronic; dance; Disco,293,46,67.149088,0,59.95810255269877,53.79384345597889,0.0672423043199736,0.30480200716454725,0.32826009503305914,Bob Marley,Try Me
TRBYSYI128E07919D8,SOWCOUZ12AF72A2DB3,ARMH4YI1187FB3F45E,Trisha Yearwood,Try Me Again,Real Live Woman,2000,270.75873,0.729688339074,0.569128289261,country,country pop; 2000; 2000s; pop country; ladies of country,229,88,49.507575,0,68.42884021981553,58.37483851476922,0.07296854814346153,0.28359523165862616,0.3162854872069006,Bob Marley,Try Me
TRSEYKD128F427F46E,SOBVQMR12A8C139495,AR4FVK41187FB4BC83,Frankie J,Without You,The One,2005,254.30159,0.761357312241,0.42337640991,r&b/soul,frankie j; rnb; smooth; hot; My Heart,501,134,75.398939,0,95.85017999688587,76.43626513502696,0.0955453314187837,0.2590464797448163,0.3014966524504117,Bob Marley,Try Me
TRCGAVX12903CFBC61,SOHQFVC12A58A7B234,ARDAF601187FB4CD05,Ashanti,Rock Wit U (Awww Baby),Def Jam 25_ Vol. 19 - For The Lover In You,2003,209.21424,0.801795345929,0.49434299881,r&b/soul,rnb; Ashanti; female vocalists; pop; soul,522,84,108.365124,0,271.21514746916245,245.04813526333209,0.3063101690791651,0.3970645590104668,0.4211301134370646,Bob Marley & The Wailers,Baby We've Got A Date (Rock It Baby)
TRFSCLD12903CD213F,SOENGNL12AB018E1BD,AR4L4WQ1187FB51996,The Prodigy,We Gonna Rock,What Evil Lurks,1991,282.30485,0.638614022451,0.601436482837,electronic,Rave; big beat; jungle; electronic; techno,312,10,141.703917,0,180.002538242739,173.4690315513926,0.21683628943924074,0.40419368677044426,0.41114532763898065,Bob Marley & The Wailers,Baby We've Got A Date (Rock It Baby)
TRAJQIF128F92CD28A,SOBZAVU12A8C141EA9,ARGJ7R91187B9AF64A,T.Rex,The Street And Babe Shadow,Tanx (Deluxe Edition),0,137.89995,0.671282809598,0.520312854929,rock,glam rock; classic rock; 70s; glam; rock,143,65,27.676705,0,150.93239680429483,140.16303213212825,0.1752037901651603,0.3658034848748085,0.3829843158360519,Bob Marley & The Wailers,Baby We've Got A Date (Rock It Baby)
TRNIMKL128F9301867,SOYMSBE12AAF3B496B,ARUHX3U1187FB57A44,Janie Fricke,She's Single Again,American Legend,1992,174.0273,0.453085250099,0.382668086372,country,country; janie fricke; chris-softcountry; ChrisCountryPop; snappy,262,108,40.348482,0,169.61043091167593,134.62457664884175,0.1682807208110522,0.32919791624265826,0.3818882739160466,Bob Marley & The Wailers,Johnny Was
TRFEGGQ128E07898AA,SOMPSXS12D021B12D7,AR66H0N1187B9AE91E,Etta James,W.O.M.A.N.,The Very Best Of Etta James: The Chess Singles,1996,193.72363,0.774411519667,0.641347950577,blues,blues; soul; female vocalists; oldies; 1955,163,69,31.937439,0,112.45376835081316,96.01976856628274,0.12002471070785342,0.31991768898952344,0.3542420019472972,Bob Marley & The Wailers,Johnny Was
TRRMFXK128F14841FD,SOQNGHN12A6D4F8169,AR3TITY1187B99E790,Gyptian,Take My Money,My Name Is Gyptian,2006,225.61914,0.687483205157,0.514206403185,reggae,dancehall reggae; Take my money bitch; Bad Bad gyptian; reggae; dancehall,563,137,72.166474,0,227.25056339870574,171.2630810885957,0.21407885136074462,0.2804362142368589,0.3404321633460106,Bob Marley & The Wailers,Johnny Was
TRVVVYG12903CD8B5A,SOURGRV12AF7299E82,ARJ9B1V1187FB4DD1F,Kid Sister,Get Fresh,Ultraviolet,2009,174.21016,0.749395044898,0.464517525672,hip hop,lizvelrene2009; female rapper; hhdance; i know all the words to this; x333,431,136,66.745786,0,156.09081875022545,126.13098469874494,0.15766373087343116,0.3001816237039744,0.34579501039819543,Bob Marley,Riding High
TRYOZYQ128E078E170,SODZGCI12AB01859AE,AR8RXRI1187FB4104B,The Roots,Quills,Phrenology,0,226.11546,0.862795413749,0.600282490747,hip hop,Hip-Hop; hip hop; rap; the roots; ElectglitchdubhoP,647,250,72.883469,0,181.8411562876193,128.9933614984355,0.16124170187304437,0.23287716746109913,0.2955135078894481,Bob Marley,Riding High
TRXONIT128F9355F39,SOMSIJG12AF72AD5CE,ARQFENL121318C58A6,Jeremih,My Ride,Jeremih,2009,220.55138,0.829719358452,0.73506863889,r&b/soul,jeremih; my ride; slowjamz; rnb; hip hop,661,166,105.839501,0,166.21772177969976,125.627210541921,0.15703401317740126,0.23987900221748468,0.29311262844244107,Bob Marley,Riding High
TRABNVL128F14A9685,SOGOTRJ12A6D4FC286,ARRN0KG1187FB424F8,Banaroo,Ringa Ding Ding,Banaroo's World,2005,218.48771,0.465120168726,0.400167056281,electronic,dance; techno; party; electronic; synth pop,134,58,17.233688,0,95.59612275042952,86.77120994710906,0.10846401243388631,0.38765510153373184,0.41081693238642647,Bob Marley,Soul Shakedown
TRJLUJJ128F426AA9F,SOKWORU12A58A7E9F4,AR33JQI1187B9ADC2A,Doris Day,(Why Did I Tell You I Was Going To) Shanghai,Golden Girl (The Columbia Recordings 1944-1966),1958,140.19873,0.666200443227,0.443814288639,jazz,female vocalists; the old kitchen radio on Avenue B; jazz; swing; oldies,219,60,39.038443,0,132.28953887737777,119.33609494456107,0.14917011868070135,0.3666540775077242,0.39082045099394025,Bob Marley,Soul Shakedown
TRAMLZC128F92F3EB9,SOIGEWM12AB0184077,ARW2U4O1187FB4408B,Andrew W.K.,Long Live The Party,The Wolf,2003,240.40444,0.698532476696,0.509456000853,rock,classic rock; party; party metal; inspirational; best song ever,283,48,56.124861,0,125.49400789730201,115.21057763209265,0.14401322204011582,0.34610311978328295,0.3655766971019384,Bob Marley,Soul Shakedown
TRPMWXN128E0792C24,SOAAICH12A67020F03,ARHD3RX1187FB3A7DA,Steel Pulse,Sound Check,Sound System: The Island Anthology,1978,210.65098,0.698452538946,0.502974636418,reggae,reggae; roots; roots reggae; rastaman vibrations; 2giveme5,313,51,55.416604,0,216.42837452800714,195.6274598979656,0.244534324872457,0.38130300197113615,0.40384893056333687,Bob Marley & The Wailers,Trenchtown Rock
TRUPAWD128F1461933,SOETDVR12A6D4F72F9,AR0YTWT1187FB3D62F,Sammy Hagar,Turn Up The Music,Masters of Rock,1980,212.68853,0.708724568998,0.491665907263,rock,hard rock; rock; metal; classic rock; heavy metal,189,71,31.22499,0,152.74139772110638,133.4052867811244,0.1667566084764055,0.3716970200529466,0.40354380652659716,Bob Marley & The Wailers,Trenchtown Rock
TRFSCLD12903CD213F,SOENGNL12AB018E1BD,AR4L4WQ1187FB51996,The Prodigy,We Gonna Rock,What Evil Lurks,1991,282.30485,0.638614022451,0.601436482837,electronic,Rave; big beat; jungle; electronic; techno,312,10,141.703917,0,151.91941197310987,143.9368623502159,0.17992107793776987,0.378412829376052,0.38593219360420916,Bob Marley & The Wailers,Trenchtown Rock
TRIRFGG128F4291E43,SOLTOOU12A58A79668,AR050VJ1187B9B13A7,Dead Kennedys,Your Emotions,Fresh Fruit For Rotting Vegetables (Digital Version),1980,79.49016,0.737037558042,0.539245418349,punk,punk; hardcore punk; punk rock; hardcore; political,171,62,27.073973,0,60.40654073026639,51.43184429177165,0.06428980536471456,0.2980817763443851,0.33220962388631964,Massive Attack,Eternal Feedback (Sly)
TRWLGSO128F425FB2E,SOKFMRQ12A8C139649,ARDS81Q1187B989358,Billy Dean,Down To Your Last One More,It's What I Do,1996,193.69751,0.532404151854,0.383042578983,country,country west coast swing,152,71,25.199206,0,60.34071619988545,48.30356947041552,0.0603794618380194,0.24483292454285668,0.2881603621703784,Massive Attack,Eternal Feedback (Sly)
TRXMZDU128F147E6A9,SOFYNVS12A6D4F9115,AREL1OU1187B995C9A,Project 86,From December,And The Rest Will Follow,2005,288.62649,0.694481027778,0.578782804458,rock,christian rock; rock; christian; alternative rock; Project 86,184,87,27.730849,0,60.41698275742772,46.22007823002259,0.057775097787528235,0.2271175920053176,0.27751446975062044,Massive Attack,Eternal Feedback (Sly)
TRNIMRY128E0793303,SOOLEAJ12AB01868A3,ARHD3RX1187FB3A7DA,Steel Pulse,Handsworth Revolution,Handsworth Revolution / Rastafari Centennial,1978,321.43628,0.698452538946,0.502974636418,reggae,reggae; roots reggae; Steel pulse; 2giveme5; british,279,138,26.532998,0,144.31477651573084,122.70458832855954,0.1533807354106994,0.3651607125318616,0.4029364782488061,Bob Marley & The Wailers,Black Progress
TRDXXCE128F92C4DA3,SOEHHAW12A8C1440DB,ARPANXO1187B9B468A,Public Enemy,Fight The Power,Jarhead,1988,224.1824,0.73502984911,0.503611803953,hip hop,Hip-Hop; rap; political; 80s; hip hop,482,158,67.089492,0,204.0061119283388,169.96781756847034,0.21245977196058793,0.3353902294083138,0.37641266125638245,Bob Marley & The Wailers,Black Progress
TRFDCNQ128F1459669,SODUFYR12A6D4F7584,ARD5ZH01187FB3C0E5,Fats Domino,I'm Ready,The Best Of Fats Domino,1985,126.24934,0.745575312839,0.491707370037,rock,Rock and Roll; rock n roll; 50s; oldies; rock,330,71,71.372264,0,162.79782181588945,142.96235338208166,0.17870294172760207,0.3110748410825203,0.33937651838955846,Bob Marley & The Wailers,Black Progress
TRMVGKO128E078552F,SOJKGFW12A58A80A76,ARVKB9G1187B990C70,Keith Sweat,Give Me What I Want (LP Version),Keep It Comin',1991,317.54404,0.740028701828,0.481818352667,r&b/soul,rnb; slow dance; lovin; brain2brain; leapsandbounds CDCollection,406,89,81.33265,0,120.13543359850556,104.07241078458063,0.13009051348072578,0.3594884015866522,0.39221600716803096,Bob Marley & The Wailers,Reggae On Broadway
TRYFAGV128F42ADCCD,SOCRXUH12A8C13F579,ARNVCZC1187B9934F5,Corona,Baby I Need Your Love,The Rhythm Of The Night,0,243.51302,0.604644689712,0.398862597257,electronic,eurodance; dance; female vocalists; Hi-NRG; 90s,204,77,34.82815,0,109.6432449799676,96.66921107650244,0.12083651384562805,0.3467671508679229,0.37567331660444575,Bob Marley & The Wailers,Reggae On Broadway
TRJLMAI128F92EBB04,SOLMEOG12A8C142046,ARJT1PO1187FB52E7D,Marques Houston,Naked,Wendy Williams Brings The Heat Vol. 1,0,264.98567,0.740455341569,0.492729093193,r&b/soul,naked; rnb; sexy; Marques Houston - Naked; soul,516,145,64.621978,0,154.37805379632323,125.99520998028113,0.1574940124753514,0.32848772757669437,0.370409273193204,Bob Marley & The Wailers,Reggae On Broadway
TRUVZTN128F424B846,SOLIWAK12D021B0CFA,ARAZCWP129462A97F1,Bob Marley,No Water,Best Of,1996,130.01098,0.845898546039,0.580973894601,reggae,reggae; world; roots reggae; Bob Marley; Nature,148,65,19.519221,0,204.7993059559812,195.4018924097058,0.24425236551213225,0.9490421284375884,0.9512575878871904,Bob Marley,Rebels Hop
TRPZYYZ128F4229F12,SOCJBJD12A8AE479C7,AR4WX0Z1187B99FBB5,Buck-O-Nine,Silence,Sustain,2007,167.8624,0.619571948882,0.372781562731,reggae,ska; ska-punk; ska punk; Like,282,148,61.587336,0,107.63403138565765,85.81465596605149,0.10726831995756436,0.25309939770269757,0.29737428186643305,Bob Marley,Rebels Hop
TRABPNQ12903CF544B,SODEDUK12AC468DFD8,ARLN9GU1187B9A1E5C,Vonda Shepard,Sweet Inspiration,The Best of Ally McBeal: The Songs of Vonda Shepard,1999,191.58159,0.620052043687,0.422832680955,pop,pop; Ally McBeal; upbeat; happy; r&b,193,74,29.017236,0,74.2655903930537,62.30789871348947,0.07788487339186184,0.2610421580281493,0.2962609435280053,Bob Marley,Rebels Hop
TRVSWGN12903CB4A44,SOIVBAC12AB0186BFF,ARAZCWP129462A97F1,Bob Marley & The Wailers,This Train,In The Beginning,0,160.93995,0.778835827402,0.570106511951,reggae,reggae; acoustic; Mellow; soul; pretty,79,28,22.022716,0,108.81031160672678,101.74246739010451,0.12717808423763063,0.3444251995699504,0.3588167008084633,Bob Marley,Stop The Train
TRPQNZK128F932336B,SOYKQLD12AB017EA04,AR8T2TQ1187FB44D35,Pete Droge,Northern Bound Train,Necktie Second,1994,287.63383,0.587103509345,0.333329025288,folk,acoustic,282,82,42.320208,0,139.74016239601818,121.33651914014081,0.151670648925176,0.3218666224898408,0.3529736780045486,Bob Marley,Stop The Train
TRXLZMH128F427F6AC,SODJLWW12A6D4F6FEF,AR93D4D1187FB3ACAD,J.J. Cale,Ridin Home,Gold,0,158.92853,0.675771369617,0.435468898816,blues,blues,108,35,21.794495,0,82.39206749552781,75.81144533326486,0.09476430666658107,0.31371939356727385,0.33140632010307824,Bob Marley,Stop The Train
TRXLZMH128F427F6AC,SODJLWW12A6D4F6FEF,AR93D4D1187FB3ACAD,J.J. Cale,Ridin Home,Gold,0,158.92853,0.675771369617,0.435468898816,blues,blues,108,35,21.794495,0,89.60343314407874,86.05185515552958,0.10756481894441197,0.4115962120681443,0.42136681416990734,Bob Marley & The Wailers,This Train
TRSKORZ128F145C984,SOXNYVW12A6D4F6042,AR7UYEE1187FB3E336,Gerry Rafferty,City To City,Baker Street,1978,305.8673,0.627732026867,0.416077813489,folk,70s; singer-songwriter; classic rock; gerry rafferty; pop,332,123,40.583248,0,143.0849020035077,131.29413509437174,0.16411766886796467,0.38142319354104814,0.3972889854386289,Bob Marley & The Wailers,This Train
TRSGEGE128F932612B,SOFQXSI12AB0182AC0,ARNEL2O1187FB4421A,Bukka White,Black Train Blues,Bukka White And Big Bill`s Broonzy  Blues Selection,1940,164.96281,0.572470887784,0.424487598725,blues,blues; delta blues; folk; acoustic; singer-songwriter,178,69,26.664583,0,106.79434799080754,99.63805625697515,0.12454757032121894,0.34748205051648845,0.36221012892136917,Bob Marley & The Wailers,This Train
TRRKBRB128EF35E2DA,SOPZQDB12A6D4F5D62,ARLSC551187B99C55C,N-Dubz,Feva Las Vegas,Feva Las Vegas,2008,252.70812,0.650219484899,0.569460848691,reggae,n-dubz; rnb; good; UK; san francisco,735,210,76.236474,0,554.842895509812,435.15923002003177,0.5439490375250398,0.3745155608676019,0.4320356926421383,N-Dubz,Defeat You
TRPDDZW128F42712B2,SOUHETE12A8C134E51,AR81GOD1187B9B1583,Young Jeezy,Still On It,The Inspiration,2006,227.02975,0.922092702113,0.553782209471,hip hop,rap; Hip-Hop; Jeezy; rap genius; gangsta power,601,190,60.099917,0,480.6859926958758,374.27841904223567,0.4678480238027946,0.33276651036104365,0.39015241382041,N-Dubz,Defeat You
TRSAXGQ128F429510C,SOJEYBJ12A6D4FB2A5,ARHRBQC1187B9A85E5,Tanya Stephens,Saturday Morning,Rebelution,2006,124.39465,0.69958417167,0.3905689482,reggae,reggae; dancehall; tanja; funk; happy,261,154,26.267851,0,256.42462503319445,201.98096933832787,0.25247621167290984,0.33489879036096293,0.38985148641810796,N-Dubz,Defeat You
TRUYSOV12903CED603,SODNQKV12AC468CEFA,ARRFUUG122BCFCB5AC,Esmée Denters,Getting Over You,Outta Here,2009,201.03791,0.721523025854,0.551266350734,r&b/soul,rnb; pop; Guilty Pleasures; sad love song; kelsey hayes,483,129,80.399005,0,265.50307948913377,186.1220049437287,0.23265250617966088,0.2956709728057314,0.3744184397066813,N-Dubz,Don't Get Nine
TRIFVKW128F145C141,SOBCPJM12AF72A4F1D,ARDSWIE1187FB39056,Gang Starr,The Illest Brother,Daily Operation,1992,284.73424,0.705881776978,0.491178953749,hip hop,Hip-Hop; east coast hip-hop; 1992; DJ Premier Productions; rap,819,271,75.894664,0,329.16436996745284,189.9957508199054,0.23749468852488176,0.2460070523245721,0.3593638759672157,N-Dubz,Don't Get Nine
TRZCHKB128F92CB740,SOFCVMN12A8C141F62,AR4RBOB1187B9AC209,Anastacia,Club Megamix,Pieces Of A Dream,0,708.72771,0.583808862216,0.323553746888,rock,Slow Rock; pop; dance; party; female vocalist,749,201,98.020406,0,306.06489448809646,178.13566046237733,0.22266957557797165,0.24136022249120226,0.35219194774444884,N-Dubz,Don't Get Nine
TRNJPBY128F92F621A,SOZQGAL12AB01856DB,ARLSC551187B99C55C,N-Dubz,Defeat You,Uncle B,2008,176.3522,0.650219484899,0.569460848691,reggae,n-dubz; sick; weed; you; defeat,471,170,61.814238,0,554.842895509812,435.15923002003177,0.5439490375250398,0.3745155608676,0.43203569264213815,N-Dubz,Feva Las Vegas
TRRDNZG128F1473D57,SOVRQJO12A6D4F89C3,AR6OPDM1187FB4B2BC,Oxide And Neutrino,N Digga Dee,Execute,2001,181.73342,0.568767836325,0.454091988075,hip hop,rap; break; party; 007; Various uk g and 2step,74,5,49.030603,0,253.80329536257162,243.38573779123084,0.30423217223903853,0.3795042131484712,0.3721697703426553,N-Dubz,Feva Las Vegas
TRPDDZW128F42712B2,SOUHETE12A8C134E51,AR81GOD1187B9B1583,Young Jeezy,Still On It,The Inspiration,2006,227.02975,0.922092702113,0.553782209471,hip hop,rap; Hip-Hop; Jeezy; rap genius; gangsta power,601,190,60.099917,0,513.7354972171232,364.31035268661844,0.45538794085827305,0.2875275319986558,0.36256329866783443,N-Dubz,Feva Las Vegas
TRFUJVJ128F426F2A2,SOONCPO12AF72A1986,AR8W8P31187B9A4063,Lauryn Hill,Interlude 5,MTV Unplugged No. 2.0,2002,734.48444,0.697206464376,0.580125198887,r&b/soul,ms hill; the realness; The Truth; true; rnb,1903,409,215.044182,0,502.1481159322982,191.96594118576837,0.23995742648221047,0.17330543530439155,0.35119436154451183,N-Dubz,Secrets
TRVEOPR128F423382D,SOJMPOK12AB01833CE,ARXDQJB1187FB57154,Faithless,The Man In You,To All New Arrivals,2006,306.49424,0.813013088935,0.548533654534,electronic,trip-hop; electronic; trip hop; dance; electronica,420,193,43.382024,0,249.18629596127036,138.48752456739544,0.1731094057092443,0.2313993756981876,0.35113785145002807,N-Dubz,Secrets
TRMDPXM128F934542D,SOJMEQQ12AB01866A4,ARHJFFY1187B98BA76,No Use For A Name,Why Doesn't Anybody Like Me?,More Betterness!,1999,188.73424,0.81502802077,0.493844184337,punk,punk rock; punk; rock; pop punk; hardcore,292,135,31.575307,0,207.29551837905368,123.79686059364563,0.15474607574205704,0.2373099261578207,0.3413147875237821,N-Dubz,Secrets
TRGUCIR128F933D817,SORMTGC12A6D4F6C8B,ARQUN9K1187B9B5BD7,Vanilla Ice,Ice Is Workin' It,To The Extreme,1990,275.43465,0.722075127339,0.463037021551,hip hop,rap; hiphop; 90s; cool as ice; leapsandbounds CDCollection,898,242,166.246804,0,403.6963404081788,257.9765359682021,0.3224706699602526,0.27904652822470166,0.3770832505036232,N-Dubz,Work Work
TRBDCAH128EF362D31,SOSTXYN12A6D4F67D4,AR82DJK1187B991107,The Pharcyde,Passin' Me By,Bizarre Ride II,1993,303.46404,0.756063870843,0.491468881637,hip hop,hip hop; 90s; rap; classic; songs about the opposite sex,697,235,90.465463,0,331.7712861626444,194.2712621833237,0.2428390777291546,0.24165665937357683,0.3518716790406187,N-Dubz,Work Work
TRFUJVJ128F426F2A2,SOONCPO12AF72A1986,AR8W8P31187B9A4063,Lauryn Hill,Interlude 5,MTV Unplugged No. 2.0,2002,734.48444,0.697206464376,0.580125198887,r&b/soul,ms hill; the realness; The Truth; true; rnb,1903,409,215.044182,0,545.1998300722199,250.79936963935822,0.3134992120491978,0.20156979522509744,0.34801553757370135,N-Dubz,Work Work
TRTLLMP128F9307700,SOQMCNT12AB01852AE,ARKHPWK11F4C83D55D,Bellamy Brothers,Old Hippie,Best Of The Best ,0,239.98649,0.546474310497,0.467361067461,country,country; Old Hippie; country gold; bellamy bros; oldies,413,138,61.375891,0,149.610654704338,107.4427985443763,0.13430349818047038,0.2689724226914126,0.33864243276531375,Dropkick Murphys,Good Rats (Live)
TRJUOGS12903CC5413,SOBSMKF12AB018861D,ARCZ20M1187FB49687,Tony Joe White,Roosevelt And Ira Lee,Polk Salad Annie,1972,290.58567,0.624723767579,0.403509673363,blues,blues rock; blues; drinkin tunes; lugntv; solid soul,227,106,27.622455,0,110.84689867159294,82.72714709827552,0.1034089338728444,0.27283367598782604,0.3345311825754182,Dropkick Murphys,Good Rats (Live)
TRNVKOI128E0799173,SOIYRHZ12A67AD8126,ARZ5H0P1187B98A1DD,Snoop Dogg,Snoopafella (Edited),The Best Of Snoop Dogg,0,263.54893,0.853831633625,0.608910282835,hip hop,rap; 90s hip-hop; FAV all time,948,322,98.833193,0,196.977866301114,114.47209861261338,0.14309012326576673,0.2280165442701225,0.33109729956916867,Dropkick Murphys,Good Rats (Live)
TRMFTFY128F1496B64,SODSMHM12A6D4FAB14,ARHQS6Y1187FB468A3,Panteón Rococó,La Carencia,Compañeros Musicales,2002,213.78567,0.616841284268,0.40476750188,reggae,ska; latin; rock; Rock Latino; Panteon rococo,194,70,35.930488,0,322.94552623032956,307.73630647942025,0.3846703830992753,0.6843703612425168,0.6944424179063705,Tito El Bambino,Sol_ Playa Y Arena
TRBHYTA128F93425AC,SOJCRRD12A58A7D438,ARLUF1T1187FB3603B,Ricardo Arjona,Ayudame Freud,Historias,0,403.25179,0.630550568413,0.545571961211,latin,latin; singer-songwriter; spanish; latin pop; legal,247,106,37.762415,0,388.34842991970226,368.30484054230277,0.4603810506778785,0.6820312283660077,0.69269064190268,Tito El Bambino,Sol_ Playa Y Arena
TRNIELN128F4275E78,SOFPDYE12A8C13980E,ARKP5H91187FB3DA26,Inti Illimani,El Arado,Performs Victor Jara,1976,293.43302,0.593678352538,0.404625280578,latin,latin; nueva cancion; nueva cancion chilena; Buen recuerdo de Victor Jara,85,44,15.32971,0,229.01905010920774,220.22750547125173,0.2752843818390647,0.6742385842631089,0.6827259859107789,Tito El Bambino,Sol_ Playa Y Arena
TRDOQOV128F428C6FA,SOYKLOZ12A6D4FA245,ARIK43K1187B9AE54C,Lionel Richie,Just For You,Just For You,2004,217.7824,0.776675855685,0.553071991462,r&b/soul,soul; Lionel Richie; pop; easy listening; male vocalists,275,84,53.935146,0,120.08581669018697,97.47113784885327,0.12183892231106659,0.3294782185691053,0.3769886539969388,UB40,I Don't Want To See You Cry
TRIVZNT128F92E5311,SOUJQRI12A8C142EA6,ARC9TVL1187FB5A112,Miami Sound Machine,Words Get In The Way,The Essential Gloria Estefan,1985,207.33342,0.59858157251,0.414021319303,pop,pop; 80s; Love; ballads; female vocalists,464,83,66.940272,0,157.73492293774544,124.5549547462365,0.15569369343279563,0.31630020032111233,0.36943077757185455,UB40,I Don't Want To See You Cry
TRQIYYJ12903CC5B03,SOCMHGB12AF729FDF8,ARGXIE31187FB55B48,Tech N9ne,One Good Time,Killer,2008,268.72118,0.760270106029,0.496071346624,hip hop,geil; feelings; When I need to let it out; hip hop; chill,714,232,73.763134,0,200.1361094886025,135.40511003630186,0.16925638754537733,0.2808258992385732,0.36171538701517797,UB40,I Don't Want To See You Cry
TRIYZBJ128F933D72E,SOOYLAP12A58A7917C,ARZ79B31187FB4F562,Percy Sledge,My Special Prayer,Love Songs We Used to Share,1985,182.54322,0.745844867409,0.501052749368,r&b/soul,soul; percy sledge; oldies; love song; dream pop,129,56,18.601075,0,85.77215712907417,78.86931416637599,0.09858664270796998,0.39669965602430385,0.41675382079356826,UB40,Come Back Darling
TRBFTHL128C7196B42,SODJRCC12D02192374,AR66H0N1187B9AE91E,Etta James,My Dearest Darling,Her Best - The Chess 50th Anniversary Collection,1960,178.6771,0.774411519667,0.641347950577,blues,blues; soul; jazz; Etta James; female vocalists,94,47,16.370706,0,79.84817669056613,73.61975190741674,0.09202468988427093,0.3882496388518566,0.4076260866728643,UB40,Come Back Darling
TRPQUWE128F42B1B53,SOQCBUL12A8C13926A,AREZWC61187FB52DCF,Johnny Nash,Stir It Up,Collections,1972,178.88608,0.593420295909,0.407283888339,reggae,reggae; pop; 70s; soul; at the top of the stairs turn left,211,68,40.595566,0,101.43688097609599,93.0469066304869,0.11630863328810863,0.3845424109143984,0.4049864397425945,UB40,Come Back Darling
TRJWAJC128F9327C4F,SORMDVX12AB01816AA,ARLMXEA1187B9A7D04,R. Kelly,Hump Bounce,R. Kelly,1995,246.282,0.811092052861,0.783843023046,blues,rhythm and blues; rnb; urban; soul; smooth,282,89,50.348784,0,123.79349416671629,97.61340044772606,0.12201675055965758,0.2811058537174346,0.33139706999048885,UB40,Here I Am (Come And Take Me)
TRJFOVI128F92D6697,SOBDKDD12AAF3B30BC,AR3BAPB1187FB3DD5E,Dr Feelgood,You Shouldn't Call The Doctor (If You Can't Afford The Bills),Malpractice,1975,153.15546,0.587665036604,0.38936485213,rock,rock,302,99,38.288379,0,110.80278775572887,84.79226917580976,0.1059903364697622,0.27045779179384843,0.32634682472543347,UB40,Here I Am (Come And Take Me)
TRETWII128F42503D0,SOMSQNV12A8AE474EE,ARCLAF01187FB39AA6,Will.I.Am,Fantastic,Songs About Girls,2007,205.73995,0.761088203356,0.554573164356,hip hop,chillout; Hip-Hop; fantastic; play; Love,333,105,65.368188,0,142.659055582915,110.81395894236934,0.13851744867796167,0.2694117855895299,0.32185252509107937,UB40,Here I Am (Come And Take Me)
TRTLVCG128F42B0063,SOTRRQZ12A8C13E1C1,AR2R1BM1187FB3CF46,Bic Runga,Say After Me,Birds,2003,275.35628,0.644171023703,0.395495941152,pop,female vocalists; chillout; pop; indie pop; easy listening,160,89,19.052559,0,107.85460197959677,95.18180977342895,0.11897726221678619,0.3705090728784941,0.3984362253519866,UB40,Light My Fire
TRCCNSW128F14622D1,SOLWDJS12A6D4F6523,ARW0Z9V1187B9A0699,Peter Tosh,Buk-In-Hamm Palace (2002 Digital Remaster),Mystic Man,1979,527.64689,0.722733962963,0.4611252988,reggae,reggae; base; reggaecoop; groovecoop; Reggae Rare,328,102,41.761226,0,110.39587295442226,96.2212003996279,0.12027650049953488,0.31995074910943705,0.349443518783483,UB40,Light My Fire
TRNHIAZ128E0786F68,SOYTLZR12A67020883,ARP061U1187FB4D572,Alphaville,Ariana,The Breathtaking Blue,1989,222.69342,0.697570290101,0.502745886445,pop,synthpop; happy; dancey; Alphaville - Ariana,216,67,33.600595,0,108.98332009989998,97.68057834687234,0.12210072293359042,0.3005790518422346,0.32405407404840153,UB40,Light My Fire
TRUHRRC128F42638F1,SOFVXDK12AF72A22C8,ARNDB1X1187B990AA0,Suicidal Tendencies,Which Way To Free?,The Art Of Rebellion,1992,268.30322,0.736677413341,0.526182556347,rock,hard rock; metal; rock; hardcore; heavy metal,207,62,44.687806,0,117.55336255383848,101.98005855886827,0.12747507319858534,0.31762656168254344,0.3484527872996233,Coldplay,Til Kingdom Come
TRFRZZC128F935F71A,SOBIONA12A58A7F14A,ARC27CW1187FB3DD9B,Al Jarreau,Look What You've Done For Me,Tribute To Al Green,0,157.43955,0.622972586738,0.463283146145,r&b/soul,motown; al jarreau; jazz vocalist tag,176,75,27.331301,0,86.57063411026802,69.97515074260659,0.08746893842825823,0.2894302234617687,0.3350577531255037,Coldplay,Til Kingdom Come
TRDUHPG128F92FEEEA,SOUZYAX12A8C14694C,AR7AP1N1187B9B034F,Jack Greene,Until My Dreams Come True,American Legend,1993,150.15138,0.538363953344,0.34397237264,country,country; classic country; Love; country-western; oldies,110,39,22.135944,0,79.29619591635894,69.32437721893618,0.08665547152367022,0.2863648272706954,0.3132452574519866,Coldplay,Til Kingdom Come
TRNVKOI128E0799173,SOIYRHZ12A67AD8126,ARZ5H0P1187B98A1DD,Snoop Dogg,Snoopafella (Edited),The Best Of Snoop Dogg,0,263.54893,0.853831633625,0.608910282835,hip hop,rap; 90s hip-hop; FAV all time,948,322,98.833193,0,253.5806504423578,146.60957916578053,0.18326197395722565,0.24224492037976086,0.35117143462214406,Bruce Springsteen,Brothers Under The Bridges ('83)
TRROQBU128F9321DB6,SOZVLOY12AB0184133,ARGUNFT1187FB3B140,Dave Alvin,Ashgrove,The Great American Music Galaxy,0,394.47465,0.556721481227,0.415824885704,rock,rock; heartland rock; Awesome Guitar Jams; mother american night,331,137,38.013156,0,147.65137277722278,101.36977737426865,0.1267122217178358,0.24876203145537576,0.3253746046175679,Bruce Springsteen,Brothers Under The Bridges ('83)
TRGXGMH128F92F5B48,SOIOCHH12AF72A4E08,AROQSCE1187B99F0FC,John Denver,El Paso,The Harbor Lights Concert,2002,352.15628,0.792063891824,0.527654565966,rock,classic rock; country; folk; singer-songwriter; oldies,457,196,49.799598,0,166.60334764465438,102.30147658866157,0.12787684573582697,0.22522378200604265,0.3202767399182631,Bruce Springsteen,Brothers Under The Bridges ('83)
TRBRHEV128E0793885,SONLASM12A58A7AAF4,ARWIBZG1187B98A5F1,The Brian Setzer Orchestra,Nosey Joe,The Dirty Boogie,1998,173.11302,0.65492480046,0.461351632235,jazz,swing; rockabilly; Big Band; jazz; rock n roll,218,96,27.258026,0,116.25081293667263,97.61198718970496,0.1220149839871312,0.3124110154219191,0.35107376316135136,Bruce Springsteen,The Big Payback
TRDLXGN128F92CEE6E,SOFMVIP12A8C144A79,ARDIMB71187B9A96F2,The Replacements,God Damn Job,Stink [Expanded Edition],1982,79.75138,0.744806132014,0.461887094064,punk,punk; alternative; rock; Trash; garage,82,16,25.573424,0,77.56215047661964,72.15591458922033,0.09019489323652541,0.29513771828873797,0.3074314118978006,Bruce Springsteen,The Big Payback
TRNEENS128F423DF9F,SOJMNND12A8C1327FC,ARFUZN61187FB4CBA9,Andrew Jackson Jihad,Survival Song,People Who Can Eat People are the Luckiest People in the World,2007,148.29669,0.677853411816,0.438004400823,folk,riot folk; folk punk; a giant load of gibberish; folkass; akoostick jamz,289,117,39.937451,0,110.09987802742332,87.13206295253248,0.10891507869066559,0.2525363709924021,0.2989050055709694,Bruce Springsteen,The Big Payback
TRABOIH128F9300B06,SOHYOTB12AF72AA1D7,AR94ZOI1187FB46BDA,Willie Dixon,That's My Baby,Very Best Of The Blues,1989,208.90077,0.57953304364,0.4298344776,blues,delta blues; BLUEZZZ; blues; freedom; Willie Dixon,164,76,27.477263,0,97.45801612714754,80.60233795656485,0.10075292244570606,0.3088957440189161,0.35025618142239523,Bruce Springsteen,The Ties That Bind
TRFUFZZ128F92CDE0E,SOFSJAV12A8C13BBC7,ARZJYD61187B995F0B,David Bisbal,Cry For Me,David Bisbal,0,211.85261,0.712299998148,0.561214868345,latin,latin; pop; favourite; latin pop; Ballad,258,83,43.943145,0,99.02155868676866,76.71271742580811,0.09589089678226013,0.2684818251025949,0.32143360307228497,Bruce Springsteen,The Ties That Bind
TRKIRIG128E0791EB7,SOZXGHG12A67021D1E,ART1WOW1187B98DA1E,Floetry,Getting Late,Floetic,2002,409.02485,0.690117614132,0.531635267753,r&b/soul,Neo-Soul; soul; rnb; floetry; Neo Soul,520,119,92.477024,0,144.18650074747924,109.69601442314021,0.13712001802892526,0.26070378206911293,0.31671292102201903,Bruce Springsteen,The Ties That Bind
TRDPGXU128F9339C2A,SOELYON12AB01876A3,ARLHO5Z1187FB4C861,Beastie Boys,B-Boy Bouillabaisse: A.W.O.L. (2009 Digital Remaster),Paul's Boutique (20th Anniversary Remastered Edition),0,105.56036,0.853124523276,0.591628024008,hip hop,hip hop; leapsandbounds CDCollection,1746,505,153.652205,0,346.99305117853675,181.85288297856613,0.22731610372320765,0.2441212290226916,0.3670933928606985,The Killers,Sam's Town
TRLKEFU128F422C555,SOQJSJU12AF72A58A7,AR9P7FS1187B9A641F,Joss Stone,You Had Me (Live),Live At Austin City Limits Music Festival 2007: Joss Stone,0,260.33587,0.84080245107,0.587414902416,r&b/soul,soul; Joss Stone,501,118,77.948701,0,151.25045302556322,107.77769910133476,0.13472212387666846,0.25995292813222104,0.33016742719862835,The Killers,Sam's Town
TRUWCIM128F14A3A92,SOUYDJQ12A6D4FC62E,ARQXAUH1187B9BA010,Bobbie Gentry,Fancy,Fancy,1969,258.84689,0.582460566903,0.384798909965,country,country; six feet under; vindictive; names; spiked-candy radio,661,228,67.749539,0,185.48065391220882,109.5277122783441,0.13690964034793013,0.2124022303520308,0.31189169026780383,The Killers,Sam's Town
TRSBQYY128F93411A1,SOFPRCK12AF729D7E7,ARMPRI31187FB4F7D9,Vangelis,Albedo 0.39,The Best Of...,1976,263.6273,0.77287327384,0.49583986754,electronic,electronic; new age; ambient; vangelis; solitear,90,31,17.058722,0,68.17820301045394,62.45742205150599,0.0780717775643825,0.2771543658203754,0.29447738350061825,Muse,Pink Ego Box
TRNBNBL128F4264B26,SOKBGDT12A8C133BE3,ARO80D41187B9B8D8F,Jon B.,Inside,Pleasures U Like,2001,297.45587,0.68683623629,0.453836455007,r&b/soul,rnb; smooth; 00s; all time favorites; jon b,457,108,67.646138,0,77.76663633282037,62.812885784161516,0.0785161072302019,0.22796870545974202,0.2668552175775101,Muse,Pink Ego Box
TRRRBHV128F1463A85,SOLKLRZ12AB0181B9C,ARVA5B71187B9A0FCD,Incognito,Get Into My Groove,Future Remixed,1999,434.78159,0.693952590684,0.51122068147,jazz,acid jazz; funk; funky; jazz; Incognito,213,92,30.397368,0,50.42826293543409,40.504662510355324,0.05063082813794415,0.22367402059310806,0.2631080160935279,Muse,Pink Ego Box
TRIREPZ128F92FFFF8,SORPDPV12A58810D60,AR9I1L41187FB37F0E,Harry Connick_ Jr.,I'm Gonna Be The First One,Harry For The Holidays,2003,206.36689,0.691133728644,0.53105019318,jazz,christmas; holiday; jazz; Christmas Music,190,71,26.551836,0,118.5980178959238,95.13428899753175,0.1189178612469147,0.26867615037569503,0.3137378551613777,OneRepublic,Secrets
TRNFMUA128F42BB325,SOMZTGZ12A8C1405B4,AR5US1D1187B9AEB1F,Soft Cell,Secret Life,Heat: The Remixes,1981,307.98322,0.722052794544,0.516571320903,electronic,new wave; 80s; electronic; mayatronika; fabfuckintastic,294,112,41.569219,0,149.4700800631085,111.90360953886551,0.1398795119235819,0.24668529923095595,0.304295401013469,OneRepublic,Secrets
TRZCHKB128F92CB740,SOFCVMN12A8C141F62,AR4RBOB1187B9AC209,Anastacia,Club Megamix,Pieces Of A Dream,0,708.72771,0.583808862216,0.323553746888,rock,Slow Rock; pop; dance; party; female vocalist,749,201,98.020406,0,224.0589754382046,133.48380608209885,0.16685475760262355,0.1970060976529436,0.2879553994000554,OneRepublic,Secrets
TRYDNTB128F9331278,SOCEMVQ12AB0181AD2,ARKVLYL1187B98DD50,Ginuwine,Only When ur Lonely,Ginuwine... The Bachelor,1996,349.75302,0.78626800889,0.496705942843,r&b/soul,rnb; soft lips; 90s; chillin; raga love songs,362,114,57.463032,0,137.8812258003612,108.08532469558976,0.1351066558694872,0.31620275149945304,0.3703291869629825,Bon Jovi,Come Back
TRKJSXZ128F148AF12,SOHXPUB12A6D4F89E5,ARPEUYM1187FB4A97A,Slim Harpo,One More Day,The Excello Singles Anthology,1993,147.17342,0.551565175468,0.371302546517,blues,blues,81,42,15.297059,0,69.11823847155333,60.33444652318478,0.07541805815398098,0.33865278248216185,0.36874226060216514,Bon Jovi,Come Back
TRSIDWB128E0785510,SOATTJU12A67020DA3,ARVKB9G1187B990C70,Keith Sweat,Whatever You Want (LP Version),Keith Sweat,1996,254.17098,0.740028701828,0.481818352667,r&b/soul,relax; favourite artists; r and b; urban; banned,423,87,65.597256,0,141.44798192032883,115.19031559880166,0.14398789449850208,0.3097388288043421,0.3552581489494393,Bon Jovi,Come Back
TRZNHJN128F4293FC2,SOVODWN12D02199268,ARJGIOD1187B9AE920,Kelly Clarkson,Anytime,Thankful,2003,245.75955,0.870239753381,0.644977455947,pop,pop; Kelly Clarkson; female vocalists; female vocalist; female,384,92,59.799666,0,135.27061646727233,110.54661198181745,0.13818326497727182,0.32562455120063694,0.3710027060439447,The Rolling Stones,Time Is On My Side
TRYOUMI128E078F4DE,SOUCZAI12A6701DF5D,AR0MC4G1187B9AE836,K-Ci & JoJo,Baby Come Back,Love Always,1997,256.05179,0.645988951263,0.544614576924,blues,rhythm and blues,538,99,111.171039,0,152.32658007267077,123.87971336180655,0.15484964170225818,0.3018469743643172,0.3469099092669185,The Rolling Stones,Time Is On My Side
TRPYXDO128F92E6DCD,SOXVMFB12A6D4FAAFE,ARR9XGB1187B9912E6,Boyz II Men,A Song For Mama,Legacy,1997,302.0273,0.790922847956,0.601184941794,r&b/soul,rnb; BOYZ ll MEN- A SONG FOR MY SOUL; soul; Boyz II Men; 90s,457,109,77.051931,0,156.24113258257228,125.28892536231399,0.1566111567028925,0.29139913150312813,0.3386671725872323,The Rolling Stones,Time Is On My Side
TRDXXCE128F92C4DA3,SOEHHAW12A8C1440DB,ARPANXO1187B9B468A,Public Enemy,Fight The Power,Jarhead,1988,224.1824,0.73502984911,0.503611803953,hip hop,Hip-Hop; rap; political; 80s; hip hop,482,158,67.089492,0,196.20071875185616,159.49857137280307,0.19937321421600385,0.2997283500986518,0.34429651111524195,The Rolling Stones,Fight (1994 Digital Remaster)
TRFHJIZ128F4240B3C,SOHZLIM12A8C1348FB,ARCVG1U1187B9AE983,Adequate Seven,Protest Beat,Last Night In London,2003,193.98485,0.591887907475,0.394451340171,reggae,skacore; ska funk; adequate 7,102,65,13.674794,0,71.2280255427143,60.33026839153027,0.07541283548941284,0.2755229439398298,0.30982097721786406,The Rolling Stones,Fight (1994 Digital Remaster)
TRZRXXR128F424B82D,SOFRSII12AF729FE06,ARQ6PLP1187FB468E3,Robin McKelle,Something's Gotta Give,Introducing Robin McKelle,2006,193.17506,0.552743812788,0.379045696395,jazz,jazz; jazz vocal; swing; Female jazz vocalists; Smooth Jazz,167,78,29.983329,0,117.0393681017229,97.45513659448714,0.12181892074310893,0.2680917226772707,0.3055071868079065,The Rolling Stones,Fight (1994 Digital Remaster)
TRIWDKR128F429D9EE,SORIQSX12A8AE48E21,AR54RGR1187FB51D10,Common,I Want You,Finding Forever,2007,270.47138,0.865128983978,0.53481975015,hip hop,Hip-Hop; rap; common; hip hop; Love,509,162,77.369245,0,207.95369521716162,141.07543495539534,0.17634429369424418,0.26531110725005586,0.34690591175314717,Bon Jovi,This Ain't A Love Song
TRMDDVE128F145691B,SOIJGFB12A6D4F797C,AR0MC4G1187B9AE836,K-Ci & JoJo,Fee Fie Foe Fum,It's Real,1999,259.42159,0.645988951263,0.544614576924,blues,rhythum and blues tag,365,101,57.628118,0,164.90225426946535,120.73394801387113,0.1509174350173389,0.26284812416040826,0.3273805631491609,Bon Jovi,This Ain't A Love Song
TRHSDIV128F92DF74D,SOQGVGQ12AB01809CD,ARYLQXI1187FB3CDFC,Matthew Ryan,They Were Wrong,They Were Wrong,2008,231.00036,0.693924063519,0.387751278886,folk,acoustic; indie; singer-songwriter; male vocalists; Maybe,265,98,52.687759,0,161.5809880808606,119.89064048092526,0.14986330060115657,0.25987861153164155,0.32089615392878396,Bon Jovi,This Ain't A Love Song
TROFEHI12903CC582C,SOKRMUA12AB018CD2D,ARC0ZIS1187B99F546,Edge Of Dawn,Beauty Lies Within,Enjoy The Fall,2007,226.69016,0.580060724456,0.376886777115,electronic,electronic; electronica; futurepop; ebm; synthpop,139,70,19.849433,0,120.81110563213346,99.65492929505577,0.1245686616188197,0.31431066471535124,0.35695410967711794,Bon Jovi,Superman Tonight
TRDUPRE128F92E9E79,SOBHDVT12AF72ACDC6,AR3USQW1187FB4A90D,Bebo Norman,Other Side of Day,Try,2004,207.90812,0.683771102049,0.513300123275,rock,christian rock; 2004; o; My pop music; Sousaphonic AOTM 201102,305,96,38.961519,0,145.24227232966146,111.32875153460196,0.13916093941825244,0.265859199409889,0.3208432283231859,Bon Jovi,Superman Tonight
TRCCMND128E0792EB5,SOGEXXD12A679AE55C,ARCN61O1187B9ABBE8,Aaron Neville,Don't Fall Apart On Me Tonight,The Grand Tour,1993,264.59383,0.641420081441,0.508937606365,country,country; soul; cover; rock; rnb,387,97,54.799635,0,161.60478680087368,126.08376668797663,0.15760470835997079,0.2609209872486361,0.31149683455591703,Bon Jovi,Superman Tonight
TRMRFNP128F4298E83,SOVXUXZ12A8C13F894,ARXYKBF1187FB58129,Empty Trash,Last Man In The Bar,Confession,2007,269.13914,0.600113965103,0.190841435071,rock,rock; straight rock; Grunge; Berlin; german,151,67,23.685439,0,129.41150573321744,110.6823737218932,0.1383529671523665,0.3180009075057286,0.3526212131816878,Guns N' Roses,Bad Obsession
TRQDCPN128F1453C8B,SONOMKA12A6D4F7333,AR9P7FS1187B9A641F,Joss Stone,Killing Time,Mind Body & Soul - Special Edition,2004,311.97995,0.84080245107,0.587414902416,r&b/soul,soul; Joss Stone; female vocalists; rhythm and blues; rnb,447,112,77.974355,0,162.3047049674833,129.95730789650065,0.16244663487062583,0.29354113554735173,0.3413954463335779,Guns N' Roses,Bad Obsession
TRITTVU128F930320C,SOKIJRL12AB01862BC,ARRP7LB1187B99A343,Fiddler's Green,Kma Goodbye,On And On,1997,178.07628,0.575440163107,0.413156519249,folk,Irish Folk; irish; Irish Folk Rock; irish speedfolk; folk rock,274,139,32.07803,0,138.0678618850086,101.23073875747397,0.12653842344684246,0.2385701602219156,0.29823634342328476,Guns N' Roses,Bad Obsession
TRJZQSM128F92C4D1B,SOIBKBU12A8C143122,ARQ85IK11C8A415C6A,Ladyhawke,Love Don't Live Here,Ladyhawke,2008,242.12853,0.692569111376,0.5544706188,electronic,electropop; indie; electronic; female vocalists; pop,229,60,47.518417,0,67.74900886822557,57.920959348521734,0.07240119918565217,0.2744621052158622,0.30673757707145743,Elvis Presley,Anything That's Part Of You
TRXUOEC128F92CC669,SOWCGJH12A8C1417C6,ARJ652S1187FB544B6,City And Colour,Love Don't Live Here Anymore,The Myspace Transmissions,2008,236.48608,0.83595651616,0.49429124362,folk,acoustic; beautiful; folk; covers; indie,105,44,21.863211,0,48.348419561169194,42.16347451646909,0.052704343145586356,0.2683917359308174,0.2958728403748722,Elvis Presley,Anything That's Part Of You
TRKWRAU12903CE858E,SOTBDSI12AB01880F3,AR1B1ZM1187FB4D0C5,Onelinedrawing,Smile,Visitor,2002,204.06812,0.57974923984,0.364036203123,punk,beautiful; emo; acoustic; indie; singer-songwriter,277,53,46.98936,0,72.88092654655904,62.5289212818345,0.07816115160229313,0.26242259404307827,0.2930640522733713,Elvis Presley,Anything That's Part Of You
TRENWLW128F92CE693,SOOEYYT12A58A7B2F1,AROCXO21187FB4799B,Bayside,Don't Call Me Peanut,Live At The Bayside Social Club,2005,307.33016,0.777956930038,0.524073028372,folk,acoustic; emo; alternative rock; indie rock; punk rock,222,87,32.787193,0,120.6472025326857,91.3595172497415,0.11419939656217687,0.24966481375740687,0.30510264553929917,Flyleaf,So I Thought
TRXAVWC128F425C763,SOTDSQS12A8C135733,ARUVJDL1187B9A7DE7,Tristan Prettyman,Song For The Rich,t w e n t y t h r e e,2002,222.87628,0.738084417716,0.479914441192,folk,singer-songwriter; folk; acoustic; female vocalists; female vocalist,255,104,32.310989,0,136.92338874980757,99.62473559771468,0.12453091949714334,0.24195586025360863,0.30492043236405975,Flyleaf,So I Thought
TRSSBFP128F14641AB,SONZZRQ12A58A7AD6A,AR56P361187B9AC4DB,Gary Moore,With Love (Remember),The Essential,1995,425.84771,0.761362238446,0.467110648585,blues,blues; blues rock; Love; Gary Moore; classic rock-baladas,220,80,31.906112,0,124.73608246823555,96.36586542472091,0.12045733178090114,0.2425942350451167,0.2925568950997795,Flyleaf,So I Thought
TRMTJJT128F14636D9,SOVSFUL12A58A79186,ARPVU5T1187FB4DD10,Lloyd Cole,I Didn't Know That You Cared,Love Story,1995,251.97669,0.596429598135,0.508014651495,electronic,ambient; new wave,292,91,52.430907,0,102.44242251896485,91.40959695781746,0.11426199619727181,0.38538380881324585,0.4107273316309011,The Smashing Pumpkins,You're All I've Got Tonight
TRZPXAH12903CEBB8E,SONUQUO12AC3DFA446,ARLJWTL1187B98C0DE,Modern Lovers,Someone i care about,Live at the longbranch and more,1976,241.162,0.620541381705,0.396111527101,punk,proto-punk; Garage Rock; The Modern Lovers; Jonathan Richman; 1970s,265,75,48.414874,0,88.44039338910167,79.57949047935845,0.09947436309919806,0.3602017249123347,0.38412065716284727,The Smashing Pumpkins,You're All I've Got Tonight
TRRXHUS128F4289B89,SOZFAFS12A8C13DF99,ARFKNYS11F4C847490,Useless I.D.,It's Alright,Redemption,0,177.34485,0.498919094907,0.126734899223,punk,punk rock; melodic punk; pop punk; rock; punk,277,95,40.816663,0,84.746506860044,73.75872895756733,0.09219841119695917,0.3116302209203117,0.34054859023995326,The Smashing Pumpkins,You're All I've Got Tonight
TRDDDBI128F4266C96,SOJHJCN12A8C131668,ARMM6WZ1187FB4958D,Willie Nelson,There You Are,A Horse Called Music,1989,184.47628,0.735267754525,0.629128001261,country,country; latin; there you are; texmex; Laredo,168,76,25.573424,0,98.22366165143475,80.5446743924383,0.10068084299054787,0.2986073220138507,0.3415864999955494,Snow Patrol,Signal Fire
TRRSOKD128E0794DE3,SOOGHJJ12AF729FE1A,ARWD82K1187B98CFF2,Cracker,Forever,Forever,2002,253.43955,0.640574149168,0.454714841079,rock,alternative rock; rock; classic rock; Feel Good Music; repetitive,172,57,35.454196,0,102.74338124329441,88.50954026941861,0.11063692533677326,0.2975050799508507,0.32933202966418107,Snow Patrol,Signal Fire
TRXNDGR12903CF82E9,SOZFZHP12A5891D2A9,ARQCQFJ12086C15FC2,Watchout! Theres Ghosts,Remember Me_ Oh God_ For Good,Ghost Town,2009,412.49914,0.639374126338,0.441857036596,electronic,electronic; experimental; powerfag,223,87,34.394767,0,110.58063206548489,89.68492537834386,0.11210615672292983,0.2833771572517058,0.327584359367888,Snow Patrol,Signal Fire
TRWNSOH128F428C406,SOEYGIG12A8C141EA3,ARRPCW31187FB54502,The Flatliners,This Respirator,The Great Awake,2007,117.4722,0.691413300351,0.523857080363,reggae,ska; punk rock; ska punk; punk; ska-punk,245,122,29.782545,0,229.79699263494584,159.98924894745312,0.1999865611843164,0.2982027083957777,0.37628015898896555,Snow Patrol,The Lightning Strike
TRLNRAF128F428C40C,SODSVNI12A58A793D6,ARRPCW31187FB54502,The Flatliners,Mastering The World's Smallest Violin,The Great Awake,2007,195.23873,0.691413300351,0.523857080363,punk,punk; The Flatliners; angry; Love it; ska,184,108,21.517435,0,157.26690183879705,99.31267966241434,0.12414084957801792,0.2342630402295068,0.3245185941547025,Snow Patrol,The Lightning Strike
TRDUSIG12903CA5FCB,SOIWGDT12AB018A591,ARHDJIG1187B9AF524,Savatage,The Hourglass,Still The Orchestra Plays - Greatest Hits Volume 1 & 2,1997,486.97424,0.639999317102,0.507330127982,metal,Progressive metal; heavy metal; symphonic metal; savatage; metal,889,283,76.138033,0,379.21328618766285,162.30392817792605,0.20287991022240756,0.17017477605784276,0.3231135054865335,Snow Patrol,The Lightning Strike
TRNIHFO128F92E082B,SOAWWNO12AAF3B5084,ARUE3AK1187B9AC923,Neil Sedaka,That's When The Music Takes Me,The Show Goes On - The Very Best Of...,1987,191.29424,0.720842183166,0.444025681011,pop,Neil Sedaka; pop; oldies; 60s; music,267,65,47.759816,0,105.83279249598033,92.66630493591433,0.1158328811698929,0.3194762924141272,0.3490258060153254,Nirvana,Dumb
TRZUSDT128F4264391,SOENLCN12A8C131B1E,ARAEX7Y1187FB42D36,Toni Braxton,Snowflakes Of Love,Snowflakes,2001,276.79302,0.7379725284,0.555968803752,jazz,holiday; christmas; Winter Wonderland; Christmas tag; jazzysxmas,178,87,25.980762,0,81.99578733129795,69.3392068131474,0.08667400851643425,0.2953192809923812,0.33112767084481226,Nirvana,Dumb
TRPURWU12903CA4A31,SOVJUBY12A6701FE46,AR7WSQE1187FB4CF08,Aqua,Happy Boys & Girls,Greatest Hits,0,214.72608,0.77628911447,0.569596032766,pop,dance; pop; happy; 90s; bubblegum,477,81,88.028405,0,142.38900708251722,120.51991092101052,0.15064988865126316,0.28948874089006565,0.32478711829288587,Nirvana,Dumb
TRLVNQX128F42975E7,SOVCWIU12A8C13B8B1,ARH3TO11187FB39019,Rory Gallagher,Out On The Western Plain,Meeting With The G-Man,1975,238.31465,0.680883300105,0.524882717529,blues,blues; blues rock; guitar; irish; bluesrock,152,40,22.090722,0,86.02969334846348,82.56977253020189,0.10321221566275236,0.4189421792168617,0.4289492249151803,Nirvana,Something In The Way
TRAAHBS128F429F76A,SOWZYPQ12AAF3B1F3D,ARZJ4MI1187B9AF5AF,Reel Big Fish,I'm Cool,Everything Sucks,1997,103.26159,0.784143964796,0.553168863584,reggae,ska; ska punk; punk; Mellow; reggae,131,66,24.515301,0,126.41038002203388,119.4538354825401,0.14931729435317512,0.414478207417104,0.42753047382327286,Nirvana,Something In The Way
TRCCBDW128F92CD25E,SOBTJXA12A8C1434BF,ARGJ7R91187B9AF64A,T.Rex,London Boys,The T.Rex Wax Co. Singles A's & B's 1972-77,1976,142.23628,0.671282809598,0.520312854929,rock,rock; glam rock; 70s; classic rock; london,111,44,20.024984,0,86.94201648319262,83.1840397857511,0.10398004973218887,0.40786743892453275,0.4185292448046304,Nirvana,Something In The Way
TRFEZUB128F42729D9,SOGTMTM12AF729FA80,ARMXJIZ1187FB4D8A0,Bachman-Turner Overdrive,Can We All Come Together,BTO's Greatest,1977,350.24934,0.679839008892,0.457626317801,rock,rock; classic rock; soft rock; most loved; gute laune music,150,60,27.622455,0,83.12687652112517,71.11801780427861,0.08889752225534826,0.26773304655798624,0.2993210323684099,Switchfoot,Oh! Gravity.
TRXRHWV128F93089CB,SOLREFV12AB01826C8,ARTIGQM1187B98D1F2,Ray Davies,Next Door Neighbour,Other People's Lives,0,232.4371,0.646922725083,0.447858967256,hip hop,british ourthougraphy; rock; Baladas; Ray,279,131,34.0,0,127.13064468614266,101.61956509020987,0.12702445636276236,0.2547369768331918,0.2976949243976111,Switchfoot,Oh! Gravity.
TRUPZNC128F1465C56,SODITBF12A58A75A24,ARJ6OOG1187B9B8D1B,Deana Carter,Brand New Key,Everything's Gonna Be Alright,1998,198.32118,0.685498374385,0.412731428142,country,country; Deana Carter; female vocalist; female vocalists; romantic,325,91,67.749539,0,112.64945883494262,93.2080366409941,0.11651004580124262,0.256791074118565,0.2939884026738101,Switchfoot,Oh! Gravity.
TRNMYKI128F932ACEB,SOSOTJF12A8C133EF3,AR72OEM1187FB43E2A,Biz Markie,Albee Square Mall,Goin' Off,1988,283.14077,0.638593203241,0.425908142326,hip hop,Hip-Hop; rap; hip hop; old school; 1988,514,183,50.813384,0,141.10418033795278,90.73550066112652,0.11341937582640815,0.23767930809378804,0.3258205458310726,The White Stripes,Hotel Yorba
TRFUJVJ128F426F2A2,SOONCPO12AF72A1986,AR8W8P31187B9A4063,Lauryn Hill,Interlude 5,MTV Unplugged No. 2.0,2002,734.48444,0.697206464376,0.580125198887,r&b/soul,ms hill; the realness; The Truth; true; rnb,1903,409,215.044182,0,264.3781450692848,130.8485004807068,0.1635606256008835,0.19875756320790042,0.32448215281739695,The White Stripes,Hotel Yorba
TRXFHRD128F930527E,SOBDZGK12CF5702406,ARJRB241187FB556A3,Calvin Harris,Merrymaking At My Place,Happy New Year!,2007,249.52118,0.778318678384,0.532735422235,electronic,electronic; dance; electro; Disco; indie,187,41,36.496575,0,93.49944691438992,78.37187388324665,0.0979648423540583,0.287592600867469,0.32146837063344785,The White Stripes,Hotel Yorba
TRGBCZF128E079440F,SONYIZU12A6701FF04,AR4R7QA1187B9AF851,Cirque du Soleil,Aureus,Varekai,2004,76.85179,0.670113819539,0.543064025197,classical,Mellow; Classical; favorites; ethereal; Best of the best,61,35,10.0,0,50.60000172453428,46.547448218127485,0.058184310272659356,0.29272810600851307,0.3102906675389302,The White Stripes,Prickly Thorn_ But Sweetly Worn (Live)
TRTATPW128F428D14E,SOIQWMA12A8C137455,AREZWXB1187FB4958E,Brooks & Dunn,You're My Angel,If You See Her,1998,192.07791,0.755277473198,0.531263313596,country,country,102,47,21.563859,0,44.427445227638216,39.3297605790864,0.049162200723858,0.2419776589440413,0.2649470575356275,The White Stripes,Prickly Thorn_ But Sweetly Worn (Live)
TRIPIME128F934BC06,SOYRWYG12AB0185D86,AR60TJ61187FB426CC,Veronica Maggio,Gammal sång,Och vinnaren är...,2008,207.12444,0.623525953395,0.437307167757,pop,pop; soul; swedish; indie rock; 2008,128,40,11.789826,0,27.869754187922,26.316826073712345,0.03289603259214043,0.24842999595815413,0.25856912948032007,The White Stripes,Prickly Thorn_ But Sweetly Worn (Live)
TRBXSJT12903CC7DAA,SORNKEU12AB018B121,ARP5C7H1187FB36848,All-4-One,When I Needed an Angel,No Regrets,2009,224.60036,0.647662248292,0.489737398316,blues,rhythum and blues tag,307,97,44.42972,0,56.53697506436717,49.46658427129254,0.061833230339115676,0.3228694031288471,0.3500052399973628,The White Stripes,St. Andrew (This Battle Is In The Air)
TRHPZQI128F428204F,SOUCVRP12A8C1384AE,ARI9ZID1187FB53179,Andrew Lloyd Webber,Wandering Child,The Phantom of the Opera (Original Motion Picture Soundtrack) [Expanded Edition],2004,107.36281,0.735906022661,0.54012828901,classical,Soundtrack; Phantom of the Opera; musical; musicals; atsisiusti,260,117,31.559468,0,56.142830607619175,49.25038307862443,0.06156297884828054,0.2984662451974483,0.3249942827587003,The White Stripes,St. Andrew (This Battle Is In The Air)
TRTATPW128F428D14E,SOIQWMA12A8C137455,AREZWXB1187FB4958E,Brooks & Dunn,You're My Angel,If You See Her,1998,192.07791,0.755277473198,0.531263313596,country,country,102,47,21.563859,0,29.21799345076087,26.43226709435978,0.033040333867949724,0.2873799018716131,0.30818643838821613,The White Stripes,St. Andrew (This Battle Is In The Air)
TRTQOXV128E0786E3C,SOOTLLF12A670216A7,ARP061U1187FB4D572,Alphaville,20th Century,Afternoons In Utopia,1986,84.24444,0.697570290101,0.5124874994,pop,synthpop; synth pop; The Kosmos,95,65,11.135529,0,67.94429769244057,57.598553364288364,0.07199819170536045,0.2916782667868611,0.32690647470676215,The Decemberists,I Was Meant For the Stage
TROVKZW128F427CA18,SOZWTQN12A8C13EFBE,AR0IHVF1187B9A0E30,The Beautiful Mistake,Stavesail,Light A Match_ For I Deserve To Burn,2002,174.36689,0.610059002252,0.369850612163,punk,emo; screamo; post hardcore,69,30,13.416408,0,57.43173584282149,52.148793423751,0.06518599177968876,0.2934728019446509,0.31275264745318765,The Decemberists,I Was Meant For the Stage
TRVPMVK128EF34E085,SOPFXXX12A6D4F8710,AR6ENUY1187B994158,Sia,Lentil (Live),Lady Croissant,2007,251.53261,0.854081678581,0.492615362526,punk,female vocalists; chillout; female artists; emotional; live,316,101,54.990908,0,126.20644256665366,103.41698044252631,0.1292712255531579,0.2682449597890875,0.30880126872952374,The Decemberists,I Was Meant For the Stage
TRXGLHP128F92E5AFD,SOJXTGV12A8C1422EC,ARRTRPG1187B9B47BD,Disco,Enemmän,1999-2009,0,249.5473,0.776854999247,0.387267841515,pop,SuomiPop,37,22,3.741657,0,23.053561985912474,22.30120042673477,0.02787650053341846,0.285492689528034,0.2899222336297087,Cake,Alpha Beta Parking Lot
TRFLJNE12903CB44F1,SOBJBEU12AF729D526,ARS8GNX1187B9B5141,The Black Keys,When The Lights Go Out,Rubber Factory,2004,203.75465,0.835271500301,0.7417239014,blues,blues rock; blues; rock; alternative; indie,134,52,20.832667,0,64.48393448079406,56.1851456262525,0.07023143203281562,0.2598459801619859,0.28710156381688884,Cake,Alpha Beta Parking Lot
TRBFURZ128EF34C0B0,SOKZZCB12A6BD55BC9,ARP6Q6H1187B9A545A,Juha Tapio,Sitä jotakin,Kaunis ihminen,2006,220.55138,0.512345845912,0.437273894977,pop,SuomiPop; suomigospel,32,18,1.732051,0,11.526780992956237,11.093824014411357,0.013867280018014197,0.26006122460842895,0.2654071157477848,Cake,Alpha Beta Parking Lot
TRPZVBC128F14884AC,SOCURQT12A58A7D391,AR5OH2Z1187B9A46A9,Iggy Pop,Sixteen,Lust For Life,1977,145.34485,0.789018488522,0.573554543514,punk,punk; classic rock; rock; 70s; proto-punk,133,65,22.494444,0,78.48955262852745,65.61169675879299,0.08201462094849124,0.3026332083411853,0.34079641554594486,The Smashing Pumpkins,An Ode To No One
TRVZCTL128E078F0BE,SOMBDFC12A67FFB370,ARDVZTE1187FB5A0A1,Bon Jovi,Come Back,Bon Jovi,1984,237.7922,0.839297677568,0.776303263519,rock,rock; hard rock; classic rock; hair metal; My Songs,333,76,65.276336,0,95.63292051722624,75.7496208123532,0.0946870260154415,0.2875018874897427,0.33742427669425296,The Smashing Pumpkins,An Ode To No One
TRZNHJN128F4293FC2,SOVODWN12D02199268,ARJGIOD1187B9AE920,Kelly Clarkson,Anytime,Thankful,2003,245.75955,0.870239753381,0.644977455947,pop,pop; Kelly Clarkson; female vocalists; female vocalist; female,384,92,59.799666,0,99.41762812647248,75.66411335871375,0.09458014169839218,0.2697785967819236,0.3267809030579963,The Smashing Pumpkins,An Ode To No One
TRMTSMP128F92F621B,SOJUGCS12AB01856DD,ARLSC551187B99C55C,N-Dubz,Sex,Uncle B,2008,136.4371,0.650219484899,0.569460848691,hip hop,sex; Hip-Hop; n-dubz sex song; skins; rap,610,205,64.404969,0,210.00375227761825,136.93323569877876,0.17116654462347344,0.24118784330313695,0.32514909593966324,The Fray,Over My Head (Cable Car)
TRDSYNA128F92E839D,SOVSUEL12A58A78A3B,AR3I6YW1187B990DAA,Thursday,Beyond The Visible Spectrum,Common Existence,2009,239.01995,0.771685623,0.540151210513,punk,emo; alternative rock; favorites; i call them VIP; post-hardcore,185,85,29.171904,0,125.81678108580994,100.70640868045996,0.12588301085057496,0.2740523339290471,0.3199327680513827,The Fray,Over My Head (Cable Car)
TRBAKQW128F42662AA,SONQGKR12A8C133F46,ARFZP3N1187FB369EF,The Charlie Daniels Band,Sweetwater Texas,Saddle Tramp,1976,338.49424,0.671558674208,0.512394651096,country,country,243,126,26.134269,0,139.8316231817219,99.75270936320322,0.12469088670400402,0.25136299892759145,0.3197311966414818,The Fray,Over My Head (Cable Car)
TRKSSMT128E07948E7,SOBOHKS12A67AD72E3,ARK7U231187FB3B9B0,Billie Piper,Day And Night,The Very Best Of Billie Piper,2000,197.642,0.600578220261,0.350601894746,pop,pop; british; dance; guilty pleasure; catchy,352,72,59.211485,0,151.66351215693317,125.6544703066355,0.15706808788329438,0.29551499932087855,0.33586684608589795,Interpol,No I In Threesome
TRAMTEH128F930D496,SOKVEKX12CF530D5AF,ARAZCWP129462A97F1,Bob Marley & The Wailers,Baby We've Got A Date (Rock It Baby),Bob Marley,0,238.8371,0.845880195263,0.580973894601,reggae,reggae; Classic Roots Reggae; 70s; pop; jamaica,325,58,73.573093,0,167.66728499334394,144.30797889715913,0.18038497362144892,0.30403476625160214,0.33555657579203935,Interpol,No I In Threesome
TRAJQIF128F92CD28A,SOBZAVU12A8C141EA9,ARGJ7R91187B9AF64A,T.Rex,The Street And Babe Shadow,Tanx (Deluxe Edition),0,137.89995,0.671282809598,0.520312854929,rock,glam rock; classic rock; 70s; glam; rock,143,65,27.676705,0,112.23598233938566,99.01631293345446,0.12377039116681807,0.30935198328556246,0.3346984703563309,Interpol,No I In Threesome
TRAVHOD12903CFCDBC,SOARKPO12AC9618614,AR52C2Y1187FB3AC89,Junkie XL,Today,Mushroom,2005,467.43465,0.697363205818,0.484765578427,electronic,electronic; dance; big beat; electronica; chillout,133,63,21.142375,0,84.5730110472782,73.43946249736057,0.0917993281217007,0.2991716338918351,0.3295784382183358,Interpol,Pace Is The Trick
TRHSGWF128F92E4F0B,SODZACC12A58A7B0B7,ARSOYIY1187FB51520,Collie Buddz,Mamacita,Mamacita,2007,196.38812,0.744824326339,0.516916576758,reggae,dancehall; reggae; ragga; Collie Buddz; Collie Buddz  Mamacita,352,86,43.266615,0,136.41648554920948,116.1158296923088,0.145144787115386,0.28592148678460116,0.3198544655362284,Interpol,Pace Is The Trick
TRIWNZP128F4264D70,SOYACTL12A8C130183,ARO80D41187B9B8D8F,Jon B.,Love Don't Do,Bonafide,1995,404.76689,0.68683623629,0.453836455007,blues,slow; rhythm and blues; urban; Neo-Soul; slow jam,293,123,43.852024,0,91.6841319711285,70.38592336869773,0.08798240421087217,0.23874851888384357,0.2880837458523219,Interpol,Pace Is The Trick
TREPXPO128F42576D0,SOPVPNP12A8C136817,ARDE77P1187B992581,Puppetmastaz,Re-Evolute,Pet Sound,2003,315.21914,0.564255121517,0.402904906997,hip hop,hip hop; german; experimental; germany; allemand,83,51,10.392305,0,21.439027522433992,19.589588802206425,0.024486986002758032,0.24949885068583888,0.26676783768516676,Pink Floyd,Embryo
TRYLJVY128F4246873,SOIBAKH12A8AE47BF2,ARKXNT61187FB40A0E,General Surgery,Viva ! blunt force trauma,Left hand pathology,2006,62.09261,0.58228310888,0.357978356968,metal,grindcore; death metal; Swedish Metal; Brutal Death Metal; deathgrind,42,30,6.855655,0,9.486312071473325,8.981758270227495,0.01122719783778437,0.24618472945956268,0.2559140682024051,Pink Floyd,Embryo
TRLCWTH128F92C7F82,SOYTFRL12A8C143157,ARJT1PO1187FB52E7D,Marques Houston,Cancel (Album Version),Marques Houston,0,238.8371,0.740455341569,0.492729093193,r&b/soul,rnb; slowjamz; Hip-Hop; nikki; soulpower,525,112,118.680243,0,56.85558563186577,47.19901692651085,0.05899877115813856,0.21705342362011915,0.24843192478837733,Pink Floyd,Embryo
TRLVNQX128F42975E7,SOVCWIU12A8C13B8B1,ARH3TO11187FB39019,Rory Gallagher,Out On The Western Plain,Meeting With The G-Man,1975,238.31465,0.680883300105,0.524882717529,blues,blues; blues rock; guitar; irish; bluesrock,152,40,22.090722,0,131.0359800870114,122.09547824398219,0.15261934780497774,0.4499182025643748,0.46515414541999806,Buckcherry,Borderline
TRCCBDW128F92CD25E,SOBTJXA12A8C1434BF,ARGJ7R91187B9AF64A,T.Rex,London Boys,The T.Rex Wax Co. Singles A's & B's 1972-77,1976,142.23628,0.671282809598,0.520312854929,rock,rock; glam rock; 70s; classic rock; london,111,44,20.024984,0,132.65106960766394,122.94038564859636,0.15367548206074544,0.43779881687204636,0.454627475680727,Buckcherry,Borderline
TRVDLAQ128F14A2B19,SONVVYW12A58A7CECE,AR5E44Z1187B9A1D74,Dwight Yoakam,My Bucket's Got a Hole In It (2006 Remastered Live Version),Reprise Please Baby: The Warner Bros. Years  [Digital Version],0,252.73424,0.77537011576,0.514569362664,country,country; bakersfield sound,149,63,21.354157,0,122.43535831534192,110.11442181608199,0.13764302727010247,0.40004373490544715,0.4251838263537401,Buckcherry,Borderline
TRLDJAG128F42B5321,SOBONTU12A8C139B07,ARIW1U31187FB4C48E,Bad Boys Blue,Do What You Do,Tonite,2000,211.17342,0.601666213026,0.447905101252,pop,Disco; 80s; linedance; pop; line-dance,263,79,44.339599,0,76.39550194663957,62.68520226125649,0.07835650282657061,0.2856109147765998,0.32753588338044926,Nine Inch Nails,March Of The Pigs
TRPFDGQ128F428006B,SOEGTGZ12A8C137552,ARMBTFC1187FB56343,Korn,Let's Do This Now,Take A Look In The Mirror,2003,198.79138,0.829135422075,0.528709934432,metal,Nu Metal; Korn; metal; Nu-metal; alternative metal,344,91,55.910643,0,118.61668229137607,95.16377075397318,0.11895471344246648,0.27921065462839106,0.32561546217782694,Nine Inch Nails,March Of The Pigs
TRGOKCU128F92EF28C,SONJMKL12A8C143BCD,ARKCYJV1187FB392E9,Set Your Goals,like you to me,This Will Be The Death Of Us,2009,266.05669,0.823910087359,0.549749651587,punk,pop punk; hardcore punk; skate rock; more than love; hardcore 90,544,171,64.621978,0,138.5704572094769,95.73442255307197,0.11966802819133995,0.23408861133285874,0.3043279472224643,Nine Inch Nails,March Of The Pigs
TRWWUSA12903CF1CD2,SOKZOXU12A6D4F6DFA,ARK8OHG1187B99016A,Shadows Fall,A Fire In Babylon,The Art Of Balance,2002,450.66404,0.733433226583,0.455558796993,metal,thrash metal; metalcore; metal; death metal; heavy metal,246,84,29.427878,0,122.13997004802783,105.2826780503883,0.13160334756298536,0.3137979196807747,0.34660816841290354,Nine Inch Nails,Burn
TRWAMJL128F92D124B,SOUSJHY12A8C1457F0,ARQ85IK11C8A415C6A,Ladyhawke,Crazy World,Ladyhawke,2008,214.93506,0.692569111376,0.5544706188,electronic,electropop; indie; female vocalists; electronic; pop,340,58,74.229374,0,138.3176825390954,121.64679769329663,0.15205849711662078,0.30903973927016776,0.33680073039527303,Nine Inch Nails,Burn
TRWJNEC128E079654F,SOOCEKO12A67ADF6D9,ARU3C671187FB3F71B,Morcheeba,Part Of The Process,Parts Of The Process,1998,264.202,0.819087195638,0.533117124993,electronic,trip-hop; chillout; electronic; female vocalists; downtempo,263,72,49.668904,0,113.61203094862263,98.59591321910484,0.12324489152388106,0.30545292409285807,0.33621684335833607,Nine Inch Nails,Burn
TRPSYVF128F428A446,SOQAAVL12A8C13C158,ARP28RX1187B9AF6C4,The Offspring,Get It Right (Album Version),Ignition,1992,186.22649,0.807149662351,0.620850181007,punk,Love; punk; blues; swing; oldies,226,84,35.888717,0,89.47993937802887,71.185429705548,0.088981787131935,0.2996986669349969,0.34977862876956956,Nine Inch Nails,Something I Can Never Have
TRDPNYI12903D0517A,SOGJYOR12AB01866A6,ARMYAEZ12086C11AD9,Alexandra Burke,Overcome,Overcome,2009,233.37751,0.704062395244,0.501405492644,r&b/soul,rnb; soul; pop; female vocalists; british,392,96,67.977938,0,127.65621088380904,100.83922688041534,0.12604903360051917,0.29334529079442784,0.3444831792545253,Nine Inch Nails,Something I Can Never Have
TRKVLUS128EF345FD0,SOJDOSA12A67AD86C0,AR3VF281187B9B4451,Field Music,You're Not Supposed To,Write You Own History,2006,156.73424,0.66430016703,0.467144294858,r&b/soul,lastfm music video club; FunkPopARoll; sitrc: handclaps; ha ha Sunderland; probably couldnt live without it,111,40,27.766887,0,59.26839523999922,51.69331954302463,0.06461664942878079,0.3070148465023059,0.3347328997010867,Nine Inch Nails,Something I Can Never Have
TRVPMVK128EF34E085,SOPFXXX12A6D4F8710,AR6ENUY1187B994158,Sia,Lentil (Live),Lady Croissant,2007,251.53261,0.854081678581,0.492615362526,punk,female vocalists; chillout; female artists; emotional; live,316,101,54.990908,0,129.14637713372196,99.28682974290558,0.12410853717863198,0.28269249792361234,0.33851567562030105,Eagles,It's Your World Now
TRKWHZC128F1462476,SOBRRTP12A6D4F7960,AR74Q3R1187B9B24C3,Nightwish,Beauty And The Beast,Angels Fall First,1997,382.71955,0.801989215969,0.580345271378,metal,symphonic metal; metal; Gothic Metal; Power metal; Female fronted metal,217,118,21.863211,0,97.09391380140104,69.3124922258397,0.08664061528229963,0.2477363699290438,0.3156802658110083,Eagles,It's Your World Now
TRVJPQP128F426CE9C,SOAULBN12A8C133671,AR223M11187B9ADDD6,Marty Robbins,Ribbon Of Darkness,The Essential Marty Robbins  1951-1982,1989,154.20036,0.609896793189,0.479045990995,country,country; guitar; folk; 60s; oldies,161,86,21.023796,0,83.06855396967407,61.8056403001572,0.0772570503751965,0.2550023113096743,0.3148420177864743,Eagles,It's Your World Now
TRSYQHR128F428AC34,SOMGPTZ12A67AE1844,ARPK5X71187FB43B3E,Kero One,My Story,Windmills of the Soul,0,345.05098,0.591749075413,0.431344756008,jazz,Jazz Hop; jazzy hop; Hip-Hop; jazz rap; hip hop,628,287,54.81788,0,143.12832412367626,84.70701361584258,0.10588376701980323,0.20151399611244572,0.2957518155439217,Bob Dylan,Something There Is About You
TROXHLM128F4266510,SOMPUQO12A8C13A574,ARFB30B1187FB42AB9,Blues Traveler,Hook,Live at Lollapalooza 2006: Blues Traveler,1994,254.77179,0.782882968096,0.47363161033,blues,blues rock; rock; 90s; blues; harmonica,378,161,48.062459,0,84.57835461134026,54.97747477376869,0.06872184346721086,0.20489409883064982,0.28330288522469327,Bob Dylan,Something There Is About You
TRAZHNL12903CC1B6C,SOOYUHQ12A8AE47FAD,AR1W00P1187B9A3A3D,Mac Lethal,Rotten Apple Pie,11:11,0,223.45098,0.679273405444,0.454081153949,hip hop,Hip-Hop; underground hip-hop; downtempo; moody; american,461,213,47.191101,0,101.19175383334586,62.34146730489202,0.07792683413111502,0.1937278034048821,0.27931955230834976,Bob Dylan,Something There Is About You
TRTKXNY12903CB661C,SOMRXGA12AB01867E2,AREPYZO1187B9B9C2D,Gil Scott-Heron,Me And The Devil,Me And The Devil,2010,218.33098,0.674976018785,0.556550250998,blues,blues; spoken word; recommendations from rumble; trip hop; 2010,263,139,26.11513,0,106.7110478514559,76.52112852988743,0.0956514106623593,0.25431392934234665,0.32188410174789894,Hawk Nelson,From Underneath
TRNMHLT128F933D65F,SOWAEAT12AB0181B3B,AR4WX0Z1187B99FBB5,Buck-O-Nine,New Generation,Songs In The Key Of Bree,1994,165.92934,0.619571948882,0.372781562731,reggae,ska; skapunk; SKA Favorites,146,67,19.949937,0,70.31561185256898,56.93400709014873,0.07116750886268591,0.27312700706536597,0.31632612315311903,Hawk Nelson,From Underneath
TREKYIF128F4262226,SOETEXW12A8C139748,ARKP23F1187B9A26F9,The Slackers,Dave's Friend,Wasted Days,2001,294.89587,0.685315222699,0.429601122698,reggae,ska; reggae; pop; beautiful; chill,279,81,47.48684,0,90.78584489968505,71.40494425698026,0.08925618032122533,0.2656829207479006,0.31484645258685795,Hawk Nelson,From Underneath
TRSGMQI128F93583DA,SONFRYI12A8AE47BBE,ARK99K41187B9AEC53,Travis,Turn,The Man Who,0,264.22812,0.816179302264,0.550680401145,pop,britpop; rock; indie; alternative; pop,207,61,50.606324,0,138.70408897946726,115.90833412160087,0.14488541765200108,0.28838066980001614,0.326391571067924,Hawk Nelson,Turn It On
TRQQLZD128F425E9BC,SOYSABZ12A58A7CAE3,AR52EZT1187B9900BF,Alicia Keys,Tell You Something (Nana's Reprise),As I Am,2007,268.06812,0.93391610637,0.778673579184,r&b/soul,soul; Alicia Keys; rnb; female vocalists; pop,612,113,110.715853,0,230.1172762160297,177.591933665802,0.2219899170822525,0.2584077157411256,0.3108313792447693,Hawk Nelson,Turn It On
TRETQJL128F149199F,SODKNOX12AB018664E,ARUCTSE1187B98F1FC,Crystal Waters,100% Pure Love,The Best Of Crystal Waters,1994,278.67383,0.548927822402,0.455301936903,electronic,dance; 90s; House; female vocalists; crystal waters,322,90,47.947888,0,133.0837163392174,102.31375635945854,0.12789219544932318,0.23486962993633428,0.28530469565240846,Hawk Nelson,Turn It On
TRAZBSP128F147E924,SOGNVKM12A6D4F8CA5,AR7M4QL1187B9AE979,Ferry Corsten,On My Mind,L.E.F.,2006,287.60771,0.747838125892,0.510687057214,electronic,trance; electronic; vocal trance; downtempo; chillout,46,23,11.7047,0,57.29464355765299,51.984806885200356,0.06498100860650044,0.33763999094179,0.356688430480602,Hawk Nelson,Something On My Mind
TRBCRNY128F931D755,SOZHKRD12AB0185D84,ARKXXO11187FB4D9D9,Bad Cash Quartet,Valentine,Midnight Prayer,2003,175.62077,0.560999025308,0.39943013533,rock,indie; swedish; indie pop; indie rock; vocal,157,68,24.879711,0,96.74821591674309,79.44615863769968,0.0993076982971246,0.3084055047868876,0.3519111176959091,Hawk Nelson,Something On My Mind
TRFYBJS128F145F5FA,SOOEBXF12A58A78509,AR9BQRE1187B9953E2,Sammie,I Like It (Remix),From The Bottom To The Top,0,250.122,0.72545001948,0.455681268663,hip hop,sammie; Sammie-I Like It; hip hop; rnb; remix,481,102,92.91932,0,143.5894222446889,112.62785639747098,0.14078482049683871,0.2837544668110301,0.33546167128735876,Hawk Nelson,Something On My Mind
